[{"senderKeyId":1111276906,"senderChainKey":{"iteration":477,"seed":"ghC7TaNQHkqqjqydn7fsyJ6DMjHnFpYkF38JWs4xG7g="},"senderSigningKey":{"public":"BXx+MwRQ26enPzj3x3wvFKGkhAp2ghUqUsih1Pjrnx9B"},"senderMessageKeys":[{"iteration":451,"seed":"gBh/XgQN5xvAkTC5RXCiyFvxcrzRTUODUcuxembuPds="},{"iteration":452,"seed":"KvkwVgiQ7fkD2AwtI+Bizqo6cBWg0I/QYIjEKBIEKyY="},{"iteration":453,"seed":"k05hJlkGlOimQ30YEcLKltA2m4th9LYI2fmlmg5Nfvk="},{"iteration":454,"seed":"dASb2GP/i1tdLPI+PkPMfUICY4uOFblHjMwQdrURfN8="},{"iteration":455,"seed":"KSiMnO0XytReJ9tqZplfymhihS1TpBWUX2TJC8t0oY8="},{"iteration":456,"seed":"XSSxSJwpuzGtZ7xsOsvZU501Q/e254V30v0DY7zOYI0="},{"iteration":457,"seed":"+HpG5hmcwlf9rUIr/IXrSRVzUGuGE6ctlKhiHgAk0oo="},{"iteration":458,"seed":"RFpG1cUVFCEKuQZ817hqnR6WXGVq+iNyPB4b2Nw5pDs="},{"iteration":459,"seed":"wYthrJEIxAyp2sVLYrdA9Oajcu6yiPiyp6XJeqUpuHc="},{"iteration":460,"seed":"x4GCArYLtcHFefSoKPBUC8EcdnO34XcvNAp73Gz6wGc="},{"iteration":461,"seed":"XYA+jVoFxY6rpR7K4m4R4FrTjWGLoaR44J5yJHxLe88="},{"iteration":462,"seed":"xr2+9ZCaUBVSmucUpNnIpdQVAu70EsjaWK62NL8WpFA="},{"iteration":463,"seed":"TAN92M9mCAnqD1wJ+FU6yDn4LSJAfs9BN2Dde1+uSFo="},{"iteration":464,"seed":"HQ5YlSDU0PZyZcWosfUAUAbu9EeU0DUxitdB7l+H7aM="},{"iteration":465,"seed":"iwwe+QfNxDRD7++tgOHWkOb8tm/Gqhton/CyhdMQ1Yo="},{"iteration":466,"seed":"4+lf8LxhkS3mOFfSGbuqbB3tEm0SfSsCfj3k80TYbV4="},{"iteration":467,"seed":"cnFyiUKsbV+Nk0jFhW8ypf+uUduy4d/GBWCyjK2QIzM="},{"iteration":469,"seed":"NobbqGpuDRZqKn19BTa4DKtPUrf9+egHTB0L0o7/OUs="},{"iteration":470,"seed":"VPucH7iZTxVe2zfIMi6zxN8DNYsdeuEXJLFCjtZppFM="},{"iteration":471,"seed":"/t6mcpvxebeqw8I0XoNpgWLKLoCt8FhBdBeGrVsbf9Y="},{"iteration":472,"seed":"oJjW7KW1EuE4mSUR7+SJ1ief9AG2orTDssf+8Ii0CPk="},{"iteration":473,"seed":"bZrq1PR8yJKLf2B/NAQMzr0n8hRWCK92YYUy0S7b5tQ="},{"iteration":475,"seed":"XPaCOVfbRnfEZnWsR8phMKvjLyEf2xQVkJTs5B6scuA="}]},{"senderKeyId":1111276906,"senderChainKey":{"iteration":455,"seed":"/WpRBvI9vmMnyg+gqPSw4C6MN35vv2ofDmMlsN+3D4c="},"senderSigningKey":{"public":"BXx+MwRQ26enPzj3x3wvFKGkhAp2ghUqUsih1Pjrnx9B"}},{"senderKeyId":1111276906,"senderChainKey":{"iteration":457,"seed":"Y9pgDmHBFszhTKVwbIx6MXoAlnFyGBjQl/V3Vzl+iD8="},"senderSigningKey":{"public":"BXx+MwRQ26enPzj3x3wvFKGkhAp2ghUqUsih1Pjrnx9B"}},{"senderKeyId":1111276906,"senderChainKey":{"iteration":465,"seed":"EN3hSfwrdTF+R1mKg9lkKHDrelJ6v9m6/9V9KOcGOSE="},"senderSigningKey":{"public":"BXx+MwRQ26enPzj3x3wvFKGkhAp2ghUqUsih1Pjrnx9B"}},{"senderKeyId":1111276906,"senderChainKey":{"iteration":467,"seed":"iT5WFQghV9CJ7tYrObtOZsCj1LowA4BJ5lryi4IvOto="},"senderSigningKey":{"public":"BXx+MwRQ26enPzj3x3wvFKGkhAp2ghUqUsih1Pjrnx9B"}}]