[{"senderKeyId":1434918334,"senderChainKey":{"iteration":1,"seed":"X8Btzj5EgGYF3GEiLe7mEjRpqX1HAj5IA0Q7Vb4vWXk="},"senderSigningKey":{"public":"BSvbhNFTfl9x3Qv9Qi0uqB9uAeOOuVaJ3q4U7rGTbmgF"},"senderMessageKeys":[]},{"senderKeyId":710677346,"senderChainKey":{"iteration":3,"seed":"LtDT9R7MEA8sSQ0bDlaqza9+wm366X9+20RTPv7dNgE="},"senderSigningKey":{"public":"BQimXKLkorV/ywM+5YWGWHgLobmRdA2T3fkW+g7bXIFL"},"senderMessageKeys":[]},{"senderKeyId":710677346,"senderChainKey":{"iteration":2,"seed":"GxiEVewsmYxq7dgmF8VUkqdhTYalMqkbOXtzPoWHyLM="},"senderSigningKey":{"public":"BQimXKLkorV/ywM+5YWGWHgLobmRdA2T3fkW+g7bXIFL"}}]