[{"senderKeyId":571754601,"senderChainKey":{"iteration":367,"seed":"7r9mR0e1TW9meXmmTN8r05NtVpRKM6SvAgR6VCKRX58="},"senderSigningKey":{"public":"Bcxf1Oa8C9AejjgCQuP2gFXpo57x5ao26W+2pMFXJ7U6"},"senderMessageKeys":[{"iteration":351,"seed":"PFzZ4xNOdO5rAKTyZvia6e41kDVEBGtI9ZJ0IUQEss8="},{"iteration":353,"seed":"Xi/P3HZDvzJhMA4zxfrINZzsge5VmfAqUWhF1SxDrQM="},{"iteration":354,"seed":"N3Oe4xTzSeaISf2PQA5hwRoTPv8NQ07Typ0RkdZ/Bag="},{"iteration":355,"seed":"4ucrU3xMvq60xGYeZ0DHe45zWhe5ISqlZ8FGe2Qg9TE="},{"iteration":357,"seed":"ceN7QR7KVPa+Oz3LBlbTxrsIfVQTQhByPitDuyzpVU8="},{"iteration":358,"seed":"ZfEGpzC2xN9GnFFqO30UzWYLl3n4g7scSjNC+jAS8Fk="},{"iteration":359,"seed":"WlT36vGcdmSElZwy0U/XKHiZoLJ0wKRJQpC7dGYQ6xs="},{"iteration":361,"seed":"1EXEg3O6JUPythmU2+NST4nyOihd8tO7+Ab99o4dC+Q="},{"iteration":363,"seed":"620B9b9ge3Uxoy/OaM1ezuv0x4BWtGiOCgqHczQpL6E="},{"iteration":364,"seed":"Q4NztSluqFkOC280kDoJUp2auCPNFlOx2MMujaVLjCU="},{"iteration":365,"seed":"38534xO/rXWUp8npm2MpbiXrK6+PkDjCBTD0tJ03Hds="}]},{"senderKeyId":571754601,"senderChainKey":{"iteration":355,"seed":"IcrT3wt7WEWomWHHTaUuqlqR5ecuss/fo6OKMw9aCvo="},"senderSigningKey":{"public":"Bcxf1Oa8C9AejjgCQuP2gFXpo57x5ao26W+2pMFXJ7U6"}},{"senderKeyId":571754601,"senderChainKey":{"iteration":365,"seed":"/WP/eT9//iZkGrhXYiQZxP4eg4HnGtLJpDTOwx5ig6c="},"senderSigningKey":{"public":"Bcxf1Oa8C9AejjgCQuP2gFXpo57x5ao26W+2pMFXJ7U6"}}]