[{"senderKeyId":1592014864,"senderChainKey":{"iteration":9,"seed":"4ojtFA0agFj9VwrBWmRPrh+K8euDRxPEpuGutgGfxJc="},"senderSigningKey":{"public":"BYdngh6Ads0szF6Qka83n0QUJTJl006RWtKS0H0gSAdA"},"senderMessageKeys":[]},{"senderKeyId":1592014864,"senderChainKey":{"iteration":9,"seed":"4ojtFA0agFj9VwrBWmRPrh+K8euDRxPEpuGutgGfxJc="},"senderSigningKey":{"public":"BYdngh6Ads0szF6Qka83n0QUJTJl006RWtKS0H0gSAdA"},"senderMessageKeys":[]},{"senderKeyId":1592014864,"senderChainKey":{"iteration":9,"seed":"4ojtFA0agFj9VwrBWmRPrh+K8euDRxPEpuGutgGfxJc="},"senderSigningKey":{"public":"BYdngh6Ads0szF6Qka83n0QUJTJl006RWtKS0H0gSAdA"}}]