{"_sessions":{"BUM9GiRk7rKukLhH/a/LLEclupkqk9n9RkTQMWRKnYpe":{"registrationId":2084693026,"currentRatchet":{"ephemeralKeyPair":{"pubKey":"BQM7soYYV6tY3FSJrLOkB4altBUWt9N1GqUL8PCR7tUE","privKey":"eOo5Do2PCGHdx9L7UwujqKHzSNPSbGQUKARQH7/W71g="},"lastRemoteEphemeralKey":"BS1u5n/ruPu7NpYfekx0v3ubU021cijvbjEKv2Asb2Zd","previousCounter":0,"rootKey":"ThDTYexNTQpSlWmhnGryGOBRInh1br9zkb4pr0TGgYo="},"indexInfo":{"baseKey":"BUM9GiRk7rKukLhH/a/LLEclupkqk9n9RkTQMWRKnYpe","baseKeyType":1,"closed":-1,"used":1735190126630,"created":1735190126630,"remoteIdentityKey":"BYNyfUfbXll4LolPeLw9fApGSG8rVZO9Pnms3qPATiAH"},"_chains":{"BQM7soYYV6tY3FSJrLOkB4altBUWt9N1GqUL8PCR7tUE":{"chainKey":{"counter":5,"key":"s4FR10z6STeQm680CeSmSINR0lTnPMiu7iUCrzLZvL4="},"chainType":1,"messageKeys":{}}},"pendingPreKey":{"signedKeyId":0,"baseKey":"BUM9GiRk7rKukLhH/a/LLEclupkqk9n9RkTQMWRKnYpe"}}},"version":"v1"}