{"_sessions":{"BZqyE8oc7d8m76+BTktcSivpMt1zcnM9pAemkoM74bRq":{"registrationId":1062295609,"currentRatchet":{"ephemeralKeyPair":{"pubKey":"Be9Q4tQ0z7YEnrN7MzWj5v39dxBRQ4HmjFXf4yWd5iYd","privKey":"GFWZ1bC6+9SzwKXjFThYECCvKsLHVBbErEI0IWhZnWA="},"lastRemoteEphemeralKey":"BcFsEDueRWCwLTqip+UzggBQ/IMBQwZVteGEMCigq0UQ","previousCounter":0,"rootKey":"iL/yU4d/LGfeJ8glKM24CbYpOlSv98USvFa0MVfi7nA="},"indexInfo":{"baseKey":"BZqyE8oc7d8m76+BTktcSivpMt1zcnM9pAemkoM74bRq","baseKeyType":1,"closed":-1,"used":1735192834829,"created":1735192834829,"remoteIdentityKey":"BWDSJVfFTlQ+QXGNSyBE6mHhibWrp8xNxkzYEQ1zkEBx"},"_chains":{"Be9Q4tQ0z7YEnrN7MzWj5v39dxBRQ4HmjFXf4yWd5iYd":{"chainKey":{"counter":1,"key":"4kEPW/bspN+6fhJWLBaeIkONxDLsC0JWDgiMGw+NBBw="},"chainType":1,"messageKeys":{}}},"pendingPreKey":{"signedKeyId":0,"baseKey":"BZqyE8oc7d8m76+BTktcSivpMt1zcnM9pAemkoM74bRq","preKeyId":2097651}}},"version":"v1"}