{"_sessions":{"BVgQ0/1Zlv+xR6M4iILJN1UJWei/WnjhCf0XSRXfjxIH":{"registrationId":11,"currentRatchet":{"ephemeralKeyPair":{"pubKey":"BcQTGaznCAbMQqTmV4SRGqP1+U5f4wKfgScNzWsl1Es5","privKey":"yJFfytyIEsGJNWkUZTGoa2r/5GwiDhk13BWHdG0k6mg="},"lastRemoteEphemeralKey":"BZ/8JKoVWJq/Kd7qZeQefzdsAv53oVuA7RdDzRbb/hV0","previousCounter":0,"rootKey":"NhVP+QUuHqG54LX+7joCen3xbhRtvCD7i6xYVTzz5a8="},"indexInfo":{"baseKey":"BVgQ0/1Zlv+xR6M4iILJN1UJWei/WnjhCf0XSRXfjxIH","baseKeyType":1,"closed":-1,"used":1735190207424,"created":1735190207424,"remoteIdentityKey":"BaJcDBHwYicLYyB1yvl7SCMdQwVJgLmIRqGfZQxi965L"},"_chains":{"BcQTGaznCAbMQqTmV4SRGqP1+U5f4wKfgScNzWsl1Es5":{"chainKey":{"counter":1,"key":"B6OQN1OkTAYsPi1kzJV+mH8InLY+yB/9BWz0GgpKm6Y="},"chainType":1,"messageKeys":{}}},"pendingPreKey":{"signedKeyId":1,"baseKey":"BVgQ0/1Zlv+xR6M4iILJN1UJWei/WnjhCf0XSRXfjxIH"}}},"version":"v1"}