{"_sessions":{"BcID/KsFmtDv9+CV6sgtYUwJxNw0+5pjIyj5ZuxSHHtl":{"registrationId":625678409,"currentRatchet":{"ephemeralKeyPair":{"pubKey":"BTn0PxeBKXYonQOeaSN3z/ODuLtzNi7e9BwHfJQGqUZ+","privKey":"8EptJLI0nSQHKmDU5tg9I3UreFGSE+ski8WRKCEk6Go="},"lastRemoteEphemeralKey":"BQCSUR0EvY1QhCkQDauNymCAVwtdhdsP1z3JaCuxnBtm","previousCounter":0,"rootKey":"0n3diGAtUm4eK+nH5JguMhiACwS7E+dFuhCrjTJ5eBI="},"indexInfo":{"baseKey":"BcID/KsFmtDv9+CV6sgtYUwJxNw0+5pjIyj5ZuxSHHtl","baseKeyType":1,"closed":-1,"used":1735230306728,"created":1735230306728,"remoteIdentityKey":"BWQjXnNCytMPqac9jMQ7c4SL2GoxgJYcQPu2x5Lj7gNg"},"_chains":{"BTn0PxeBKXYonQOeaSN3z/ODuLtzNi7e9BwHfJQGqUZ+":{"chainKey":{"counter":0,"key":"Kzq5CSJTdxpXNuXziWVKsYGz3nhnNCD/5iDEFcHobxg="},"chainType":1,"messageKeys":{}}},"pendingPreKey":{"signedKeyId":5,"baseKey":"BcID/KsFmtDv9+CV6sgtYUwJxNw0+5pjIyj5ZuxSHHtl","preKeyId":7367474}}},"version":"v1"}