{"_sessions":{"BblQ6egLxSBO/pDYSerLNK+LX85rfKC+CGk+sTi9Cg53":{"registrationId":1929996621,"currentRatchet":{"ephemeralKeyPair":{"pubKey":"BV2bDb5DApbrLHC0iqEhMY7jmWXWzopihZNdWHgXVkFD","privKey":"CFE4rZj9bQkZdjugAy4uUjIKULnPB7z5DTLI4eenUF8="},"lastRemoteEphemeralKey":"BSWNKwb+EsaXzF5G9saWQmJm/x+An1Ak8sVQhXwzEsI3","previousCounter":0,"rootKey":"SK0+0ui/uSnD4aQR8AoCgtAEF4xtbxsCUJH6tMMSn1g="},"indexInfo":{"baseKey":"BblQ6egLxSBO/pDYSerLNK+LX85rfKC+CGk+sTi9Cg53","baseKeyType":1,"closed":-1,"used":1735190220541,"created":1735190220541,"remoteIdentityKey":"BRGfSChnN/FwSnEUe9WEiqt+6Xw/YeLkn2qZ1ImeuFF/"},"_chains":{"BV2bDb5DApbrLHC0iqEhMY7jmWXWzopihZNdWHgXVkFD":{"chainKey":{"counter":1,"key":"GZ8xd8Tr7HF4zecFmu5bJReOfID4WMBC8DYOttRZnWg="},"chainType":1,"messageKeys":{}}},"pendingPreKey":{"signedKeyId":0,"baseKey":"BblQ6egLxSBO/pDYSerLNK+LX85rfKC+CGk+sTi9Cg53","preKeyId":7838300}}},"version":"v1"}