{"_sessions":{"Bb0BVjIia/wZltObdOPepYFTiM8GTl0+0HBbwXofIa5G":{"registrationId":1379559092,"currentRatchet":{"ephemeralKeyPair":{"pubKey":"BQ02Mjc5qmw5MBieoQsN+TyNXbACp9RGJRi/jP2/Jyw/","privKey":"WG75l0CHqYtDo5YAv/FAZVGOqrVxc16fFjRUll9Q9EA="},"lastRemoteEphemeralKey":"BW9qvQI5aNJ72w3t5XaLlSfvqJJxk0dRiV1+ZccGT19L","previousCounter":0,"rootKey":"7wxLCxsgpvhQnrv5nn6saF2DOinbZsFjRYDajVN9h6Q="},"indexInfo":{"baseKey":"Bb0BVjIia/wZltObdOPepYFTiM8GTl0+0HBbwXofIa5G","baseKeyType":1,"closed":1735185642267,"used":1735185638844,"created":1735185638844,"remoteIdentityKey":"BQ/gIb1kGF9rYImki9X+G0czrUm8jRlOUX52RYPbZ8d/"},"_chains":{"BQ02Mjc5qmw5MBieoQsN+TyNXbACp9RGJRi/jP2/Jyw/":{"chainKey":{"counter":-1,"key":"krQXMUM4k6ihRuhUpYCNnEgGmnCWpLlnos26jsmkwc0="},"chainType":1,"messageKeys":{}}},"pendingPreKey":{"signedKeyId":1,"baseKey":"Bb0BVjIia/wZltObdOPepYFTiM8GTl0+0HBbwXofIa5G","preKeyId":11197738}},"BQDFmzB6uqmgjt3CX1D/+VIbsC9FAMhTB55ShGGfAB45":{"registrationId":1379559092,"currentRatchet":{"ephemeralKeyPair":{"pubKey":"BWDA8uc9euYiCTZbasmwFKtmt9AykD/SijQGa5HHITol","privKey":"mIhIZhKh3lb8ufePwpGduXsewPwQVQmW6pdErgW9Ung="},"lastRemoteEphemeralKey":"BW9qvQI5aNJ72w3t5XaLlSfvqJJxk0dRiV1+ZccGT19L","previousCounter":0,"rootKey":"7TGQm7lsioO3N5607aVK8nWkjaNxx3I6VYjN/LdqiLo="},"indexInfo":{"baseKey":"BQDFmzB6uqmgjt3CX1D/+VIbsC9FAMhTB55ShGGfAB45","baseKeyType":1,"closed":-1,"used":1735185642264,"created":1735185642264,"remoteIdentityKey":"BQ/gIb1kGF9rYImki9X+G0czrUm8jRlOUX52RYPbZ8d/"},"_chains":{"BWDA8uc9euYiCTZbasmwFKtmt9AykD/SijQGa5HHITol":{"chainKey":{"counter":1,"key":"YZGNMPuzCg3b4QJEb8cTLLO3+KxS0VOARlvw2qbSiIk="},"chainType":1,"messageKeys":{}}},"pendingPreKey":{"signedKeyId":1,"baseKey":"BQDFmzB6uqmgjt3CX1D/+VIbsC9FAMhTB55ShGGfAB45","preKeyId":11197134}}},"version":"v1"}