{"_sessions":{"BaXfHUer1XYG7+AcQDnh0GnO15U3i/X4Yx+gEF3sFaEO":{"registrationId":1203893928,"currentRatchet":{"ephemeralKeyPair":{"pubKey":"BQFJ723B5aX+CEnXwkko89t7Wg+2G9qRmzGadTaIjyxG","privKey":"aKFdSCWdj2bGP6zPnP2ENkozI4A5lMqSmn6wyMuQ+3Q="},"lastRemoteEphemeralKey":"BUHk/089cPisgKKzOwE1Ix7JPQcPTV8WPv4cEXFXagsE","previousCounter":0,"rootKey":"q7jFn25VGTlCjlll1ymeuyZviyS/GgmxqeVOtGrfuEM="},"indexInfo":{"baseKey":"BaXfHUer1XYG7+AcQDnh0GnO15U3i/X4Yx+gEF3sFaEO","baseKeyType":1,"closed":-1,"used":1735216661260,"created":1735216661260,"remoteIdentityKey":"BY2iRXgf5dUrN2lqCEaotWgoytLJwauQ96C28Vl90FwM"},"_chains":{"BQFJ723B5aX+CEnXwkko89t7Wg+2G9qRmzGadTaIjyxG":{"chainKey":{"counter":0,"key":"Uf5+xI4ptAUQ7UQUVGPu6N2EcsFfbca3fbT95044kVs="},"chainType":1,"messageKeys":{}}},"pendingPreKey":{"signedKeyId":6,"baseKey":"BaXfHUer1XYG7+AcQDnh0GnO15U3i/X4Yx+gEF3sFaEO"}}},"version":"v1"}