{"_sessions":{"BV7wQs+/D7MyP2IIzNtWrKKMNTMtWqnWfDMrn99JWmlR":{"registrationId":169,"currentRatchet":{"ephemeralKeyPair":{"pubKey":"BZb/ochAdoSTzxwFSZM8dZJoSh4tZVbrx0rr05pTY3gX","privKey":"KIPPiklbuQnc9UahdfMFGfSvDESNtl9cKIspLIhptXU="},"lastRemoteEphemeralKey":"BSZympNQZj66r0+AklOhHJkuJxtowSU9YvFrgrKn6rkn","previousCounter":0,"rootKey":"Oz7FNLkX+2KTYz7VQSnfnXSGK5mlWPDZ3JyJ+IjXYlU="},"indexInfo":{"baseKey":"BV7wQs+/D7MyP2IIzNtWrKKMNTMtWqnWfDMrn99JWmlR","baseKeyType":1,"closed":-1,"used":1735192802929,"created":1735192802929,"remoteIdentityKey":"BTWT4ZyIrDr4MYit0M1gs+njYzTsvWQJRqiWbZRJ5hB2"},"_chains":{"BZb/ochAdoSTzxwFSZM8dZJoSh4tZVbrx0rr05pTY3gX":{"chainKey":{"counter":0,"key":"F3Bt2MhLQzrc3zqznBhxSfbnzDEKbBGIEMKSDbMQd+E="},"chainType":1,"messageKeys":{}}},"pendingPreKey":{"signedKeyId":1,"baseKey":"BV7wQs+/D7MyP2IIzNtWrKKMNTMtWqnWfDMrn99JWmlR"}}},"version":"v1"}