{"_sessions":{"BY8FLKXi0s5CynRlAvvGfR81oHz9oPohlEF8ctQ+F/UN":{"registrationId":25,"currentRatchet":{"ephemeralKeyPair":{"pubKey":"BeGCWEViRcrWiC5rdh5LECPZuIQuLJl7YkSN7Mc0/yJx","privKey":"KN/w91khABtuLCqTYaAmYvWueK7+Pez/S/Y/ljGS7EE="},"lastRemoteEphemeralKey":"Bd8tY5ZHhgY/bFByq/3WA1Q+5axXUnFE9/2vrRwDGZJN","previousCounter":0,"rootKey":"3LxF5lNhwZOwzz3csOGY35eXcOPwi7k7OKKv73ENNRo="},"indexInfo":{"baseKey":"BY8FLKXi0s5CynRlAvvGfR81oHz9oPohlEF8ctQ+F/UN","baseKeyType":1,"closed":-1,"used":1735123636682,"created":1735123636682,"remoteIdentityKey":"BVUZwzt5YF4idD5G5gZ7e7zDqAO4qzt19jnVCjIV568A"},"_chains":{"BeGCWEViRcrWiC5rdh5LECPZuIQuLJl7YkSN7Mc0/yJx":{"chainKey":{"counter":1,"key":"FDgpCtX+S5e9nsRQ5fneexMr5LtZzxh1Mmy6qXzvsdo="},"chainType":1,"messageKeys":{}}},"pendingPreKey":{"signedKeyId":1,"baseKey":"BY8FLKXi0s5CynRlAvvGfR81oHz9oPohlEF8ctQ+F/UN"}}},"version":"v1"}