{"_sessions":{"Bbys4bCHAJuHmYohBjy7eJfjVhO20dY6bF4RWGI867oM":{"registrationId":1623521796,"currentRatchet":{"ephemeralKeyPair":{"pubKey":"BYNEiOOiJJ+cg+K0B8JqhLbHVXlxOyCjmlM0bgnkPH1F","privKey":"0ORyX1AXIusJbp43zStTyvG0+haqdNe6jVIcdAeuL1c="},"lastRemoteEphemeralKey":"BYCBGcJVJejahkr1iTt/svRpB7b7Ql+uWiZiq7qU/Olb","previousCounter":0,"rootKey":"pq9UpmjOUtKg5e83MYfgUVogZUQlGNf4DCko7FvbJpQ="},"indexInfo":{"baseKey":"Bbys4bCHAJuHmYohBjy7eJfjVhO20dY6bF4RWGI867oM","baseKeyType":1,"closed":-1,"used":1735230333600,"created":1735230333600,"remoteIdentityKey":"BYHECYt1+Ks0vG72mYHfP+yxMfUKIKYxx0azF5IDfT04"},"_chains":{"BYNEiOOiJJ+cg+K0B8JqhLbHVXlxOyCjmlM0bgnkPH1F":{"chainKey":{"counter":0,"key":"BRedY3Hnq1qHAp6UK5Oxy3sUjziqUiitRif/DgK6QkY="},"chainType":1,"messageKeys":{}}},"pendingPreKey":{"signedKeyId":1,"baseKey":"Bbys4bCHAJuHmYohBjy7eJfjVhO20dY6bF4RWGI867oM"}}},"version":"v1"}