{"_sessions":{"BS1twnqDh4WdUJGASWH4wH4Y1ZZ5v/Zv1uiEkv5wjTxS":{"registrationId":190,"currentRatchet":{"ephemeralKeyPair":{"pubKey":"BZJP8Iww+xSKYFFeq/hCHFEe0B1Pxfq50UBLemb23KBI","privKey":"KJ10YJTZi70cALOhT4bJC40nkhkKy19z1ZE9k/xL+F4="},"lastRemoteEphemeralKey":"BaGXN/folJ5dGlCW3MTsepuARkgN664ErbdnR4x5PWIg","previousCounter":0,"rootKey":"sUNwkaZBH8MJ7fsVdRvkNw6PwlrcmzTNhlkTQ6vbCrc="},"indexInfo":{"baseKey":"BS1twnqDh4WdUJGASWH4wH4Y1ZZ5v/Zv1uiEkv5wjTxS","baseKeyType":1,"closed":-1,"used":1735219036581,"created":1735219036581,"remoteIdentityKey":"BV6QPY/vfY4as6SpTNkdriIDV/GboOIOm+7tTBlCaFp0"},"_chains":{"BZJP8Iww+xSKYFFeq/hCHFEe0B1Pxfq50UBLemb23KBI":{"chainKey":{"counter":0,"key":"C+uY5jUevabT6HCe84RyJzL/ogtftFXPItPzSFDAGDU="},"chainType":1,"messageKeys":{}}},"pendingPreKey":{"signedKeyId":1,"baseKey":"BS1twnqDh4WdUJGASWH4wH4Y1ZZ5v/Zv1uiEkv5wjTxS"}}},"version":"v1"}