{"_sessions":{"BRbYOTyEKWwq8vRezP3IQ9bJpie6UQn9pyWK0tTwdtdp":{"registrationId":1766254262,"currentRatchet":{"ephemeralKeyPair":{"pubKey":"BRmqtphwiNdck/yHSEu1a+SS8IQ8n5SRSSJSGWGAPAYl","privKey":"UDAFAZFGwzrp6sFtonaVNb629FFyGAGhemccv9LhdWE="},"lastRemoteEphemeralKey":"Bd+2uBs69TElzONXxCEnyY7qwqxY1LIIWx3eRxp+j3Q4","previousCounter":0,"rootKey":"iFJG/wCKItyG4VQrB+Kjnv8yRjJWhsKFvd+6p5VvjGQ="},"indexInfo":{"baseKey":"BRbYOTyEKWwq8vRezP3IQ9bJpie6UQn9pyWK0tTwdtdp","baseKeyType":1,"closed":-1,"used":1735141697603,"created":1735141697603,"remoteIdentityKey":"BcLAfjZjpxMXixRGpDrn70Zu0F2Hu/tNWHvekJmFhclT"},"_chains":{"BRmqtphwiNdck/yHSEu1a+SS8IQ8n5SRSSJSGWGAPAYl":{"chainKey":{"counter":0,"key":"57nW9nB1lZE38GuXWhaEk9VX5B5kkWrWFb1Vi7CYoRI="},"chainType":1,"messageKeys":{}}},"pendingPreKey":{"signedKeyId":0,"baseKey":"BRbYOTyEKWwq8vRezP3IQ9bJpie6UQn9pyWK0tTwdtdp","preKeyId":3914941}}},"version":"v1"}