{"_sessions":{"BVeh9Cga08VV8S8MysEcie7zVM1xvbC0QPMbNj05XqVQ":{"registrationId":136,"currentRatchet":{"ephemeralKeyPair":{"pubKey":"BTrvdDAGyCyulThwU/cVLOrQWR5NEA9uRKCUIsxEWSl4","privKey":"4GPIQu6M08Gm9Hxy2RFMV2nZTwx9T7CizRIrLbPRGks="},"lastRemoteEphemeralKey":"BfAPOZtUmnI5LVCZtr9k2hOaZmxBR23u3Jh9CxAu3WoX","previousCounter":0,"rootKey":"2liX4QDHtww7HBjOeViekYfB5Ye76HcF1W0oL+K8gW0="},"indexInfo":{"baseKey":"BVeh9Cga08VV8S8MysEcie7zVM1xvbC0QPMbNj05XqVQ","baseKeyType":1,"closed":-1,"used":1735141692441,"created":1735141692441,"remoteIdentityKey":"BVgSJA/ZF28uOHc/b/guD9rqhJZEnTSbLFNgq4Bd2WFM"},"_chains":{"BTrvdDAGyCyulThwU/cVLOrQWR5NEA9uRKCUIsxEWSl4":{"chainKey":{"counter":0,"key":"yvayggQr0kNYJ6nyzLm7+qLdNLLRKjzCj7zkTuq6A64="},"chainType":1,"messageKeys":{}}},"pendingPreKey":{"signedKeyId":1,"baseKey":"BVeh9Cga08VV8S8MysEcie7zVM1xvbC0QPMbNj05XqVQ"}}},"version":"v1"}