{"_sessions":{"BUJwZSID6RSO1FQm16gea/eht1fCJS0VA575RbzsRWM2":{"registrationId":168,"currentRatchet":{"ephemeralKeyPair":{"pubKey":"BR/dPLeB6CmaDgqYWu9OoYyFbeA7ITVj40wem+zQeqxL","privKey":"6P+LNNo7ve3pDwR3k0EMdlnu+ThFyFyoGb3YDfQZFmo="},"lastRemoteEphemeralKey":"BZ+QJ9qUFdOEi6scMXHHy/uepm2zEHG2QzlvtSlVOStw","previousCounter":0,"rootKey":"jRQXtYwfHo8O9ngLyVRYdKU4qPz9csYXWxE/GAoer7o="},"indexInfo":{"baseKey":"BUJwZSID6RSO1FQm16gea/eht1fCJS0VA575RbzsRWM2","baseKeyType":1,"closed":-1,"used":1735185717747,"created":1735185717747,"remoteIdentityKey":"Baa2Hny2NsuTlFF3nulVM0ktcUDVJkOPeb4vwGSx4OpI"},"_chains":{"BR/dPLeB6CmaDgqYWu9OoYyFbeA7ITVj40wem+zQeqxL":{"chainKey":{"counter":17,"key":"uOM7amm1XyOBITGHttqUEBW9p0SJ5OVMc2ZKpBO2wek="},"chainType":1,"messageKeys":{}}},"pendingPreKey":{"signedKeyId":1,"baseKey":"BUJwZSID6RSO1FQm16gea/eht1fCJS0VA575RbzsRWM2"}}},"version":"v1"}