{"_sessions":{"BQH5YyFlhptHXN/kbBZGMUmkKNk3Hr940FI3vnSuhR49":{"registrationId":167,"currentRatchet":{"ephemeralKeyPair":{"pubKey":"BYXmvI5v06IdWgDkSztt3R0GLWMVw0v27Z4Ndbd8IIwC","privKey":"4JMD+fgc7P7ao0rKdEevwq3NeZVkt++hqohArojWEH4="},"lastRemoteEphemeralKey":"BXzVq0FQkjtN+O8pO70oiR6+H2hkIyf7PmLYbcE9nf1b","previousCounter":0,"rootKey":"8kPF3jB6wZ8//0BuJqoxzQFKO0fjVtpsnnbLoQJEwdk="},"indexInfo":{"baseKey":"BQH5YyFlhptHXN/kbBZGMUmkKNk3Hr940FI3vnSuhR49","baseKeyType":1,"closed":-1,"used":1735192788066,"created":1735192788066,"remoteIdentityKey":"BVDPumr7PDY6K5+BadnpYKlMbxniVW3OoQZxkpuZu+c7"},"_chains":{"BYXmvI5v06IdWgDkSztt3R0GLWMVw0v27Z4Ndbd8IIwC":{"chainKey":{"counter":0,"key":"B+gellc/RHvXdmtrR5cW1j+aLAlSybpSrwKlnysINig="},"chainType":1,"messageKeys":{}}},"pendingPreKey":{"signedKeyId":1,"baseKey":"BQH5YyFlhptHXN/kbBZGMUmkKNk3Hr940FI3vnSuhR49"}}},"version":"v1"}