{"_sessions":{"BVBiCB1xOpQCEwf3Wnz9CQs70QQfQKfykqW6emGMYrhv":{"registrationId":1194187620,"currentRatchet":{"ephemeralKeyPair":{"pubKey":"BbObQuskYQjvrqA7Tit2Hni3AaPS+PWqz4I2lw52IcpF","privKey":"QEhxB6Tz6UwJ7m3hAGBFkFGaDE0WW8/kRLqw9Zoc0mQ="},"lastRemoteEphemeralKey":"BQGANhPILIUkqSTMFBH6EK16trAxi2yJSpK5WKN7LIEC","previousCounter":0,"rootKey":"t6t2bN1mZtAwRH/HlDuluyBVZ2nCmgbBcf1WELM7oVM="},"indexInfo":{"baseKey":"BVBiCB1xOpQCEwf3Wnz9CQs70QQfQKfykqW6emGMYrhv","baseKeyType":1,"closed":-1,"used":1735216663800,"created":1735216663800,"remoteIdentityKey":"BWrNsJbxMeokpmwTHKbBVX6JdorGkWV9gmdH2d3SeHcj"},"_chains":{"BbObQuskYQjvrqA7Tit2Hni3AaPS+PWqz4I2lw52IcpF":{"chainKey":{"counter":0,"key":"Arq9Z9j/9zpUuMUPlcoZOCK6K4HHq3LWI2GL3jYBrf8="},"chainType":1,"messageKeys":{}}},"pendingPreKey":{"signedKeyId":1,"baseKey":"BVBiCB1xOpQCEwf3Wnz9CQs70QQfQKfykqW6emGMYrhv"}}},"version":"v1"}