{"_sessions":{"BZLOD4yy7Ia1VLaoj0kaqj9MYGfojYq/bmlinjtptcwY":{"registrationId":1278498974,"currentRatchet":{"ephemeralKeyPair":{"pubKey":"BeNYtC8ZSD0k5Z4IGcB5OdUwOwIPZpZhgD88DKHpXWRb","privKey":"yG65oHyt8el1g4S5/AJu6FxGIyYMGrZZPA/K0Q856k8="},"lastRemoteEphemeralKey":"BY23wP0VO7uEIGm4lA7Bru3MaUqg2virS6FxSdptHPFO","previousCounter":0,"rootKey":"4zS9WKeQx+RUOKdAosGXnonPObPMtBB4YVuuh4RhWCc="},"indexInfo":{"baseKey":"BZLOD4yy7Ia1VLaoj0kaqj9MYGfojYq/bmlinjtptcwY","baseKeyType":1,"closed":1735124009865,"used":1735121761471,"created":1735121761471,"remoteIdentityKey":"BZqnwaBh37Ue6/JkElyRzU+s/9IJ4vKECJKQG9yIpXYB"},"_chains":{"BeNYtC8ZSD0k5Z4IGcB5OdUwOwIPZpZhgD88DKHpXWRb":{"chainKey":{"counter":3,"key":"7WzkVoIkrMzm1chrA0Ag+PsCaAZrhy/BEh77UL8TXCQ="},"chainType":1,"messageKeys":{}}},"pendingPreKey":{"signedKeyId":3,"baseKey":"BZLOD4yy7Ia1VLaoj0kaqj9MYGfojYq/bmlinjtptcwY","preKeyId":13549168}},"BUaYCjEbAk1Entgfzc4DkMDVk1iuhVA54QQgwOS7jrV0":{"registrationId":1278498974,"currentRatchet":{"ephemeralKeyPair":{"pubKey":"BY2MyKOooFsBg+mXYT30g7Tu4IFxC/UMCY4Y0MAm63g/","privKey":"qNcAYPJHGSVgofqRxJOOykSmZp+bbspsf2+KVBDVfUg="},"lastRemoteEphemeralKey":"BaiqqyavMv9BNLh03LZ49exLVqK1jFPgMU7/6sDO4U1O","previousCounter":0,"rootKey":"PJNZeQSjcZBl5QaaEgLKMtycEo+TVhqoHZc+LrxEVxc="},"indexInfo":{"baseKey":"BUaYCjEbAk1Entgfzc4DkMDVk1iuhVA54QQgwOS7jrV0","baseKeyType":2,"closed":-1,"used":1735124009868,"created":1735124009868,"remoteIdentityKey":"BZqnwaBh37Ue6/JkElyRzU+s/9IJ4vKECJKQG9yIpXYB"},"_chains":{"BaiqqyavMv9BNLh03LZ49exLVqK1jFPgMU7/6sDO4U1O":{"chainKey":{"counter":0,"key":"uNhLPnW/IAYMRDjMTX/M56C4cFy8SeKcp1iKYvQvmoY="},"chainType":2,"messageKeys":{}},"BY2MyKOooFsBg+mXYT30g7Tu4IFxC/UMCY4Y0MAm63g/":{"chainKey":{"counter":28,"key":"4lmRjZQj3HsqCJomFjMCrG406fTWD+kvGjr1qGAH1bE="},"chainType":1,"messageKeys":{}}}}},"version":"v1"}