{"_sessions":{"BdGs/ErNJ7+ii+Ksg75UwVlxZRDqOpg647fs98BF5itm":{"registrationId":7,"currentRatchet":{"ephemeralKeyPair":{"pubKey":"Bege3GSAacKWB2EMGx/TNQ74SkSML2T7SAbnxZ71LgQh","privKey":"OC9CxK7Cd6+g29Hz9pC+mAo1Q4mi6LhMTO/OMGJ6kWs="},"lastRemoteEphemeralKey":"BaNovqZh1R21M5oM8rSz2iN5xlwLZCTz30evSLPcDpVT","previousCounter":0,"rootKey":"WTaO5imUsesuzyFDSQOiIQqPJHgdJHIctoguKkdLHvY="},"indexInfo":{"baseKey":"BdGs/ErNJ7+ii+Ksg75UwVlxZRDqOpg647fs98BF5itm","baseKeyType":1,"closed":-1,"used":1735141697456,"created":1735141697456,"remoteIdentityKey":"BbfH1QLEICtcAR+tPl43qpQ0XtHVUzxOD7YXug7kYqIK"},"_chains":{"Bege3GSAacKWB2EMGx/TNQ74SkSML2T7SAbnxZ71LgQh":{"chainKey":{"counter":27,"key":"jdrnPnth0H3DcCI3uMEaQxfD+ZPIUvSGMge3a7emc08="},"chainType":1,"messageKeys":{}}},"pendingPreKey":{"signedKeyId":1,"baseKey":"BdGs/ErNJ7+ii+Ksg75UwVlxZRDqOpg647fs98BF5itm"}}},"version":"v1"}