{"_sessions":{"BUi+/0ZfjEjYaeLnMg0Q+IknMC+dmo2LeW9VgExgzNEV":{"registrationId":1905905100,"currentRatchet":{"ephemeralKeyPair":{"pubKey":"BdadiJOSnQzTipoGIeU/2QtbRexlOEQCJIhe36HKC3Qb","privKey":"mAru44bPez1owx3sB4WkMyO9qxhetmu4vdD1rvHbknM="},"lastRemoteEphemeralKey":"BbFcPRUGFScWRjGaOjDlKGLbxSDKLXZGATlJvHEFE3pT","previousCounter":0,"rootKey":"Y3SbnFdXuQHFFcovabNGBpsclm1rF5Mg8Jw+i8q/3UY="},"indexInfo":{"baseKey":"BUi+/0ZfjEjYaeLnMg0Q+IknMC+dmo2LeW9VgExgzNEV","baseKeyType":1,"closed":-1,"used":1735121455296,"created":1735121455296,"remoteIdentityKey":"BTRZVgoJGJ8Kc4NkKSsHDeYgWHvQS7khXxs7uNYofYBa"},"_chains":{"BdadiJOSnQzTipoGIeU/2QtbRexlOEQCJIhe36HKC3Qb":{"chainKey":{"counter":39,"key":"tDKQMX029dxfdp8ptgcUkGyGHXUMiel5lPZZrrVBXes="},"chainType":1,"messageKeys":{}}},"pendingPreKey":{"signedKeyId":1,"baseKey":"BUi+/0ZfjEjYaeLnMg0Q+IknMC+dmo2LeW9VgExgzNEV","preKeyId":11734821}}},"version":"v1"}