{"_sessions":{"BVwY3dSYTBa4BDdxhnmpornWoQ2KV+aq/9XoB+62q31J":{"registrationId":1387232076,"currentRatchet":{"ephemeralKeyPair":{"pubKey":"BbHgVynt70McUzd3KHnV/dCKgnJFSVbY4ZWjZTIm3Zk4","privKey":"COsnbICu3vwuEXteLcyJPrQbQiGfre1K/7EOYcjscHM="},"lastRemoteEphemeralKey":"BS8nPq0JGkX44epFFZ68MSXpew9UBbLt8CqyKJOhd1ES","previousCounter":0,"rootKey":"tUSDYTV4NLTtzulIcamLYdPstDDg2nFPZeF0U5T6mHs="},"indexInfo":{"baseKey":"BVwY3dSYTBa4BDdxhnmpornWoQ2KV+aq/9XoB+62q31J","baseKeyType":1,"closed":-1,"used":1735192831636,"created":1735192831636,"remoteIdentityKey":"Bcp/YbX+ExMjBjwviDI7ZLigAONnMzIj25w6CJfS0NMX"},"_chains":{"BbHgVynt70McUzd3KHnV/dCKgnJFSVbY4ZWjZTIm3Zk4":{"chainKey":{"counter":0,"key":"W5xgac7PyAsAd17MmrXsoCoSAP9vYnB2BUjxClwXcGA="},"chainType":1,"messageKeys":{}}},"pendingPreKey":{"signedKeyId":1,"baseKey":"BVwY3dSYTBa4BDdxhnmpornWoQ2KV+aq/9XoB+62q31J","preKeyId":7338687}}},"version":"v1"}