{"_sessions":{"BWdG10yIDM+rjbDaO/O5rZ/l2N7BCPYxW1YBo9ad3GsX":{"registrationId":237,"currentRatchet":{"ephemeralKeyPair":{"pubKey":"BaX/88SzNVJH1up99vx/a0ORb7+mAkTtJ880DCGMephS","privKey":"4HVNKF8Mc7nSkNlESHmarpx2lYFRb3Wzns9CfPZQk0o="},"lastRemoteEphemeralKey":"BX5Lff7tNmfUBxbor7PYjXtpMvKazK8mN4q4mCheKepG","previousCounter":0,"rootKey":"brCbTo0DRsD7uGg9URHGx7cALlng7jxkVZiYgODENng="},"indexInfo":{"baseKey":"BWdG10yIDM+rjbDaO/O5rZ/l2N7BCPYxW1YBo9ad3GsX","baseKeyType":1,"closed":-1,"used":1735121451723,"created":1735121451723,"remoteIdentityKey":"Bbrvoi9069ueVWzHPbf1m0Uqcxf7LMSXdmeGQUPTpTxo"},"_chains":{"BaX/88SzNVJH1up99vx/a0ORb7+mAkTtJ880DCGMephS":{"chainKey":{"counter":27,"key":"1kopaPvynyeZb7Q+7DiMmvug+Z4xBk9AvSYldJURXCE="},"chainType":1,"messageKeys":{}}},"pendingPreKey":{"signedKeyId":1,"baseKey":"BWdG10yIDM+rjbDaO/O5rZ/l2N7BCPYxW1YBo9ad3GsX"}}},"version":"v1"}