{"_sessions":{"BZDafEg80SIUNwP362Uds0YQSPtcMzpSk/wzpmhKTOsy":{"registrationId":1014505410,"currentRatchet":{"ephemeralKeyPair":{"pubKey":"BZAP9S5++68UFmmLMQm9mDoL2rHeYAVwsFFtjqLalY0t","privKey":"GKBs96O0MAxth1XhTA7acadaihlobO98WLpLYDcot24="},"lastRemoteEphemeralKey":"BRtjOSrLqe5DmJNdNGGRmSnSUL4688xw0JyZGFWr3Bwt","previousCounter":0,"rootKey":"k1iNWUB7t9qY7lrA7mPWZh27Gzic/2HVy9e3KSb5E/4="},"indexInfo":{"baseKey":"BZDafEg80SIUNwP362Uds0YQSPtcMzpSk/wzpmhKTOsy","baseKeyType":1,"closed":-1,"used":1735190258567,"created":1735190258567,"remoteIdentityKey":"BVEp+H6P6XfN8xchoUVAl3SAxMpcdPrAnEBmqsBktIRe"},"_chains":{"BZAP9S5++68UFmmLMQm9mDoL2rHeYAVwsFFtjqLalY0t":{"chainKey":{"counter":1,"key":"7zWa6d5t5hKK+EiuRPhXyDC+fPfXXdbHq2gScEpw+LA="},"chainType":1,"messageKeys":{}}},"pendingPreKey":{"signedKeyId":0,"baseKey":"BZDafEg80SIUNwP362Uds0YQSPtcMzpSk/wzpmhKTOsy","preKeyId":8707654}}},"version":"v1"}