{"_sessions":{"BT33ZUpMtW1lN0Kl6wk+1HUfHcUkwQRzlkyuELfpeYg/":{"registrationId":1503971608,"currentRatchet":{"ephemeralKeyPair":{"pubKey":"BWFRnKTeEqR2ze/X1dju7XPVZkW+JEZPNJlPM38Q7EQt","privKey":"OGPH0KFzbg5S8o1cwGBwia5D9dAgG9SQJuGr+jXyulg="},"lastRemoteEphemeralKey":"BbbvjFJNPaRCAtInLZCa0DdH1uNcSSYxrQRug/sW6ulV","previousCounter":0,"rootKey":"XAKkdBsKQjT+zEoM/WQkPmNA8GUDd1FoIkzGgkyyel4="},"indexInfo":{"baseKey":"BT33ZUpMtW1lN0Kl6wk+1HUfHcUkwQRzlkyuELfpeYg/","baseKeyType":1,"closed":-1,"used":1735190177100,"created":1735190177100,"remoteIdentityKey":"BQaVBA4cd8ZC1N3UUuHou8xslXkG2WRXk35PSYxEIEsZ"},"_chains":{"BWFRnKTeEqR2ze/X1dju7XPVZkW+JEZPNJlPM38Q7EQt":{"chainKey":{"counter":1,"key":"z6VMPesYcVrjljZaJBRJgVRCezWs4pcmmF1hMvhKs4E="},"chainType":1,"messageKeys":{}}},"pendingPreKey":{"signedKeyId":0,"baseKey":"BT33ZUpMtW1lN0Kl6wk+1HUfHcUkwQRzlkyuELfpeYg/","preKeyId":5487874}}},"version":"v1"}