{"_sessions":{"BUzE8aEdf2woAH1WkdfSN4XxHuEZpinLCKtbgpwxtPQI":{"registrationId":62,"currentRatchet":{"ephemeralKeyPair":{"pubKey":"Bda3GkGiMbgB2pQkkRKZlVdaNBf6U+Gblk9z7XyMhttu","privKey":"GPdF7u6NkaIasPK1UK8woEeQpht+l1IvCBr7gnrEBWo="},"lastRemoteEphemeralKey":"BSFL+N7kXHv/ZZGiWo6sFSKdDDG/dh/B2BKew4hCOjBB","previousCounter":0,"rootKey":"y9VJSBCFyfCZso9hCigv+LEqDitAFGdxBzxhKLQC1wA="},"indexInfo":{"baseKey":"BUzE8aEdf2woAH1WkdfSN4XxHuEZpinLCKtbgpwxtPQI","baseKeyType":1,"closed":-1,"used":1735190122437,"created":1735190122437,"remoteIdentityKey":"BbyBmc96IkV2z7CzqJ8QccYTK2MEjFDmE9qEA6udp6ke"},"_chains":{"Bda3GkGiMbgB2pQkkRKZlVdaNBf6U+Gblk9z7XyMhttu":{"chainKey":{"counter":1,"key":"LCrJ8VYfQ5Hs+k9ldVmzwE/0tTh3E5/qmo+8V0kZ1A0="},"chainType":1,"messageKeys":{}}},"pendingPreKey":{"signedKeyId":1,"baseKey":"BUzE8aEdf2woAH1WkdfSN4XxHuEZpinLCKtbgpwxtPQI"}}},"version":"v1"}