{"_sessions":{"Bcp64C4pSF5pvvV26Rrm3nkMSt2VB2S2WHOS1PP0lN9J":{"registrationId":1338978349,"currentRatchet":{"ephemeralKeyPair":{"pubKey":"BWUXGfAe+QtSnXqC2TDTJgsXPOom8zE+0QofMD5WLdcM","privKey":"AHyEXBIQzR+NXvvPEr8i2GDsWt4vPN1CGGadsj//dE4="},"lastRemoteEphemeralKey":"BY/3XirtxIFy/cW6rRjoa0U9ElrnTPQQPNmgizTuRrZ/","previousCounter":0,"rootKey":"ofdVWJzerrNgrxKcw6XVM0zCdZSXtC/eyUNsO9eBplc="},"indexInfo":{"baseKey":"Bcp64C4pSF5pvvV26Rrm3nkMSt2VB2S2WHOS1PP0lN9J","baseKeyType":1,"closed":-1,"used":1735190220616,"created":1735190220616,"remoteIdentityKey":"BT+wj2DzbfUHgtoOKPZTZw+xK1u8keSKWouNE25io2xU"},"_chains":{"BWUXGfAe+QtSnXqC2TDTJgsXPOom8zE+0QofMD5WLdcM":{"chainKey":{"counter":1,"key":"rD0BsTwfOWJNzq4xMhn2I9KQoBmKxAS2t4ik2uAp+SM="},"chainType":1,"messageKeys":{}}},"pendingPreKey":{"signedKeyId":4,"baseKey":"Bcp64C4pSF5pvvV26Rrm3nkMSt2VB2S2WHOS1PP0lN9J","preKeyId":2803106}}},"version":"v1"}