{"_sessions":{"BX/zInsB0QLpcNojqMMZh5aijVkAvBzvolByxKBdJchC":{"registrationId":133,"currentRatchet":{"ephemeralKeyPair":{"pubKey":"BUJa679LSQthtGeEM81q+uIy805bLksavoed1lcNecwD","privKey":"GLcXAX6Q3ltC/LStFavlHuttxfScI1wQIV5wuysIdFM="},"lastRemoteEphemeralKey":"Bdwr1Gg+ytW2sa4/gIU9QRup+gQFsPWfalxhGHQaAX8n","previousCounter":0,"rootKey":"f4VlQ9JahiEjBPOmAQKoolqe6Rfayu85KRfgSzhsfLM="},"indexInfo":{"baseKey":"BX/zInsB0QLpcNojqMMZh5aijVkAvBzvolByxKBdJchC","baseKeyType":1,"closed":-1,"used":1735190118073,"created":1735190118073,"remoteIdentityKey":"BdEjtmtBiQ8Y5NFowTVgSao78XiYpdLW9/HLF07wR6ZI"},"_chains":{"BUJa679LSQthtGeEM81q+uIy805bLksavoed1lcNecwD":{"chainKey":{"counter":1,"key":"O4BdBZLbFaXKCjrK9BxoaIG1ct1XzYvW12ntrmA1kks="},"chainType":1,"messageKeys":{}}},"pendingPreKey":{"signedKeyId":1,"baseKey":"BX/zInsB0QLpcNojqMMZh5aijVkAvBzvolByxKBdJchC"}}},"version":"v1"}