{"_sessions":{"BYnf4UGPMPRMhY3YDsc8iOLAKvqyrl9/QcPdFCumsrU7":{"registrationId":993624243,"currentRatchet":{"ephemeralKeyPair":{"pubKey":"BagLso/4WFVhDpVChP57Z0ic4VP29gWpdqJrqGa8+rQm","privKey":"sK6FkPtYgRfWF/hhQyKVw6gbAJFVcsalHZOh237d3XI="},"lastRemoteEphemeralKey":"BfbkDx98cSfs04Yw/51atKxgPKiMDst9tTL9stgEUB4c","previousCounter":0,"rootKey":"rawnaVGYQDp+fP4uApJk0ZoCej8oFqrgHrUXBYhxOvk="},"indexInfo":{"baseKey":"BYnf4UGPMPRMhY3YDsc8iOLAKvqyrl9/QcPdFCumsrU7","baseKeyType":1,"closed":-1,"used":1735190170692,"created":1735190170692,"remoteIdentityKey":"BYKA1/a5uAelRQrr27MgAvOXN32uidrkwbKwufAyDl5T"},"_chains":{"BagLso/4WFVhDpVChP57Z0ic4VP29gWpdqJrqGa8+rQm":{"chainKey":{"counter":1,"key":"COeWzIQFnZ+rwXLadO6PJtGc08be0AEguhpQs9PRccc="},"chainType":1,"messageKeys":{}}},"pendingPreKey":{"signedKeyId":0,"baseKey":"BYnf4UGPMPRMhY3YDsc8iOLAKvqyrl9/QcPdFCumsrU7","preKeyId":1502072}}},"version":"v1"}