{"_sessions":{"Bb5uPhI1LmWnthv9goGYf8Ihv2MRem8aa8LP9kBFKNA7":{"registrationId":1429209803,"currentRatchet":{"ephemeralKeyPair":{"pubKey":"BZ8KVSsCXzNui1Uqy3JCJN+F86IoQywYs9g/rVvpDEQf","privKey":"OBybDDgTNglt8xTTLNzYY+sEaJ9oa2B+eVGatD/XXF8="},"lastRemoteEphemeralKey":"BUhrk+HbpmXCSJllQnxHsKtWwl0Pq+B62f+ksH40eVww","previousCounter":0,"rootKey":"JxcPGCC0Vdh26tViu/14riN+4xJk3NzcfqbGqukAASQ="},"indexInfo":{"baseKey":"Bb5uPhI1LmWnthv9goGYf8Ihv2MRem8aa8LP9kBFKNA7","baseKeyType":1,"closed":-1,"used":1735219053619,"created":1735219053619,"remoteIdentityKey":"BRRXyXEHKHpt9kKNK4qrzAz3RR3ZP6QOZky4EztmA1kU"},"_chains":{"BZ8KVSsCXzNui1Uqy3JCJN+F86IoQywYs9g/rVvpDEQf":{"chainKey":{"counter":0,"key":"vEE6UgdKgrYNNDf5A41ODGT6o/o8nwi/TfAMq3PJIuo="},"chainType":1,"messageKeys":{}}},"pendingPreKey":{"signedKeyId":0,"baseKey":"Bb5uPhI1LmWnthv9goGYf8Ihv2MRem8aa8LP9kBFKNA7","preKeyId":16318442}}},"version":"v1"}