{"_sessions":{"BeRKbstYrxayUF68h/PfLjRBp/PMqFS3N+Cx/WjZwkg4":{"registrationId":18,"currentRatchet":{"ephemeralKeyPair":{"pubKey":"BUmuQUBD2duhYHpiJDqSDAaUlssJD87//vGLsFbkPupj","privKey":"4BzE4MOJ56GeAEX/b0xv3qJPicCKbOERTmBIRToTk2s="},"lastRemoteEphemeralKey":"BUmBoNA+lzMY+TVBHve/8gFThCBHYlCO+I0yULp3mhF5","previousCounter":0,"rootKey":"r3gJkD1HoLuJp6ZCb3wEPh5LLLp1gGtHa+O4nd/aLfs="},"indexInfo":{"baseKey":"BeRKbstYrxayUF68h/PfLjRBp/PMqFS3N+Cx/WjZwkg4","baseKeyType":1,"closed":-1,"used":1735193629845,"created":1735193629845,"remoteIdentityKey":"Bel8zcXxzhYMQPSSSKEX+257A4Jh1b7KRdD6k61B8OFm"},"_chains":{"BUmuQUBD2duhYHpiJDqSDAaUlssJD87//vGLsFbkPupj":{"chainKey":{"counter":0,"key":"SKJHGMtZuojszRWIVWo96Zq9sF0HxHnaXNbzEgCbEGg="},"chainType":1,"messageKeys":{}}},"pendingPreKey":{"signedKeyId":1,"baseKey":"BeRKbstYrxayUF68h/PfLjRBp/PMqFS3N+Cx/WjZwkg4"}}},"version":"v1"}