{"_sessions":{"BRqwDTCMFS9BuTxWuhLB04IOvntZ3GpSTFZvW+5vJWhU":{"registrationId":112,"currentRatchet":{"ephemeralKeyPair":{"pubKey":"BSl3GqOXgay2jP81wyPB3vWJy2y4pVQgvYOp7qx6YtMs","privKey":"2E6/C9KmWopiZrMsJPMvnKi0PKv94rWQ//0/2dazKG0="},"lastRemoteEphemeralKey":"BcEnP4/PcddYi1kL19VFsV/jRDqYGT7r+Tqh1n0w37hg","previousCounter":0,"rootKey":"Dgh51AJTe4PVrKvFcYYavXXVyiKvNbQMERr1YWEEelE="},"indexInfo":{"baseKey":"BRqwDTCMFS9BuTxWuhLB04IOvntZ3GpSTFZvW+5vJWhU","baseKeyType":1,"closed":-1,"used":1735190207613,"created":1735190207613,"remoteIdentityKey":"BWhlSfVt1+PUMhyWNfHh/xSk+TNBRJjGByNHKIsopyxm"},"_chains":{"BSl3GqOXgay2jP81wyPB3vWJy2y4pVQgvYOp7qx6YtMs":{"chainKey":{"counter":1,"key":"dRT0miUOy1hLhG69Cu0W7lm4ccCd/XjNQ3KhZJBTqP4="},"chainType":1,"messageKeys":{}}},"pendingPreKey":{"signedKeyId":1,"baseKey":"BRqwDTCMFS9BuTxWuhLB04IOvntZ3GpSTFZvW+5vJWhU"}}},"version":"v1"}