{"_sessions":{"BSSynAeWedsn4GQCLVxdLBGSajdG/FfYcVUTLVdU8e5L":{"registrationId":175,"currentRatchet":{"ephemeralKeyPair":{"pubKey":"BS+3BesnT3CPTzL8u40yorApVoB/VrGaSys9/VH71J4L","privKey":"UDn87rE5HfxECvw5I6k36dbAgujUO1fvyyuC4xlpt2U="},"lastRemoteEphemeralKey":"BTQdDkNZExeQJpGZg/0FObmY/oQdWNnvDkEBj8r59fsW","previousCounter":0,"rootKey":"no70adsYXJKp9FOTA3DHlmeXhqPa5xof2zkXXurdHGo="},"indexInfo":{"baseKey":"BSSynAeWedsn4GQCLVxdLBGSajdG/FfYcVUTLVdU8e5L","baseKeyType":1,"closed":-1,"used":1735190207584,"created":1735190207584,"remoteIdentityKey":"BaDFUzjjpP/nmNnaZNeef4/hMvIo+g2zLxipC8xkSVI7"},"_chains":{"BS+3BesnT3CPTzL8u40yorApVoB/VrGaSys9/VH71J4L":{"chainKey":{"counter":1,"key":"RNQpyRUCul198nxip/Y8UEi+wuCKA74p98/voYWwoHo="},"chainType":1,"messageKeys":{}}},"pendingPreKey":{"signedKeyId":1,"baseKey":"BSSynAeWedsn4GQCLVxdLBGSajdG/FfYcVUTLVdU8e5L"}}},"version":"v1"}