{"_sessions":{"BR9TNGjDf392FoFFfOeSaghjpguIZHidwZDedyPcTQ4f":{"registrationId":100,"currentRatchet":{"ephemeralKeyPair":{"pubKey":"BSYndtOsKkDTopWWmEGwDC/knPIlSZGad7/WAiJnvVcD","privKey":"qJr21clgJ5fjyM/fTmcdhpwE2ysoN6p9z1opfrXX6Xs="},"lastRemoteEphemeralKey":"BTvmoTLeI6C/kcEOC9cVWN+DWJzqFK4nHVu8hC3hDeZ0","previousCounter":0,"rootKey":"jGEb5/1gfCd4HhjaW95oC5i2ujmCpm0+tCtA2wufOSg="},"indexInfo":{"baseKey":"BR9TNGjDf392FoFFfOeSaghjpguIZHidwZDedyPcTQ4f","baseKeyType":1,"closed":-1,"used":1735219045171,"created":1735219045171,"remoteIdentityKey":"BZXa4Gt9Z/uIgEFwDzz6NXrX5ZN5dq0Vgj1PEy4IFBA1"},"_chains":{"BSYndtOsKkDTopWWmEGwDC/knPIlSZGad7/WAiJnvVcD":{"chainKey":{"counter":0,"key":"K7xJhvk9c+5jU87mzNNdiMfiGqfUV7BoJ4YJ9/HHTCQ="},"chainType":1,"messageKeys":{}}},"pendingPreKey":{"signedKeyId":1,"baseKey":"BR9TNGjDf392FoFFfOeSaghjpguIZHidwZDedyPcTQ4f"}}},"version":"v1"}