{"_sessions":{"BU4Yp+qSwwY1YTIeKfjEs7cilj4ZvI0PMZ7uIHv3VPx/":{"registrationId":449,"currentRatchet":{"ephemeralKeyPair":{"pubKey":"BVPPFfBm0TPFJy6tatsreyiij9qaH13Qe4gHaA0pDXVB","privKey":"2L1sCDQVSbchiOwgw9vIQA1sGlxd6Gd6k/d3YVtDQWE="},"lastRemoteEphemeralKey":"BYij0FhWuRxiqD5FyLWC/gg3jiAjiO9tbQVbKJnH3Iwr","previousCounter":0,"rootKey":"P7gDk6P3nYp5mSJJ8DZa9zymXIbZQ7Wuf+QARoZasek="},"indexInfo":{"baseKey":"BU4Yp+qSwwY1YTIeKfjEs7cilj4ZvI0PMZ7uIHv3VPx/","baseKeyType":1,"closed":-1,"used":1735190211965,"created":1735190211965,"remoteIdentityKey":"BQyYF8zgeZvDKxH+tsQWzIooW69o9oPmxlqAgPEEj9gg"},"_chains":{"BVPPFfBm0TPFJy6tatsreyiij9qaH13Qe4gHaA0pDXVB":{"chainKey":{"counter":2,"key":"K5KGfZklVogtkWNmYSDQtGODzl2t44uTqcvzCU+P41w="},"chainType":1,"messageKeys":{}}},"pendingPreKey":{"signedKeyId":1,"baseKey":"BU4Yp+qSwwY1YTIeKfjEs7cilj4ZvI0PMZ7uIHv3VPx/"}}},"version":"v1"}