{"_sessions":{"BXqVTO2/2sJZCESWO0bUaV1jlB4sDZWfq5ChZqhcKyca":{"registrationId":85126882,"currentRatchet":{"ephemeralKeyPair":{"pubKey":"Bf1UmAGh4Owfx6tk/bji++7nzj7nGCX3RYS91Xknihsl","privKey":"eHCKrNKEcqrVzx18iIvWrwgdeL73c5jR97pZl21Ge0s="},"lastRemoteEphemeralKey":"BYa4q55Ah8NJnqi3vvwf/lhqw9xkO/aqpBdZ8+Pd49AH","previousCounter":0,"rootKey":"rPCqK+x1SJAX1kV3Nn9KUdLP44TZU/ud2B2aS6/f2/s="},"indexInfo":{"baseKey":"BXqVTO2/2sJZCESWO0bUaV1jlB4sDZWfq5ChZqhcKyca","baseKeyType":1,"closed":-1,"used":1735190098120,"created":1735190098120,"remoteIdentityKey":"BXgQmYVJNwBTCOeuv4BzXAqx+YAiah18IAlz3sGKfABF"},"_chains":{"Bf1UmAGh4Owfx6tk/bji++7nzj7nGCX3RYS91Xknihsl":{"chainKey":{"counter":1,"key":"+lUVMJb5EViQ6d0x/MkoPGjsnRfUZuIFDCUG93C2Dcg="},"chainType":1,"messageKeys":{}}},"pendingPreKey":{"signedKeyId":2,"baseKey":"BXqVTO2/2sJZCESWO0bUaV1jlB4sDZWfq5ChZqhcKyca","preKeyId":1877640}}},"version":"v1"}