{"_sessions":{"BTdLBIEy4dWAggxHnKXLcm/6pk3Qtw7bV7KlL1hCd8Fb":{"registrationId":350572307,"currentRatchet":{"ephemeralKeyPair":{"pubKey":"BWVnV1Ox2Oo/dL6QT0o6+7/ZXbo95kU7lJ+rkMxXjmFk","privKey":"aJZG9QvcLnGiaowo3sK3DXDPlePVjWU72wnebo7KuHo="},"lastRemoteEphemeralKey":"BRfRQaUxMeF770b+XIUMAi/QIah6iLcxZMyXiDpKCpl5","previousCounter":0,"rootKey":"EwRwacWAVfbkD1CXlG2xyZ0lrJj7BtLDMjneKPmrjRE="},"indexInfo":{"baseKey":"BTdLBIEy4dWAggxHnKXLcm/6pk3Qtw7bV7KlL1hCd8Fb","baseKeyType":1,"closed":-1,"used":1735190246635,"created":1735190246635,"remoteIdentityKey":"BYXgndmkgltMnxUShz+G6c6mOr2jdrk21/Qb5I7//jdA"},"_chains":{"BWVnV1Ox2Oo/dL6QT0o6+7/ZXbo95kU7lJ+rkMxXjmFk":{"chainKey":{"counter":1,"key":"Tg3FnDZuBNqCeaAitAhRwYzNMTp8avbW5ku8dSy1iMg="},"chainType":1,"messageKeys":{}}},"pendingPreKey":{"signedKeyId":0,"baseKey":"BTdLBIEy4dWAggxHnKXLcm/6pk3Qtw7bV7KlL1hCd8Fb"}}},"version":"v1"}