{"_sessions":{"BYvg05FOYMxTNhdqsq5Fkm9ZBfxGlsGLazSlboXXzldu":{"registrationId":169,"currentRatchet":{"ephemeralKeyPair":{"pubKey":"BQkwH5O8j3EmTMM2+GazydSdliRPGBpcGrw4d3F7mgwR","privKey":"cJQRQMjmM2KalToDiphM3BnUzraxuPjoE41O0nJdY1E="},"lastRemoteEphemeralKey":"BcHeXKIJOynTDmFbwokwRakPThb8yHIKzJpvmb2EJ0tC","previousCounter":0,"rootKey":"72ge2PrGO1KrhWusNoX3YvCbbL1uV+EuY8drBQPcfY0="},"indexInfo":{"baseKey":"BYvg05FOYMxTNhdqsq5Fkm9ZBfxGlsGLazSlboXXzldu","baseKeyType":1,"closed":-1,"used":1735219041151,"created":1735219041151,"remoteIdentityKey":"BQtI3gdMDJMulRx4iL1o5+C5sU1SICvpIGacOp9Dai02"},"_chains":{"BQkwH5O8j3EmTMM2+GazydSdliRPGBpcGrw4d3F7mgwR":{"chainKey":{"counter":0,"key":"oJbPzA34t4yWhsvIsYt1TFltZ9LO7r8J6IQ/OfkbP7Y="},"chainType":1,"messageKeys":{}}},"pendingPreKey":{"signedKeyId":1,"baseKey":"BYvg05FOYMxTNhdqsq5Fkm9ZBfxGlsGLazSlboXXzldu"}}},"version":"v1"}