{"_sessions":{"BZyXAfo2W+5aoQZDLEIBwpP5RL6ob8E+v0qNsb2ydocF":{"registrationId":1212136897,"currentRatchet":{"ephemeralKeyPair":{"pubKey":"BaYEWfVlrSEdeYFfUSqiY8+OUNQ1X8oavIeEzkNPv7dv","privKey":"4HPdxpi77TwTeB/Nh97uH4ybucNSQJp6te0mof+uRH4="},"lastRemoteEphemeralKey":"BYB3o/+7y5RPUbimLYSynHKwHZOEVpMU3k/ZlZxBzX8O","previousCounter":0,"rootKey":"Me8zikTYRwpqoSbmxqRXHCxpj6R6xaxok82U1fQ5ngw="},"indexInfo":{"baseKey":"BZyXAfo2W+5aoQZDLEIBwpP5RL6ob8E+v0qNsb2ydocF","baseKeyType":1,"closed":-1,"used":1735189994361,"created":1735189994361,"remoteIdentityKey":"BbdsqtNyWxPk6uAdkLKCpkDh/6W/6VzqJLvUGEoHULAv"},"_chains":{"BaYEWfVlrSEdeYFfUSqiY8+OUNQ1X8oavIeEzkNPv7dv":{"chainKey":{"counter":0,"key":"eiAzqSFntrO3yRShnRbisv8PrPTYAsKyyM0oymqMaGU="},"chainType":1,"messageKeys":{}}},"pendingPreKey":{"signedKeyId":0,"baseKey":"BZyXAfo2W+5aoQZDLEIBwpP5RL6ob8E+v0qNsb2ydocF","preKeyId":16472753}}},"version":"v1"}