{"_sessions":{"Bba11XUDF8QRJac65FvdBKvTo/HfoUS5nROXhyUApYtA":{"registrationId":43,"currentRatchet":{"ephemeralKeyPair":{"pubKey":"BVZdc1WO8PvSGJaKO4v34WuWqgy3WHf34w7M1bCAyfpQ","privKey":"ACGRMWbcRjUefXqrCezd77BW23J9MMWVTkxdj9UYbWo="},"lastRemoteEphemeralKey":"BbPAlC+kpYH2fq7aBqQ5vWQMdnd/yVEUyNgJVQQZH+dK","previousCounter":0,"rootKey":"M6NVaamYIPVMsa6ZKmTMEySqMxczSWwUSUFcaDHsEfE="},"indexInfo":{"baseKey":"Bba11XUDF8QRJac65FvdBKvTo/HfoUS5nROXhyUApYtA","baseKeyType":1,"closed":-1,"used":1735123627346,"created":1735123627346,"remoteIdentityKey":"BVbVvsDItwIMuusLJTs84vqpEHkae1uWj8tdXZrenQBt"},"_chains":{"BVZdc1WO8PvSGJaKO4v34WuWqgy3WHf34w7M1bCAyfpQ":{"chainKey":{"counter":0,"key":"y9QPHGZq/8E0GWWaUPsNcO8fvepjfyZjAoEWh2YI+PU="},"chainType":1,"messageKeys":{}}},"pendingPreKey":{"signedKeyId":1,"baseKey":"Bba11XUDF8QRJac65FvdBKvTo/HfoUS5nROXhyUApYtA"}}},"version":"v1"}