{"_sessions":{"BTtN7dbcS35nJfLTVrcyFJH9RMHQieBRuMpKq0+5CU5O":{"registrationId":476868399,"currentRatchet":{"ephemeralKeyPair":{"pubKey":"BUAoQcsfixJwJgxR4/cccvFC58LWsNUKdaZbdnDonIFt","privKey":"2Hrj8b9lwwTHZxHY0TNgJdNlWp1xo8/9wFllRvvFSH8="},"lastRemoteEphemeralKey":"BYKQIaC++v83resgJsXSDxh4ZWuzSgFFlX1fE5muFAp3","previousCounter":0,"rootKey":"eZavtmT45P3TJVKCSxzotC3y5mOVZb4P/nDbOpNHtC8="},"indexInfo":{"baseKey":"BTtN7dbcS35nJfLTVrcyFJH9RMHQieBRuMpKq0+5CU5O","baseKeyType":1,"closed":-1,"used":1735123665430,"created":1735123665430,"remoteIdentityKey":"BcCqT3wR0Th/K9YTEmjIQsXbC9KoYbJ/gp+5dg4+3lgQ"},"_chains":{"BUAoQcsfixJwJgxR4/cccvFC58LWsNUKdaZbdnDonIFt":{"chainKey":{"counter":0,"key":"5ThFfM7JE5pgb50OAOM1ksgND4hC9MbhoiWUQLT3o7c="},"chainType":1,"messageKeys":{}}},"pendingPreKey":{"signedKeyId":1,"baseKey":"BTtN7dbcS35nJfLTVrcyFJH9RMHQieBRuMpKq0+5CU5O","preKeyId":7741558}}},"version":"v1"}