{"_sessions":{"BZ0bk++fh0W0TVIXeY23RzE/kVUI/YxRuHN5ymmA6H5L":{"registrationId":704617903,"currentRatchet":{"ephemeralKeyPair":{"pubKey":"BXj9cUagp07lNTVYJiUClQj69vb7p/eWpCXIU2V/Of0/","privKey":"aBzBQfa0vEpTnZkphgE0QAsPAh9vFDaKyK89E+XQ7V4="},"lastRemoteEphemeralKey":"BcZiAgEcNIwrpE5NY4VUm0hN5uIiXrqCIV8am7b1O6RZ","previousCounter":0,"rootKey":"c0fV94atgTC2F3VkZI35dGwmjxHFDopnQAmk/o9Nr6Q="},"indexInfo":{"baseKey":"BZ0bk++fh0W0TVIXeY23RzE/kVUI/YxRuHN5ymmA6H5L","baseKeyType":1,"closed":-1,"used":1735190166503,"created":1735190166503,"remoteIdentityKey":"BfjYcPWh+XThHFODeu6R+S3FS2J8EH+NjbdmLzQz5Vcv"},"_chains":{"BXj9cUagp07lNTVYJiUClQj69vb7p/eWpCXIU2V/Of0/":{"chainKey":{"counter":1,"key":"w8iVOZwJYD0iYeA/RVhCTMonbzq2nO1rPK47ngAmTmM="},"chainType":1,"messageKeys":{}}},"pendingPreKey":{"signedKeyId":15,"baseKey":"BZ0bk++fh0W0TVIXeY23RzE/kVUI/YxRuHN5ymmA6H5L"}}},"version":"v1"}