{"_sessions":{"BZmwaR0ZJ5aO+9+S1mezemjTmP5wzA7saW2ephLYDmEt":{"registrationId":849826750,"currentRatchet":{"ephemeralKeyPair":{"pubKey":"BQDeMK/l14NYXtAI8p5GK53hxgoh6UOaVh+RjRBy3jJY","privKey":"aEzj/CqgVrS24h+i80Y6YY/6oo+YDhIuMqRCy7a87kw="},"lastRemoteEphemeralKey":"BZowhCHVhdTa4cryJk87hF0BJ6jjCL8JmeytMmvO4ZQb","previousCounter":0,"rootKey":"1PX/6c3wQ3PO1A6klnuh1ZHC8v/ySl+ioDdFfam/Cqc="},"indexInfo":{"baseKey":"BZmwaR0ZJ5aO+9+S1mezemjTmP5wzA7saW2ephLYDmEt","baseKeyType":1,"closed":-1,"used":1735190133145,"created":1735190133145,"remoteIdentityKey":"BRo23HfQ7jjiQshiHG7S2qO5K9Rjho6DAxVQ7Ag0Dx9u"},"_chains":{"BQDeMK/l14NYXtAI8p5GK53hxgoh6UOaVh+RjRBy3jJY":{"chainKey":{"counter":1,"key":"DYQc19VVaDwbxg1Z5efu18CURglIipRH2/UcbUbD0GE="},"chainType":1,"messageKeys":{}}},"pendingPreKey":{"signedKeyId":0,"baseKey":"BZmwaR0ZJ5aO+9+S1mezemjTmP5wzA7saW2ephLYDmEt"}}},"version":"v1"}