{"_sessions":{"BeZDh32yx2bbz3X+OHFwmRfaALX+wyabCEJzvbtdRcgC":{"registrationId":1393793905,"currentRatchet":{"ephemeralKeyPair":{"pubKey":"BaNg57E5+qlwtNEB+bW3jWuPo5T4Gt6MDVastEsJ9yto","privKey":"SFQDRPgHlXeJZXq4hQLhn69EgeRU9QrG92QSD0aKK1c="},"lastRemoteEphemeralKey":"BVteMxsWa6EHpR8VG7PSiEiHugsH0P6jHyD7L3LE9jIW","previousCounter":0,"rootKey":"WPq1A5YuEWUg404NSvgEihpkrxu2Vzs77Np3fJmZenQ="},"indexInfo":{"baseKey":"BeZDh32yx2bbz3X+OHFwmRfaALX+wyabCEJzvbtdRcgC","baseKeyType":1,"closed":-1,"used":1735192874475,"created":1735192874475,"remoteIdentityKey":"BUE9bkPNRGulQGkPdHO0Okagcv05HdnAK2NqCSf5LaQn"},"_chains":{"BaNg57E5+qlwtNEB+bW3jWuPo5T4Gt6MDVastEsJ9yto":{"chainKey":{"counter":0,"key":"E1+KKXV0GWpo9QrF41notM2eDLhI8qC8+ufgx/6EdIw="},"chainType":1,"messageKeys":{}}},"pendingPreKey":{"signedKeyId":9,"baseKey":"BeZDh32yx2bbz3X+OHFwmRfaALX+wyabCEJzvbtdRcgC","preKeyId":3062263}}},"version":"v1"}