{"_sessions":{"BU86994iwYH5jCncYlNdsL3f0VtzonI3z4QWfKPjI8lH":{"registrationId":12,"currentRatchet":{"ephemeralKeyPair":{"pubKey":"BSdTiptyLvPEt2MAEV0IHv5aADI7r2e+zjmonuNCFsdz","privKey":"kP7pT6aywZtzrDRtfCL59SYvSa/HdS9phRfA3XzA61M="},"lastRemoteEphemeralKey":"BfvSTtdEk8H9+dq6Z9gYNu+ssAMgKII1lN9E1UMJm8F6","previousCounter":0,"rootKey":"TvDuLvDsUDklnjJu6FpsrcAxbUuNWHtp8ko+3EImjbQ="},"indexInfo":{"baseKey":"BU86994iwYH5jCncYlNdsL3f0VtzonI3z4QWfKPjI8lH","baseKeyType":1,"closed":-1,"used":1735121448441,"created":1735121448441,"remoteIdentityKey":"BWVj9diiLubMbHcaCt99kpQTUM75Va/pJwP/gQz4NY4t"},"_chains":{"BSdTiptyLvPEt2MAEV0IHv5aADI7r2e+zjmonuNCFsdz":{"chainKey":{"counter":24,"key":"Q7MW8xBXTloxiN+LhnqnjfM5Td8omcydC8cj/gPUC5U="},"chainType":1,"messageKeys":{}}},"pendingPreKey":{"signedKeyId":1,"baseKey":"BU86994iwYH5jCncYlNdsL3f0VtzonI3z4QWfKPjI8lH","preKeyId":34}}},"version":"v1"}