{"_sessions":{"BRngt33r9ACl60KSULe/AvS5YgQWjpOOJFQzGjzawKsu":{"registrationId":1607382672,"currentRatchet":{"ephemeralKeyPair":{"pubKey":"BQ47sOXfHuBpGaUXVasaOS6beI/wZRuwJkza5yhkt+MQ","privKey":"uJHkzl147E0wj+C7aJG9I0fegI32jTY7H65l3T0NylE="},"lastRemoteEphemeralKey":"Bc+5c/JFCIhwjJT7cZI6wbyYG+Tb/NBWp4TvaK7pvsYO","previousCounter":0,"rootKey":"A5l6XpjBk04EyErX24dtG4uEGGThgS3ge9WQybIyu1I="},"indexInfo":{"baseKey":"BRngt33r9ACl60KSULe/AvS5YgQWjpOOJFQzGjzawKsu","baseKeyType":1,"closed":-1,"used":1735192793016,"created":1735192793016,"remoteIdentityKey":"BVLrRaAg5jyRnuheAtEsLKwmf3W9bCek9Wyac4OHlF0E"},"_chains":{"BQ47sOXfHuBpGaUXVasaOS6beI/wZRuwJkza5yhkt+MQ":{"chainKey":{"counter":0,"key":"klWu6aaOrfUoP5ukDDg/zpItmptLjfj0wBNen6G9J5c="},"chainType":1,"messageKeys":{}}},"pendingPreKey":{"signedKeyId":1,"baseKey":"BRngt33r9ACl60KSULe/AvS5YgQWjpOOJFQzGjzawKsu"}}},"version":"v1"}