{"_sessions":{"BczavLc4dHehgsdAjjzEk5kJsX59aFqXKK7oXM/xkAEJ":{"registrationId":203,"currentRatchet":{"ephemeralKeyPair":{"pubKey":"BcL0d0EpLzILpvutH3z5/KsgHk11cOyHKxf34hEO9I4C","privKey":"+IvHk08A+q0mopo9UbSjp6ZwNiMPqKGMt3tglrBoEUE="},"lastRemoteEphemeralKey":"BfnC3FanHy1WVMid0NZlyCT6ZiTWHqy3lsEsWdR/Bxc3","previousCounter":0,"rootKey":"Zz6E3LlqwimyMCdaHQJekBocuMoDUnMXCpUIS2TI1ww="},"indexInfo":{"baseKey":"BczavLc4dHehgsdAjjzEk5kJsX59aFqXKK7oXM/xkAEJ","baseKeyType":1,"closed":-1,"used":1735190181485,"created":1735190181485,"remoteIdentityKey":"Bap1ObmmSm0EVG1c75njBRRui87w1leISqKcycguO0dP"},"_chains":{"BcL0d0EpLzILpvutH3z5/KsgHk11cOyHKxf34hEO9I4C":{"chainKey":{"counter":3,"key":"6SBMAbkVa0Cn4r2JPqokkUhDRKpq8KHex1Oq2QubzqU="},"chainType":1,"messageKeys":{}}},"pendingPreKey":{"signedKeyId":1,"baseKey":"BczavLc4dHehgsdAjjzEk5kJsX59aFqXKK7oXM/xkAEJ"}}},"version":"v1"}