{"_sessions":{"BbXF4llWG9JIKqnEyWwMiYGNWnuB2sjvtrzcvreErgkU":{"registrationId":179,"currentRatchet":{"ephemeralKeyPair":{"pubKey":"BRUPu5cjb+iy7zLNU+SmF84i55TwKGKo5yASpJ1miKNr","privKey":"UCMkfM1ufNvmPaxVLJ7fVnz6FbFGJtgwJrorElXg7Fs="},"lastRemoteEphemeralKey":"BalsXpplsGmfrSlYbphS8+uTfy5Q1rR7Hxspqgwds78a","previousCounter":0,"rootKey":"r+md0OqKicbJIKWKDA/s0n2PY8AsK83W7T+Xef4yBN0="},"indexInfo":{"baseKey":"BbXF4llWG9JIKqnEyWwMiYGNWnuB2sjvtrzcvreErgkU","baseKeyType":1,"closed":-1,"used":1735190176943,"created":1735190176943,"remoteIdentityKey":"BUBItBcbRL6FDjSVmKa3DnkV+DPndfCgU6It3/sALrdN"},"_chains":{"BRUPu5cjb+iy7zLNU+SmF84i55TwKGKo5yASpJ1miKNr":{"chainKey":{"counter":1,"key":"kRe/QBZH5VzDNcEvRVJNVVf9A/0q2fy2Y8RW7jIXhfI="},"chainType":1,"messageKeys":{}}},"pendingPreKey":{"signedKeyId":1,"baseKey":"BbXF4llWG9JIKqnEyWwMiYGNWnuB2sjvtrzcvreErgkU"}}},"version":"v1"}