{"_sessions":{"BZfrNtIlNAJMc+f1vyh68/2b0kvmNm+KgTWsUx1LHapA":{"registrationId":2143205019,"currentRatchet":{"ephemeralKeyPair":{"pubKey":"BR6SwCpAKmmlk2X4DbY+AYMrkG5kMKCn0kHTYwNfwpE9","privKey":"CHZ2eXoQmdCtIVo8SJLY2b6PJJ1hMii/KNVLH8qW0VY="},"lastRemoteEphemeralKey":"BaawooPCNs03WIziaqbUrPE0lcVEy28vPlYSf8ar2Vts","previousCounter":0,"rootKey":"SY/NIiJKFe+p22JpPkQwKgcakGDZIMVEfDrMYKmDl+I="},"indexInfo":{"baseKey":"BZfrNtIlNAJMc+f1vyh68/2b0kvmNm+KgTWsUx1LHapA","baseKeyType":1,"closed":-1,"used":1735219061098,"created":1735219061098,"remoteIdentityKey":"BTZMybkcEHHTv18VT1abp1yWCinoWiwjhuoxcgcQm/UW"},"_chains":{"BR6SwCpAKmmlk2X4DbY+AYMrkG5kMKCn0kHTYwNfwpE9":{"chainKey":{"counter":0,"key":"fkcM/JRnUS77HUI6gJjLsZlTjYJ2zSl1qcEkmk/OzIw="},"chainType":1,"messageKeys":{}}},"pendingPreKey":{"signedKeyId":6,"baseKey":"BZfrNtIlNAJMc+f1vyh68/2b0kvmNm+KgTWsUx1LHapA"}}},"version":"v1"}