{"_sessions":{"BcP+fpmKorUmyJr1xSTEXuYH/43QNLl5ONt5ZCb289M1":{"registrationId":356395873,"currentRatchet":{"ephemeralKeyPair":{"pubKey":"BXuPfsRHJKmhGj378CgOvQ+TxBejnQhqBkULnwpV/jYh","privKey":"yCHmN912kq3+xECsKg8TNevV8yP61j8qXebHhI9CWnk="},"lastRemoteEphemeralKey":"BUithUukEM3qfSKjadEijNrPML5k3umnP/E79W81oo54","previousCounter":0,"rootKey":"uUoxmvqPPkF4AxYnVVH4t9FExSqQNv3RtawuPNmsoPY="},"indexInfo":{"baseKey":"BcP+fpmKorUmyJr1xSTEXuYH/43QNLl5ONt5ZCb289M1","baseKeyType":1,"closed":-1,"used":1735190262831,"created":1735190262831,"remoteIdentityKey":"BU5qznuIUF5kyFGnCAGOJ0fjo2Cg3le/0XnOs/gu+8Vf"},"_chains":{"BXuPfsRHJKmhGj378CgOvQ+TxBejnQhqBkULnwpV/jYh":{"chainKey":{"counter":2,"key":"8dDvwRpS7V3CAdjezgnXpJNOn1lCGETNOmvQ1jrb5ac="},"chainType":1,"messageKeys":{}}},"pendingPreKey":{"signedKeyId":1,"baseKey":"BcP+fpmKorUmyJr1xSTEXuYH/43QNLl5ONt5ZCb289M1"}}},"version":"v1"}