{"_sessions":{"BUXYsS9GMasTOUPHxD5mucuEOWAGlFko57gzbDA2fq1M":{"registrationId":830938085,"currentRatchet":{"ephemeralKeyPair":{"pubKey":"BUP5phl0VN8jVCw8EysbQIujMHSX3A/QG3/hjI7pn/VP","privKey":"kLUKl6GOv/R+16Hz4cCi+a1FcNkFh/gcFt4BtvTsuFQ="},"lastRemoteEphemeralKey":"BfNGJlzH0cJ6pYI29+RAkQQQNNt6ABU+axWDZCcg9L8W","previousCounter":0,"rootKey":"fyRK/R+IOS9xx3Vo+q5KB+G+gskjqb4SML4Hju12HgE="},"indexInfo":{"baseKey":"BUXYsS9GMasTOUPHxD5mucuEOWAGlFko57gzbDA2fq1M","baseKeyType":1,"closed":-1,"used":1735190113474,"created":1735190113474,"remoteIdentityKey":"BU7HDU7STDj5YGqL/XR889se2YrYEu0av2h3atnHpRcG"},"_chains":{"BUP5phl0VN8jVCw8EysbQIujMHSX3A/QG3/hjI7pn/VP":{"chainKey":{"counter":1,"key":"YtLspIXCFtMO0JHHahUtX7/bRtKOR7wtZNcCNtWigiY="},"chainType":1,"messageKeys":{}}},"pendingPreKey":{"signedKeyId":1,"baseKey":"BUXYsS9GMasTOUPHxD5mucuEOWAGlFko57gzbDA2fq1M","preKeyId":14930156}}},"version":"v1"}