{"_sessions":{"BW9ElW573SmkCKxnmJGKVpKeJzzIjtE8zkz6NdmUKp8M":{"registrationId":1224347830,"currentRatchet":{"ephemeralKeyPair":{"pubKey":"BRAFFtNXu1QPNIXjfcuYlXWrlQf/B+ch7SWfziDgokZ0","privKey":"KP/eMxPMOxWSMI2HKcuvyqtBmjkUj9SoBsaAIO957HA="},"lastRemoteEphemeralKey":"BX/vWPGpD/oDZBzZiYSbdk3RB57zh/+dsMhysDfGofh0","previousCounter":0,"rootKey":"0RQm+JeJEupNLmSZTMvJ8vKS6UZfITcBSyaKiSXQ/x8="},"indexInfo":{"baseKey":"BW9ElW573SmkCKxnmJGKVpKeJzzIjtE8zkz6NdmUKp8M","baseKeyType":1,"closed":-1,"used":1735219049043,"created":1735219049043,"remoteIdentityKey":"Bc8ozQcK+xw/Ge+F7GJmkUMxg/x/UZGJRsHOLMeNBJZP"},"_chains":{"BRAFFtNXu1QPNIXjfcuYlXWrlQf/B+ch7SWfziDgokZ0":{"chainKey":{"counter":0,"key":"n+7mp0FRDyE8i5dQX6t8uxLhW5qXba2Cy6G2U9rtKSs="},"chainType":1,"messageKeys":{}}},"pendingPreKey":{"signedKeyId":0,"baseKey":"BW9ElW573SmkCKxnmJGKVpKeJzzIjtE8zkz6NdmUKp8M","preKeyId":7268884}}},"version":"v1"}