{"_sessions":{"Bf4l/L0wiQu9zW+UQsViX3mP+NxLF+QsUWVx+q780S8S":{"registrationId":7424,"currentRatchet":{"ephemeralKeyPair":{"pubKey":"BR0G7ZpzY64FITFx+1R7NEhprPFolRIKiB1Axglk7uJI","privKey":"uJ6c32QEcdTDR5NWKqOe/8idsTfD5PQkV/L0r4lk60I="},"lastRemoteEphemeralKey":"BdFsRZnp3uDIyY6k3lwxw4qdge0H/cHPJKhH+r5gl1NN","previousCounter":0,"rootKey":"UtNrEjKv1nwYl2zhOuWr7RFvlHPniv8T+FUYzzB517U="},"indexInfo":{"baseKey":"Bf4l/L0wiQu9zW+UQsViX3mP+NxLF+QsUWVx+q780S8S","baseKeyType":1,"closed":-1,"used":1735192846859,"created":1735192846859,"remoteIdentityKey":"Bbk9khFK+pd21OwgmAJ7AW9HOMByWqctess1WXxt9qQ8"},"_chains":{"BR0G7ZpzY64FITFx+1R7NEhprPFolRIKiB1Axglk7uJI":{"chainKey":{"counter":0,"key":"PbCNBi0T3K0nDofhc9QNUjQKm+zdZ/TG7lyWZ7voJag="},"chainType":1,"messageKeys":{}}},"pendingPreKey":{"signedKeyId":1,"baseKey":"Bf4l/L0wiQu9zW+UQsViX3mP+NxLF+QsUWVx+q780S8S"}}},"version":"v1"}