{"_sessions":{"BfSjIw1qbGUTLHOmE+opf2CNzhSdEFVmG3JXFLj0aNti":{"registrationId":1002760880,"currentRatchet":{"ephemeralKeyPair":{"pubKey":"BanJ2/p33icRArwQwMoUwfZzEpnw0CGBDNQel0gh5spN","privKey":"MKudugXND1W8K/IIlcKRkXf9eWxm2Y+oqcY0cKuF81M="},"lastRemoteEphemeralKey":"BfLGCfloUGqbzE7bnYgT54IEHexI7C0TEwL5oGFeG6lx","previousCounter":0,"rootKey":"mLXl5nCTjGkvi3J9ju/7prJqwePT18437RTbQchbOgo="},"indexInfo":{"baseKey":"BfSjIw1qbGUTLHOmE+opf2CNzhSdEFVmG3JXFLj0aNti","baseKeyType":1,"closed":-1,"used":1735190166681,"created":1735190166681,"remoteIdentityKey":"BU6pZ3DkY6dA+9cHcpxUjiR0RDtJ9d4A+sa50Ffa2cpc"},"_chains":{"BanJ2/p33icRArwQwMoUwfZzEpnw0CGBDNQel0gh5spN":{"chainKey":{"counter":1,"key":"BIi4Zw81TqLxdXI4MQqvGjoyU1rDWkVO+CXZAqnnatA="},"chainType":1,"messageKeys":{}}},"pendingPreKey":{"signedKeyId":1072321,"baseKey":"BfSjIw1qbGUTLHOmE+opf2CNzhSdEFVmG3JXFLj0aNti"}}},"version":"v1"}