{"_sessions":{"BSzVSWdSc5PJIWDPyGHzsRS5wJd85HyKNjosW3NO5olm":{"registrationId":421202826,"currentRatchet":{"ephemeralKeyPair":{"pubKey":"BUlW8K9a9e/5Qx39edQDBVXJWu0SdfXKyxDzUs0Yoi43","privKey":"YMHlW366tRC7mw9kCLi6xjs7mq8xAQ2/tSYZAES5HGI="},"lastRemoteEphemeralKey":"BVSnT5GkSuIZ+duvx8Hdc56GJR1Hgs39bG3W8jwPiewR","previousCounter":0,"rootKey":"L/bK9Zqvv+9LRacDtax6Fthr8pE8vR+bsrB1EtnFN9I="},"indexInfo":{"baseKey":"BSzVSWdSc5PJIWDPyGHzsRS5wJd85HyKNjosW3NO5olm","baseKeyType":1,"closed":-1,"used":1735123649591,"created":1735123649591,"remoteIdentityKey":"BR3BHxltnBDFhRd7kyU3EmrqBe2Qul++e3XcHAku84dN"},"_chains":{"BUlW8K9a9e/5Qx39edQDBVXJWu0SdfXKyxDzUs0Yoi43":{"chainKey":{"counter":1,"key":"zUvJ2G33UD3e/Sf5xyRHeP8phoqQSyb/WIF9PbuHDsM="},"chainType":1,"messageKeys":{}}},"pendingPreKey":{"signedKeyId":6,"baseKey":"BSzVSWdSc5PJIWDPyGHzsRS5wJd85HyKNjosW3NO5olm"}}},"version":"v1"}