{"_sessions":{"BbLu1K0VnjvRmiU26/5daz8Y9rilV2Nn1bR6fFoZtxtT":{"registrationId":1306538413,"currentRatchet":{"ephemeralKeyPair":{"pubKey":"BQGfpL0CUidbp/O/Gej2AnMMd9zBZQ37g0/GaiNUMAVn","privKey":"2O+KswVsSqOGpOSuAd26fd38fxMap+7GA3jgaWgv/mA="},"lastRemoteEphemeralKey":"BYK0vRBYOqYvq+AUpQbaEpmovvF5pRnk9pZOmad1T/1S","previousCounter":0,"rootKey":"aa17NMAL8tc/gVuhSYpm3X/ZJF+s4K4YwuTaFgV4Lo0="},"indexInfo":{"baseKey":"BbLu1K0VnjvRmiU26/5daz8Y9rilV2Nn1bR6fFoZtxtT","baseKeyType":1,"closed":-1,"used":1735192893550,"created":1735192893550,"remoteIdentityKey":"BZfmuH/hnIDvowpRd4kuEKHC2Ifj5UnRCR3peR0tqSls"},"_chains":{"BQGfpL0CUidbp/O/Gej2AnMMd9zBZQ37g0/GaiNUMAVn":{"chainKey":{"counter":0,"key":"1KSGExtXvtxx5haEMLzjFvl7X8+1CDILep2QFrOUtXg="},"chainType":1,"messageKeys":{}}},"pendingPreKey":{"signedKeyId":4,"baseKey":"BbLu1K0VnjvRmiU26/5daz8Y9rilV2Nn1bR6fFoZtxtT","preKeyId":9354312}}},"version":"v1"}