{"_sessions":{"BXt28YzLsCV/3WRtdWnBm4PcmrXWkviE4kBpKQNEydsK":{"registrationId":573249332,"currentRatchet":{"ephemeralKeyPair":{"pubKey":"Ba/BgFy/G/vUn4F+KdHxO+66kbReUuaH0SnMvehVGG4x","privKey":"ULSOR4zo69950WkEFjTROzbKbFWSKSd5k0tvtCUmEGA="},"lastRemoteEphemeralKey":"BXqVw4aCERIKbp20EED0Q2B+3G6/C/SJmxwOiZZVXq4I","previousCounter":0,"rootKey":"1owuqjY4ulH+HcZv5Q+JUITGiCYiNQvNi1ms/wkkWfM="},"indexInfo":{"baseKey":"BXt28YzLsCV/3WRtdWnBm4PcmrXWkviE4kBpKQNEydsK","baseKeyType":1,"closed":-1,"used":1735190110756,"created":1735190110756,"remoteIdentityKey":"BTogHIdVMmE2c6C9dk8jQ6Xn6/e61/i83CMUQvL9k2IS"},"_chains":{"Ba/BgFy/G/vUn4F+KdHxO+66kbReUuaH0SnMvehVGG4x":{"chainKey":{"counter":1,"key":"nViN+QkLPpksKwIIPHfIasEzZWs6YEZ5HlR1ur0j7cM="},"chainType":1,"messageKeys":{}}},"pendingPreKey":{"signedKeyId":7,"baseKey":"BXt28YzLsCV/3WRtdWnBm4PcmrXWkviE4kBpKQNEydsK","preKeyId":3334271}}},"version":"v1"}