{"_sessions":{"BW9pJItT2E0+JDV/QTdsT8yJHZmiEjIGZD/MKKhndlAf":{"registrationId":116,"currentRatchet":{"ephemeralKeyPair":{"pubKey":"BZQYvdRm3+ZpSkhhzZ/SsCLjZWc1GOBCBPVxQdgGL+UI","privKey":"yH+d/QNANcPTPtzNTdhLvLDh2NYWVg3XFkCY+OlJ7Es="},"lastRemoteEphemeralKey":"BRz3aqblNOjhRHdRuNzaoCdOkGnkRrPmVewg3empB1ca","previousCounter":0,"rootKey":"GG0n5IrYqTmmmTnBhWQ8X+58jivJWLkA5IvfdsGN5Jw="},"indexInfo":{"baseKey":"BW9pJItT2E0+JDV/QTdsT8yJHZmiEjIGZD/MKKhndlAf","baseKeyType":1,"closed":-1,"used":1735121451872,"created":1735121451872,"remoteIdentityKey":"BaeMSMuPXt0cf2KSKhBzFyVRJEE/jOaclxOzXjqX6CMQ"},"_chains":{"BZQYvdRm3+ZpSkhhzZ/SsCLjZWc1GOBCBPVxQdgGL+UI":{"chainKey":{"counter":5,"key":"z/XHP8Z7YUzMNO7By4lON9/IGWNCX+wpOAjYnbXz73U="},"chainType":1,"messageKeys":{}}},"pendingPreKey":{"signedKeyId":1,"baseKey":"BW9pJItT2E0+JDV/QTdsT8yJHZmiEjIGZD/MKKhndlAf"}}},"version":"v1"}