{"_sessions":{"BQOa+kF6AAtqJ8wFNi/qL2L4h3UJG0M672jxXCd1EmAC":{"registrationId":165,"currentRatchet":{"ephemeralKeyPair":{"pubKey":"BdbVcuGP5LOwVuuRu8m5/FsTfhNdCBdfQlF6nEjtKUMm","privKey":"+FjopbR0OY3gnKfXnO3XNst/CA/zbHPXLM4bpq7bGWA="},"lastRemoteEphemeralKey":"BfhpriJQCGVGvfR9OPfOgb+LERceXB4yCckiiXnAdOZm","previousCounter":0,"rootKey":"GKvg7oHsvAxeBFqojC8dVSdfwijRhz64T9lKQMLPwxM="},"indexInfo":{"baseKey":"BQOa+kF6AAtqJ8wFNi/qL2L4h3UJG0M672jxXCd1EmAC","baseKeyType":1,"closed":-1,"used":1735190122339,"created":1735190122339,"remoteIdentityKey":"BYg2+tzu1RGjMry4XukS+YtZ/kd6nVj7Ev7qP0d2SK04"},"_chains":{"BdbVcuGP5LOwVuuRu8m5/FsTfhNdCBdfQlF6nEjtKUMm":{"chainKey":{"counter":1,"key":"oG0Ib11bVXjnM2zqYfKsYdLMhWjE6KWbBCL8GtG5hoQ="},"chainType":1,"messageKeys":{}}},"pendingPreKey":{"signedKeyId":1,"baseKey":"BQOa+kF6AAtqJ8wFNi/qL2L4h3UJG0M672jxXCd1EmAC"}}},"version":"v1"}