{"_sessions":{"BQxyt0bcYkMnkIooWf7+OtfSUeUjZ47k/XeE9ZBdeWsD":{"registrationId":1136124953,"currentRatchet":{"ephemeralKeyPair":{"pubKey":"BVqfnM3maC3qmf8T7PUj7JE036NzXEcCOIWaqrObNwJ7","privKey":"EGjjr2cIhBaYSAeifni6JGtUBAX6B4JJZUnFghQwoHQ="},"lastRemoteEphemeralKey":"BWR5xvRmq40TiAGMqO6RFlI+ZisrE6igQnipxuB9FsdM","previousCounter":0,"rootKey":"fxpgsqYCenW/5H6h8DbcOzqmyfBFho4GjaAt+WHhMQ8="},"indexInfo":{"baseKey":"BQxyt0bcYkMnkIooWf7+OtfSUeUjZ47k/XeE9ZBdeWsD","baseKeyType":1,"closed":-1,"used":1735190098139,"created":1735190098139,"remoteIdentityKey":"BQFZUH5rGlILf7loxVzp0/KAzcMs2g6m77PpQRy8PzQi"},"_chains":{"BVqfnM3maC3qmf8T7PUj7JE036NzXEcCOIWaqrObNwJ7":{"chainKey":{"counter":1,"key":"5Wviv9haRC/6aC3bDfVYxUSEcEII7bYX4WlTBPjgm1U="},"chainType":1,"messageKeys":{}}},"pendingPreKey":{"signedKeyId":0,"baseKey":"BQxyt0bcYkMnkIooWf7+OtfSUeUjZ47k/XeE9ZBdeWsD","preKeyId":14240061}}},"version":"v1"}