{"_sessions":{"BX7ySeKI7a0M59OfTXNlVG5q4f5nEUblqwcQMR6VGxsZ":{"registrationId":129,"currentRatchet":{"ephemeralKeyPair":{"pubKey":"BYXJccpe/94+QugAv/Z5mh4fLibTgrGGyTfUtEh1P9BM","privKey":"UKiFlBZ3ALGKTK24EeNNPKYwN+zHal4jS2nFl3llQns="},"lastRemoteEphemeralKey":"BVIxtXu2VgVQWwExU/t4VZTlqmSgzWXtK9UUrKLTMKse","previousCounter":0,"rootKey":"ZTU4iibVpYDrjG00pCWLk6Xpn3dzFqD7ZR8A02o6Rbk="},"indexInfo":{"baseKey":"BX7ySeKI7a0M59OfTXNlVG5q4f5nEUblqwcQMR6VGxsZ","baseKeyType":1,"closed":-1,"used":1735190190711,"created":1735190190711,"remoteIdentityKey":"Bb3R5iqjriPzCPZSFbQXVvDEpLobppTRJL7FsnnHXaNb"},"_chains":{"BYXJccpe/94+QugAv/Z5mh4fLibTgrGGyTfUtEh1P9BM":{"chainKey":{"counter":2,"key":"vR1kMVF7lsKdOHwRrO1Mn6VshFoTzb+6htJODewkgTw="},"chainType":1,"messageKeys":{}}},"pendingPreKey":{"signedKeyId":1,"baseKey":"BX7ySeKI7a0M59OfTXNlVG5q4f5nEUblqwcQMR6VGxsZ"}}},"version":"v1"}