{"_sessions":{"BcTaJebk7JfM7puKBG5ToFT4V2yGfUlYVkSyyMuejX9i":{"registrationId":157,"currentRatchet":{"ephemeralKeyPair":{"pubKey":"BSLQEk0FqnbP04J1sjVlK0WYG9ZAePMWgSVksx4LRgRl","privKey":"uMw7ebdNJmTQuXRbDv4IIsmHxbTCZZkYpmsXnVbu8F0="},"lastRemoteEphemeralKey":"BSsSFYERnpvR27Au5yL/oCH1EYlD9sJ/gYskaW1SiesV","previousCounter":0,"rootKey":"zlkDtY0NeIlIxsL6LXbMPkUJcVEiGTv/5qIe2G8uxLM="},"indexInfo":{"baseKey":"BcTaJebk7JfM7puKBG5ToFT4V2yGfUlYVkSyyMuejX9i","baseKeyType":1,"closed":-1,"used":1735190140412,"created":1735190140412,"remoteIdentityKey":"BaD4kedxPGse2ZMqP2m23BtnJGug33gRRYs+gkQNNUhK"},"_chains":{"BSLQEk0FqnbP04J1sjVlK0WYG9ZAePMWgSVksx4LRgRl":{"chainKey":{"counter":5,"key":"vLFu3DZd53dumVxyxnxzG/exleiQrq5nad0F8C/e7eU="},"chainType":1,"messageKeys":{}}},"pendingPreKey":{"signedKeyId":1,"baseKey":"BcTaJebk7JfM7puKBG5ToFT4V2yGfUlYVkSyyMuejX9i"}}},"version":"v1"}