{"_sessions":{"BWKoGfxqXImFnFBMkVozSBlm9b3SCXMyGq1MKT0ta0c4":{"registrationId":534652402,"currentRatchet":{"ephemeralKeyPair":{"pubKey":"BaSjSXniFjlHHDBm+eoy4Pas7X4oncyVF4cSsCEq7ngl","privKey":"kJ79fTWuzfsfE6dpp3dUBk8mU3lm7QFqW8sifj5V7FM="},"lastRemoteEphemeralKey":"BRtD46n2k6IUE/20J4iV9JywJ2ultAjNySYijO5ykCh6","previousCounter":0,"rootKey":"PFjf0P5/5R2i+jCkeXwZNsKjpDDbdsGZeHFZHkZlJz4="},"indexInfo":{"baseKey":"BWKoGfxqXImFnFBMkVozSBlm9b3SCXMyGq1MKT0ta0c4","baseKeyType":1,"closed":-1,"used":1735190170644,"created":1735190170644,"remoteIdentityKey":"BZx1rWi15nwy+jGfRzwNaW4ijiRm9l9AzwZB+12AzetD"},"_chains":{"BaSjSXniFjlHHDBm+eoy4Pas7X4oncyVF4cSsCEq7ngl":{"chainKey":{"counter":3,"key":"DxfW0R08MF7L3VrKTvCF3pyLpQ79jBNobrDH+CgAiyY="},"chainType":1,"messageKeys":{}}},"pendingPreKey":{"signedKeyId":0,"baseKey":"BWKoGfxqXImFnFBMkVozSBlm9b3SCXMyGq1MKT0ta0c4","preKeyId":11646796}}},"version":"v1"}