{"_sessions":{"BZbvfKO2CB0fQzYOlplEzz6UA4Q611lrblOXBUJsjU4a":{"registrationId":82219186,"currentRatchet":{"ephemeralKeyPair":{"pubKey":"BSDl9bK0SbYPmEW1MB0vYYG7fd+wEWWYAdGHDVr3y+Ua","privKey":"eL/JiPdt6Prf5rS0o+e0FGLGzsKhAbtPGYRpA7EMZXk="},"lastRemoteEphemeralKey":"BbwrHgDtWzI5ADAdJl0bEQhxpG228luL4GJZ1HIJg6N1","previousCounter":0,"rootKey":"4PwDB9yM6c9tX4dQzs5JJVFAZD3++PJQ7EqF7qhspbU="},"indexInfo":{"baseKey":"BZbvfKO2CB0fQzYOlplEzz6UA4Q611lrblOXBUJsjU4a","baseKeyType":1,"closed":-1,"used":1735192816571,"created":1735192816571,"remoteIdentityKey":"BbMB/cQW0ZaD9NlOOWK1gNm7ncw4XpNRzW/qucfnWEtl"},"_chains":{"BSDl9bK0SbYPmEW1MB0vYYG7fd+wEWWYAdGHDVr3y+Ua":{"chainKey":{"counter":0,"key":"G1HmtcRSityTZUXoG7cUnAzxelhu+JxTqrTHqVTC2wk="},"chainType":1,"messageKeys":{}}},"pendingPreKey":{"signedKeyId":0,"baseKey":"BZbvfKO2CB0fQzYOlplEzz6UA4Q611lrblOXBUJsjU4a","preKeyId":16368762}}},"version":"v1"}