{"_sessions":{"BRwYDUHeQKZ85KpzPrBndhM6dfs5nOtnUOGKLl6BRphm":{"registrationId":1107576107,"currentRatchet":{"ephemeralKeyPair":{"pubKey":"BU0fcwCKSRp1ipFcZ8jwymv1pqlHX8o4RWNaj7hSeBlo","privKey":"UMd/231BwTgUyyP5a0FIdPGI4pGdJpai4BKJEeYD7GE="},"lastRemoteEphemeralKey":"BYVsqrAf5m2lKJCEjTRcUfS7NAW4ETlFFt0hfhX5L0ol","previousCounter":0,"rootKey":"PphtNYK1Zuu13VMs/NsdC52GaWN1FqZ9Mfg5c8ANXlU="},"indexInfo":{"baseKey":"BRwYDUHeQKZ85KpzPrBndhM6dfs5nOtnUOGKLl6BRphm","baseKeyType":1,"closed":-1,"used":1735121455152,"created":1735121455152,"remoteIdentityKey":"BUDK3f32ZhAHzZggjxr//4QZCOKZh3MHFORZSHs1ZUtA"},"_chains":{"BU0fcwCKSRp1ipFcZ8jwymv1pqlHX8o4RWNaj7hSeBlo":{"chainKey":{"counter":51,"key":"5PDeAXD80rm3qF9f53Zo+tMUNtRQnjIwyFsuWhEaED4="},"chainType":1,"messageKeys":{}}},"pendingPreKey":{"signedKeyId":25,"baseKey":"BRwYDUHeQKZ85KpzPrBndhM6dfs5nOtnUOGKLl6BRphm","preKeyId":7149400}}},"version":"v1"}