{"_sessions":{"BcKQ0AUl5JMQsyV9mLMc5ekw3uhf9nUF7+jhdH430yd7":{"registrationId":301574493,"currentRatchet":{"ephemeralKeyPair":{"pubKey":"BYwzyMaDcq3yVc+Lu2ATYqoOVUBX5bTvxLoiWqnYm9Io","privKey":"gPK+cyjC4q65Zz5wMJ8gCyuWXwl6Y4DDjeXZFsPc2XA="},"lastRemoteEphemeralKey":"BaD9Yn/bC3z7kDEBwCRlIVWVKXZUr5wBaYbeipWbiTJx","previousCounter":0,"rootKey":"WU7vdnQiC/AIjylYoGMniyvXmaKvyoDbtCOgOh4c7Y0="},"indexInfo":{"baseKey":"BcKQ0AUl5JMQsyV9mLMc5ekw3uhf9nUF7+jhdH430yd7","baseKeyType":1,"closed":-1,"used":1735192821221,"created":1735192821221,"remoteIdentityKey":"BUsKHlgE+HcR6/hl/Yg8yisKRs3ds6E2RWh2ifg5BOl4"},"_chains":{"BYwzyMaDcq3yVc+Lu2ATYqoOVUBX5bTvxLoiWqnYm9Io":{"chainKey":{"counter":0,"key":"Xe+6eaEY44FiuRQzm6I5K/COF13iEsIKiDubH8fRK2E="},"chainType":1,"messageKeys":{}}},"pendingPreKey":{"signedKeyId":2,"baseKey":"BcKQ0AUl5JMQsyV9mLMc5ekw3uhf9nUF7+jhdH430yd7","preKeyId":14709278}}},"version":"v1"}