{"_sessions":{"BdPeu0RwWDHu0nGYktPTH1+ZHgC5Fskq35msfOQRzLtf":{"registrationId":274211955,"currentRatchet":{"ephemeralKeyPair":{"pubKey":"BZ0nS5OV1EXiWdmBgj/H5Hi2ksAns6y4Jw12Jj0gBjc4","privKey":"YN9BDMd0hkgl67Kg1MF6LBvL1TbYlF/Z07aLnFQDjn8="},"lastRemoteEphemeralKey":"BbYieqUYQei0DpysGmi2OpaB/qKI0pM9AAF4qteFP0cb","previousCounter":0,"rootKey":"sKtlzQrcII0pLa+amcOymlwPWG9xaxuBhHP0BGJHeQw="},"indexInfo":{"baseKey":"BdPeu0RwWDHu0nGYktPTH1+ZHgC5Fskq35msfOQRzLtf","baseKeyType":1,"closed":-1,"used":1735123665412,"created":1735123665412,"remoteIdentityKey":"BQ9Z7DHTZzu4HzNKa667vBcvNvb9gUoL0W6/2yXTXwA4"},"_chains":{"BZ0nS5OV1EXiWdmBgj/H5Hi2ksAns6y4Jw12Jj0gBjc4":{"chainKey":{"counter":0,"key":"01/OBOsQuAQ8VZqPe4/gHnKwt2Ir0PATwQ+NiOw2iBo="},"chainType":1,"messageKeys":{}}},"pendingPreKey":{"signedKeyId":9,"baseKey":"BdPeu0RwWDHu0nGYktPTH1+ZHgC5Fskq35msfOQRzLtf","preKeyId":7842951}}},"version":"v1"}