{"_sessions":{"BX+S3LZGfD5ktXyDEOKOVgptkFO1qjazERyDzU796AJA":{"registrationId":1515750642,"currentRatchet":{"ephemeralKeyPair":{"pubKey":"BQnqtXt2TXDnuIjUQnCdkpBH0D/01eQdmpak4qCAsHNr","privKey":"0B8TRTEQiZux2FPXA52y6vnnivb8Zvu16MFa5Tlw7VY="},"lastRemoteEphemeralKey":"Bb+K+SfJK2WvuskFu7wYZbDx+S13VEdKYzEMsUrySHJo","previousCounter":0,"rootKey":"7CzeEFwyeKLOoaqRev2WKPxXG60lmeNf/Ea+kfaFzzg="},"indexInfo":{"baseKey":"BX+S3LZGfD5ktXyDEOKOVgptkFO1qjazERyDzU796AJA","baseKeyType":1,"closed":-1,"used":1735192888264,"created":1735192888264,"remoteIdentityKey":"Bfe/cRqQ1PNVg8lhxEmT4Xg5fGIPYH7uBTvLYrr+hfl1"},"_chains":{"BQnqtXt2TXDnuIjUQnCdkpBH0D/01eQdmpak4qCAsHNr":{"chainKey":{"counter":0,"key":"DSysOxzXfNnjHTXegJDNjcjnfOwhFWO3OSqAzUplzGw="},"chainType":1,"messageKeys":{}}},"pendingPreKey":{"signedKeyId":0,"baseKey":"BX+S3LZGfD5ktXyDEOKOVgptkFO1qjazERyDzU796AJA","preKeyId":4662132}}},"version":"v1"}