{"_sessions":{"BZ0CHR2PlqDDgqaNOY/3d6rQSQIzVKp7bR//5FycMCkN":{"registrationId":1367139432,"currentRatchet":{"ephemeralKeyPair":{"pubKey":"BfHseDN1yBzP+VwRKmx7a5b9VD+GPnw9qLAlePmCWQ9v","privKey":"wA/EIgs4QTKQGNJ924VnOpkk4mMijT7n5mlwnrIue1M="},"lastRemoteEphemeralKey":"Bfcuc35HtKgXoes6KqpuaYgR4DDp5ArVDKRBk9fRYOcL","previousCounter":0,"rootKey":"sbrldrI7hhwrfRW0DAePRBelEWgVIH+9RVXnT0X9sqU="},"indexInfo":{"baseKey":"BZ0CHR2PlqDDgqaNOY/3d6rQSQIzVKp7bR//5FycMCkN","baseKeyType":1,"closed":-1,"used":1735121751988,"created":1735121751988,"remoteIdentityKey":"BRrBbW7VU+ITyDJuXxvI0UxmAHh1cIK+pCPeVBkl8lwS"},"_chains":{"BfHseDN1yBzP+VwRKmx7a5b9VD+GPnw9qLAlePmCWQ9v":{"chainKey":{"counter":0,"key":"RGpkN4LFJwoLM0HmYq6rLngYYEcniK9yKtPngSpqbgk="},"chainType":1,"messageKeys":{}}},"pendingPreKey":{"signedKeyId":15,"baseKey":"BZ0CHR2PlqDDgqaNOY/3d6rQSQIzVKp7bR//5FycMCkN","preKeyId":10742371}}},"version":"v1"}