{"_sessions":{"BVx6ObSzbcn6BifbYbcBgNGNzoUdevGoOawrdnUWeU8k":{"registrationId":622513438,"currentRatchet":{"ephemeralKeyPair":{"pubKey":"BQO93TiK5pTRqDc7zVRwRYgbWqnh23aswIaSVYN3wmU2","privKey":"2HSfge0ko2ihF7bLUwuG1YVZi1TbWqFCYX4+0zEXpnU="},"lastRemoteEphemeralKey":"BdrHQjb7bqUnPZ75UvocVGpsUEbDjdgqeBPRu2hspsx2","previousCounter":0,"rootKey":"rCmfOpyszJmdrn6+f2dschBrLBf3KrXkpSqrOkLV3Dc="},"indexInfo":{"baseKey":"BVx6ObSzbcn6BifbYbcBgNGNzoUdevGoOawrdnUWeU8k","baseKeyType":1,"closed":-1,"used":1735219058248,"created":1735219058248,"remoteIdentityKey":"BWci4vJyAn6HRNSqZix59Tiiax20TRIAjFLHBVfWYzEM"},"_chains":{"BQO93TiK5pTRqDc7zVRwRYgbWqnh23aswIaSVYN3wmU2":{"chainKey":{"counter":0,"key":"DV2ji0urFxyFCdeB+UFKnvb5OvxK5GJ+CF5hR8sWswo="},"chainType":1,"messageKeys":{}}},"pendingPreKey":{"signedKeyId":0,"baseKey":"BVx6ObSzbcn6BifbYbcBgNGNzoUdevGoOawrdnUWeU8k"}}},"version":"v1"}