{"_sessions":{"BRYHHwwviaAnylrddYa1/9MH3RHb1xkeol3B3/ZZa/IF":{"registrationId":46,"currentRatchet":{"ephemeralKeyPair":{"pubKey":"BeVuEb2ZzCPfynprriDxD9q+IbgvkHBlKSlsxVeB61lV","privKey":"SNDXFNlxS8rnbR1888OEKNrv4JlXVu9eYDvIPumlzHY="},"lastRemoteEphemeralKey":"BYTQOdySbVK5s/j6xfwLLcNLT2GZ1H+p9WZosXe9PZ4L","previousCounter":0,"rootKey":"FzPdGFl+uK0Ggdokn7s8j8ZFpOVqMRz534CEXVU0Bpk="},"indexInfo":{"baseKey":"BRYHHwwviaAnylrddYa1/9MH3RHb1xkeol3B3/ZZa/IF","baseKeyType":1,"closed":-1,"used":1735121451846,"created":1735121451846,"remoteIdentityKey":"BcDE61CozPx38DfOoomIgKB3xwVmGBLYcm/eZXnZ6KQM"},"_chains":{"BeVuEb2ZzCPfynprriDxD9q+IbgvkHBlKSlsxVeB61lV":{"chainKey":{"counter":5,"key":"SXGyYIbye79vROPN5xMe5PGU8AzcHeWNfzxHPjqxijc="},"chainType":1,"messageKeys":{}}},"pendingPreKey":{"signedKeyId":1,"baseKey":"BRYHHwwviaAnylrddYa1/9MH3RHb1xkeol3B3/ZZa/IF"}}},"version":"v1"}