{"_sessions":{"BZ7ta7YVGCJReoNQJ40cKryOk0rvI9K2QN+KiTe01h8t":{"registrationId":2,"currentRatchet":{"ephemeralKeyPair":{"pubKey":"BYJJEMiNHSdKyIlx0rhTA6dHmXnimFscmo+qbASMK7kH","privKey":"UA6FqJvpzltyEaQwditu5p4iNR7a5+De4OoecJWI7F0="},"lastRemoteEphemeralKey":"BUE/7mFuLwgYT0he0gmiPB6xidCmKWZvMRo6tkMaNqIT","previousCounter":0,"rootKey":"+/DrrlVkpoOifqGJsQPKeZflpB2w2332JEHW4Sif86E="},"indexInfo":{"baseKey":"BZ7ta7YVGCJReoNQJ40cKryOk0rvI9K2QN+KiTe01h8t","baseKeyType":1,"closed":-1,"used":1735192788057,"created":1735192788057,"remoteIdentityKey":"BWyMs0JRVzZbFvj+367pqtVQG7qnNU/+XwAzRXnQhKdB"},"_chains":{"BYJJEMiNHSdKyIlx0rhTA6dHmXnimFscmo+qbASMK7kH":{"chainKey":{"counter":0,"key":"tcSMpfhUtYkwQ3vEBg/CBnDvGvyS0oKMmrAifXgno70="},"chainType":1,"messageKeys":{}}},"pendingPreKey":{"signedKeyId":1,"baseKey":"BZ7ta7YVGCJReoNQJ40cKryOk0rvI9K2QN+KiTe01h8t"}}},"version":"v1"}