{"_sessions":{"BYHfvwfG/CdIKB3BJuYCiyF/QjHnG9OV3IEN0wIT41F3":{"registrationId":618411820,"currentRatchet":{"ephemeralKeyPair":{"pubKey":"BdY8WOfALzFasv1Bs6kFXENb2e7FolIaugZwunkeEj1d","privKey":"cG1QCXg4t0HbswzPi+EoP8RTjff92KCe4raS7T6n22U="},"lastRemoteEphemeralKey":"BR8ciJ6YI8/VQo4Cbq2l4ommlFXnnsb1kLle4ZihWXxF","previousCounter":0,"rootKey":"ppay4jQJxNmZTEX6D1xLAzWkSWDN15WCRpibrM5v36E="},"indexInfo":{"baseKey":"BYHfvwfG/CdIKB3BJuYCiyF/QjHnG9OV3IEN0wIT41F3","baseKeyType":1,"closed":-1,"used":1735192812058,"created":1735192812058,"remoteIdentityKey":"BQ4rfRtbKL4Xg+XtGn65esAVZt7pKQNkU8LU6uhcZOp6"},"_chains":{"BdY8WOfALzFasv1Bs6kFXENb2e7FolIaugZwunkeEj1d":{"chainKey":{"counter":0,"key":"gCkPBTQmTGJ44fpKDpp1E6Y1TylPdFmNOkTWttF9uRE="},"chainType":1,"messageKeys":{}}},"pendingPreKey":{"signedKeyId":5,"baseKey":"BYHfvwfG/CdIKB3BJuYCiyF/QjHnG9OV3IEN0wIT41F3","preKeyId":11728167}}},"version":"v1"}