{"_sessions":{"BduFEHuAr8SBUyXAtcWkm8LUaTckOQoLleTURvy2Uf5a":{"registrationId":1061885145,"currentRatchet":{"ephemeralKeyPair":{"pubKey":"BTH70C7HF3RzPlCXK4jtQFbFF86oI+7khhQ3wn2RNk8o","privKey":"OHudUu1znxQYAqBwIbK7tMfXWWbws096xx5tG9Hp3W0="},"lastRemoteEphemeralKey":"BZUH7JTwfP2fM493PhNT2JzWo6wvVP6CbPRrTHZBbew4","previousCounter":0,"rootKey":"AIR0nCqD1znKORVFw9DASyHrI+V+zej5FB/b8s+Nd5Y="},"indexInfo":{"baseKey":"BduFEHuAr8SBUyXAtcWkm8LUaTckOQoLleTURvy2Uf5a","baseKeyType":1,"closed":-1,"used":1735190262993,"created":1735190262993,"remoteIdentityKey":"BaBP6Pia8nmxSmSD6h6eIyF0oz3MC/Ja3UBh5fNL/p8a"},"_chains":{"BTH70C7HF3RzPlCXK4jtQFbFF86oI+7khhQ3wn2RNk8o":{"chainKey":{"counter":2,"key":"epPKKES+QWr3jrPnKpzXaOHHlOrDVzeYH1qmVAwQb18="},"chainType":1,"messageKeys":{}}},"pendingPreKey":{"signedKeyId":2,"baseKey":"BduFEHuAr8SBUyXAtcWkm8LUaTckOQoLleTURvy2Uf5a","preKeyId":12281406}}},"version":"v1"}