{"_sessions":{"BfMMXdp9Qa6n5/VhNJk62bpU/98OXo7TvrvWbM7N8Zcl":{"registrationId":44,"currentRatchet":{"ephemeralKeyPair":{"pubKey":"BbTxskH0p5QTiOh+WYwWa9KFFACsQcXw4tosIxxXAiYP","privKey":"uAac00iXtQjdIcAwQthM0iPYbL+f0HiWPWtvCJ/7AF4="},"lastRemoteEphemeralKey":"Bd0WQnccumOouh1E5NhYd/ZdUpzBeUFTh0jlQLABahEF","previousCounter":0,"rootKey":"XkZ8l6dz5ivFMoIedE2893M9Pd3/oxipkZi6qNOFJDA="},"indexInfo":{"baseKey":"BfMMXdp9Qa6n5/VhNJk62bpU/98OXo7TvrvWbM7N8Zcl","baseKeyType":1,"closed":-1,"used":1735190207378,"created":1735190207378,"remoteIdentityKey":"BcVOW5Iahnxi1rCFo7+PqZJL3bncGqPhiyJCc17VDxU4"},"_chains":{"BbTxskH0p5QTiOh+WYwWa9KFFACsQcXw4tosIxxXAiYP":{"chainKey":{"counter":1,"key":"YvnP7ORxwyX8ghNsZiKZwZUh/sSBdEC/LtVpOjcIwZU="},"chainType":1,"messageKeys":{}}},"pendingPreKey":{"signedKeyId":1,"baseKey":"BfMMXdp9Qa6n5/VhNJk62bpU/98OXo7TvrvWbM7N8Zcl"}}},"version":"v1"}