{"_sessions":{"BQ8ofTLAPmjQeIhENfofoIdKWU2f5ApkLCXQD47wM0xL":{"registrationId":2028749898,"currentRatchet":{"ephemeralKeyPair":{"pubKey":"BVc/tDqWCXQnYiDSbIwM+USn/NNiakAv6WshLUcbgcA1","privKey":"IDEuStIIAaxQksiw9P2mIna3F+rT09X777Bf8qg4NlI="},"lastRemoteEphemeralKey":"BQ0ZRuh7xVwmiEU6u6MG9HsEQr0kC1zldF0MhZvWS5Aj","previousCounter":0,"rootKey":"CosXNKWVZqjas8476xyjUgpeo5pnRsURyiqDzdcLRzE="},"indexInfo":{"baseKey":"BQ8ofTLAPmjQeIhENfofoIdKWU2f5ApkLCXQD47wM0xL","baseKeyType":1,"closed":-1,"used":1735216663718,"created":1735216663718,"remoteIdentityKey":"BbPK6CtvYu/ET4ZCmr7dEae6Fx7MFyPD3mvgYw579cpD"},"_chains":{"BVc/tDqWCXQnYiDSbIwM+USn/NNiakAv6WshLUcbgcA1":{"chainKey":{"counter":1,"key":"B94r7HtrBfIJY1mUWxZxT6UcQowYeCAJZ/neSdiyR7E="},"chainType":1,"messageKeys":{}}},"pendingPreKey":{"signedKeyId":1,"baseKey":"BQ8ofTLAPmjQeIhENfofoIdKWU2f5ApkLCXQD47wM0xL","preKeyId":8053056}}},"version":"v1"}