{"_sessions":{"BTGsmwE33OSYj8AS9gzfyPoqdjWJMvfavOmWjKot0o1q":{"registrationId":6335,"currentRatchet":{"ephemeralKeyPair":{"pubKey":"BW3XOcCchdHJ8yvo3MNt8CX4jrOgTxDTA5r2c3Oh321g","privKey":"oO5ZSm86hKFpKi42CNMiRXiEcQpbqnX7AnCm3EUVi3I="},"lastRemoteEphemeralKey":"Bc9NiwmmA6Y5KYnF1dDq3Ib1OCAbIHYsoa3+VsvzRWRE","previousCounter":0,"rootKey":"BnfDuC1ZcpG7KowfQIEbBuk2IYbKx0139B0+20F+yWs="},"indexInfo":{"baseKey":"BTGsmwE33OSYj8AS9gzfyPoqdjWJMvfavOmWjKot0o1q","baseKeyType":1,"closed":-1,"used":1735190211739,"created":1735190211739,"remoteIdentityKey":"BTdbWq39kNFFjb7A723xXDHfVAqDZWZHbzy6MHSOK6Ro"},"_chains":{"BW3XOcCchdHJ8yvo3MNt8CX4jrOgTxDTA5r2c3Oh321g":{"chainKey":{"counter":1,"key":"jJzP/gFwG6IgG0ujK0suy2wl71FFygmCIX+wkaX6ULM="},"chainType":1,"messageKeys":{}}},"pendingPreKey":{"signedKeyId":1,"baseKey":"BTGsmwE33OSYj8AS9gzfyPoqdjWJMvfavOmWjKot0o1q"}}},"version":"v1"}