{"_sessions":{"BXPRMMyB7b2a/YmUcPXQaqEaGlIVpzL08iXw+O68ehBU":{"registrationId":86,"currentRatchet":{"ephemeralKeyPair":{"pubKey":"Bdg6z6lvBg+g7D1+CCMaPrzDJ20O4DzHN+/x4J45IwJZ","privKey":"cFDjnCk0beLEyLFgqiFyY4zaMn5Dwk0/UKjRqdcyX1I="},"lastRemoteEphemeralKey":"BRNlC0FKGU1BMzK8HLrCo1IjO5hq5ZqhQMOJ/wTc5fsO","previousCounter":0,"rootKey":"AqLuSPuIe73M0QtIg172Gqxq35AKqvdbEavXHcyJCN4="},"indexInfo":{"baseKey":"BXPRMMyB7b2a/YmUcPXQaqEaGlIVpzL08iXw+O68ehBU","baseKeyType":1,"closed":-1,"used":1735121451816,"created":1735121451816,"remoteIdentityKey":"BSipDNckaW8TqnTivedvgooAcjHerl5NitvA+xp4SzkU"},"_chains":{"Bdg6z6lvBg+g7D1+CCMaPrzDJ20O4DzHN+/x4J45IwJZ":{"chainKey":{"counter":37,"key":"GexZotx5rMUykQYxbC0EBfA69jnsNfY6hR2D/gc//oA="},"chainType":1,"messageKeys":{}}},"pendingPreKey":{"signedKeyId":1,"baseKey":"BXPRMMyB7b2a/YmUcPXQaqEaGlIVpzL08iXw+O68ehBU"}}},"version":"v1"}