{"_sessions":{"Bdh6ZU17k1wusS696z7q4rAcjXrdj800h0vjKHmx+6Bz":{"registrationId":738485671,"currentRatchet":{"ephemeralKeyPair":{"pubKey":"BQ8g4AaScCSmzdVdegGZQ5A3AICXW49cCFz0iCjqIYFy","privKey":"EL+/UNuY8Ala9JoQFQNlul+q0jKCFbcbJjBbScx2rkc="},"lastRemoteEphemeralKey":"Bch2xYCF7C2CESpw7i+o691VhTUnleepoR7sfKkn0nIU","previousCounter":0,"rootKey":"S4CTtDK1gR4ixp+CHATfc0cPbr53P9jN0Q86UOoXoks="},"indexInfo":{"baseKey":"Bdh6ZU17k1wusS696z7q4rAcjXrdj800h0vjKHmx+6Bz","baseKeyType":1,"closed":-1,"used":1735123654424,"created":1735123654424,"remoteIdentityKey":"BQSJnFPkjU9HAh83wivSodAtYVTE7w8phmropMufc1hU"},"_chains":{"BQ8g4AaScCSmzdVdegGZQ5A3AICXW49cCFz0iCjqIYFy":{"chainKey":{"counter":0,"key":"HcyJF5lkB7PJ01Afj5u8mztggaAAczR/keai0u7nCks="},"chainType":1,"messageKeys":{}}},"pendingPreKey":{"signedKeyId":1,"baseKey":"Bdh6ZU17k1wusS696z7q4rAcjXrdj800h0vjKHmx+6Bz","preKeyId":12281872}}},"version":"v1"}