{"_sessions":{"BblR6FBLtvW4KyGFAKLmXLYknCnKjA+Uyp/fDQKf5nBc":{"registrationId":174,"currentRatchet":{"ephemeralKeyPair":{"pubKey":"BeBGnQZkITTpR2I0QdH5PqR/VPbSb9IjEO4N0eKu7+ol","privKey":"OGzLbrHS02YDc3sHuBllqDyt4tryY7PJKM+DcgcCE2g="},"lastRemoteEphemeralKey":"Be7yPjJVmqHucqc7vBFDxrQYQI8gtVmN1vW8YT+7ZCYl","previousCounter":0,"rootKey":"qo+Mutzp+AyAqbxwWu7KRKOi5wbOR4bKs8R9tHIpu6I="},"indexInfo":{"baseKey":"BblR6FBLtvW4KyGFAKLmXLYknCnKjA+Uyp/fDQKf5nBc","baseKeyType":1,"closed":-1,"used":1735192841952,"created":1735192841952,"remoteIdentityKey":"BfY70g5OwbycdUS+WTdJZ7HXsalT4DgsuoOuG/obg/oo"},"_chains":{"BeBGnQZkITTpR2I0QdH5PqR/VPbSb9IjEO4N0eKu7+ol":{"chainKey":{"counter":0,"key":"Nb7z3UdMdtSYTVjQuxO+aTkCel3GqXL83yk1SornoTM="},"chainType":1,"messageKeys":{}}},"pendingPreKey":{"signedKeyId":1,"baseKey":"BblR6FBLtvW4KyGFAKLmXLYknCnKjA+Uyp/fDQKf5nBc"}}},"version":"v1"}