{"_sessions":{"BQi2Dj54y4G7ssjdNL9R7uZs8Tlua2/QiO6CWKKIWCcB":{"registrationId":211,"currentRatchet":{"ephemeralKeyPair":{"pubKey":"BcdBbH/iJR+SOGs51vJdTlvHbr1m7UlpcqahY8YndE84","privKey":"mJ5oZr6iGedyyA/mSY3Ve0OUZ2+AICXWzrH2PvFSOmU="},"lastRemoteEphemeralKey":"BaTSI4uQcgcvNnDOtS3t+PMl6te/h45/Xm6iMuv6Mn0Z","previousCounter":0,"rootKey":"Ef0h9nFV+4wML5/mI9FCO1MaQVQEnlmNVwlEysqrszc="},"indexInfo":{"baseKey":"BQi2Dj54y4G7ssjdNL9R7uZs8Tlua2/QiO6CWKKIWCcB","baseKeyType":1,"closed":-1,"used":1735193625094,"created":1735193625094,"remoteIdentityKey":"Bb4BqrKexV2eLMuC739yagvyIiDz2JcTjkWFHuvPcrRj"},"_chains":{"BcdBbH/iJR+SOGs51vJdTlvHbr1m7UlpcqahY8YndE84":{"chainKey":{"counter":0,"key":"7BlfASYQWvKVxefAGTytkmBqEfnLi//3WTRhWUiGZmQ="},"chainType":1,"messageKeys":{}}},"pendingPreKey":{"signedKeyId":1,"baseKey":"BQi2Dj54y4G7ssjdNL9R7uZs8Tlua2/QiO6CWKKIWCcB"}}},"version":"v1"}