{"_sessions":{"BWj1cPKMN1WWYCD/8HsfKYp0Tohl3oI+mk7jvjcOvahw":{"registrationId":1856706447,"currentRatchet":{"ephemeralKeyPair":{"pubKey":"BXCK2StKMmZZhOOB21x2U+/qn19N5FdxNagNFc+tToF9","privKey":"OPXkPo9FJiE2cNoGcdQyxN9W++7vouGn3FCIEZtxSkM="},"lastRemoteEphemeralKey":"BfUPcPLkVO4Za77eTNmhczBO6n2LIVcv8Hgj0ZKU49gn","previousCounter":0,"rootKey":"owchWmh7e9xxTRXAbpXV0KFb0nyAjXtnFMXXpB5UQtQ="},"indexInfo":{"baseKey":"BWj1cPKMN1WWYCD/8HsfKYp0Tohl3oI+mk7jvjcOvahw","baseKeyType":1,"closed":1735185656104,"used":1735185654997,"created":1735185654997,"remoteIdentityKey":"BU7ilY8mc7CvLBjTl7PQsnqBlICl5CzWV6BrKR3vbS14"},"_chains":{"BXCK2StKMmZZhOOB21x2U+/qn19N5FdxNagNFc+tToF9":{"chainKey":{"counter":-1,"key":"TDwt5sl0h/bvz+Kbtldbv2HhEm7hdbEVN+815wjA4s0="},"chainType":1,"messageKeys":{}}},"pendingPreKey":{"signedKeyId":2,"baseKey":"BWj1cPKMN1WWYCD/8HsfKYp0Tohl3oI+mk7jvjcOvahw","preKeyId":9346395}},"Be8eqJNN5gL7q9oEeoPUmS8kj5g9ZU2xgWXxNQu8ZDcH":{"registrationId":1856706447,"currentRatchet":{"ephemeralKeyPair":{"pubKey":"BXSER4YhNUuFh6k+nVQvvqlFp1YXj2BSOXplsDGZTa97","privKey":"uISHH/Av0NY+JS3QOFFxgUFzM58A/LNRxrQGRX+Fglk="},"lastRemoteEphemeralKey":"BfUPcPLkVO4Za77eTNmhczBO6n2LIVcv8Hgj0ZKU49gn","previousCounter":0,"rootKey":"b2aUR623Q51huR+KxmoUnAr+7w9iJEfRJ0K/NUxunoA="},"indexInfo":{"baseKey":"Be8eqJNN5gL7q9oEeoPUmS8kj5g9ZU2xgWXxNQu8ZDcH","baseKeyType":1,"closed":-1,"used":1735185656102,"created":1735185656102,"remoteIdentityKey":"BU7ilY8mc7CvLBjTl7PQsnqBlICl5CzWV6BrKR3vbS14"},"_chains":{"BXSER4YhNUuFh6k+nVQvvqlFp1YXj2BSOXplsDGZTa97":{"chainKey":{"counter":1,"key":"gHlYWGVhRfj818w4Rak7bDRvf/peJ9dGheQ4dbqgL7s="},"chainType":1,"messageKeys":{}}},"pendingPreKey":{"signedKeyId":2,"baseKey":"Be8eqJNN5gL7q9oEeoPUmS8kj5g9ZU2xgWXxNQu8ZDcH","preKeyId":9346226}}},"version":"v1"}