{"_sessions":{"BTjmWFDX+eK4bIBaL01kQ0dkRYgbJp+GouVO98dbQvNx":{"registrationId":189710335,"currentRatchet":{"ephemeralKeyPair":{"pubKey":"BSKbLZ9KCCyU2WiSmaM2RtSxuRxZ9rmVXAc+O0HOU1hp","privKey":"UCUX2Etd58h4nzgKg4ao6E93Mw+s9Y+IygrJKY/GjEc="},"lastRemoteEphemeralKey":"BY19SSPOTjXRZwcGz6H1zFO+0OmdjaKO7F+/XXAQt9RA","previousCounter":0,"rootKey":"C+5YL0Ejcrtygw/hdDOUjx970IgjMUmwjkd0gyfJdEY="},"indexInfo":{"baseKey":"BTjmWFDX+eK4bIBaL01kQ0dkRYgbJp+GouVO98dbQvNx","baseKeyType":1,"closed":-1,"used":1735190251344,"created":1735190251344,"remoteIdentityKey":"BUfYfNykqzDKq8b0Tj6yZEvrleo9NEqOkbxmeuUa9EpF"},"_chains":{"BSKbLZ9KCCyU2WiSmaM2RtSxuRxZ9rmVXAc+O0HOU1hp":{"chainKey":{"counter":1,"key":"/rrEVcaUwYVIYJbS1Du3LPr8R6tYLNgiu/xPZmoCNb0="},"chainType":1,"messageKeys":{}}},"pendingPreKey":{"signedKeyId":1,"baseKey":"BTjmWFDX+eK4bIBaL01kQ0dkRYgbJp+GouVO98dbQvNx","preKeyId":388275}}},"version":"v1"}