{"_sessions":{"BRyK3ssIsJKpZcc77cKIOSD2ma/JKztBfgEupjTtiRVw":{"registrationId":1781332460,"currentRatchet":{"ephemeralKeyPair":{"pubKey":"BQ2wSy67RzsR8hsAluz8vOS8KzSr1eUs0tHbeLBpHgch","privKey":"UBrxSb81Ql6Z2H0dvi/fSKXBWiEE0JLKlQXeJpJYBlw="},"lastRemoteEphemeralKey":"Bbms6V4QiNVes3HprfZ1A3EQ00gZO7O51/7IGY5xTekP","previousCounter":0,"rootKey":"0YVosWFW5H3a+WthCaseM7es0DJejVT6UykNLSiIQ3I="},"indexInfo":{"baseKey":"BRyK3ssIsJKpZcc77cKIOSD2ma/JKztBfgEupjTtiRVw","baseKeyType":1,"closed":-1,"used":1735190215478,"created":1735190215478,"remoteIdentityKey":"BcVDoeQ1BsVwYHCkI+WZESyKVprKfKslXUhDiWJyyo9g"},"_chains":{"BQ2wSy67RzsR8hsAluz8vOS8KzSr1eUs0tHbeLBpHgch":{"chainKey":{"counter":1,"key":"48r3BEjTq7GBmn7uIxSmJvrLu4no6X65AJQNX1QPjtI="},"chainType":1,"messageKeys":{}}},"pendingPreKey":{"signedKeyId":2,"baseKey":"BRyK3ssIsJKpZcc77cKIOSD2ma/JKztBfgEupjTtiRVw","preKeyId":10416886}}},"version":"v1"}