{"_sessions":{"BYbFpUx+LJs/7V/2lyiskRpCKIeKUQToAY5ioD7/SpMw":{"registrationId":126,"currentRatchet":{"ephemeralKeyPair":{"pubKey":"BXl1cRsr3363KWpHcqnl2nVzUrpByWNs2q/YWYjauuYE","privKey":"cBpWVV2l7xwdK23Ze9hvS0TLxVoZvE2Moc45oAvAblM="},"lastRemoteEphemeralKey":"Bf4r/kH9MLuQ7E2xvRgF0s0MM2UtLoGh4nMY15WpsR9D","previousCounter":0,"rootKey":"Pojg712FFDTPSuF7bf+RO/epjYssLZsxazy9K4Ca9Ek="},"indexInfo":{"baseKey":"BYbFpUx+LJs/7V/2lyiskRpCKIeKUQToAY5ioD7/SpMw","baseKeyType":1,"closed":-1,"used":1735190122421,"created":1735190122421,"remoteIdentityKey":"Bdyp8GvWtxo5YJflE1FI45BvzaWUETsybHZuhqZnsA1u"},"_chains":{"BXl1cRsr3363KWpHcqnl2nVzUrpByWNs2q/YWYjauuYE":{"chainKey":{"counter":1,"key":"NorXuc1fHVVGP5eCUtLnOdudGsKf9+nnawEEIJmhiCc="},"chainType":1,"messageKeys":{}}},"pendingPreKey":{"signedKeyId":1,"baseKey":"BYbFpUx+LJs/7V/2lyiskRpCKIeKUQToAY5ioD7/SpMw"}}},"version":"v1"}