{"_sessions":{"BU/hdjsIvM98VH95PtTYOPJU7XnqNUqc7mS+UDZnclsF":{"registrationId":197777429,"currentRatchet":{"ephemeralKeyPair":{"pubKey":"BTuaS6hj7I6B8k/OiozVtIUXfcw8db/TvKNsdp2bTp81","privKey":"+EiBhtO2pyh0ZeIp7S5MFXBW53RRDE5XdBhrCj24zUA="},"lastRemoteEphemeralKey":"BYEawTFMTwdOM3pUSPI7p3pxILvYrJ6mPUZd0IFXL4RD","previousCounter":0,"rootKey":"gFLPFIM7ZXxt1BtmNV0Y9vGEBoU/CTfJyVnNaDpRFpw="},"indexInfo":{"baseKey":"BU/hdjsIvM98VH95PtTYOPJU7XnqNUqc7mS+UDZnclsF","baseKeyType":1,"closed":-1,"used":1735192869930,"created":1735192869930,"remoteIdentityKey":"BeqJnMl/elGr6htI2iDvUzaarfI6YCcELsIY2FlUMO9u"},"_chains":{"BTuaS6hj7I6B8k/OiozVtIUXfcw8db/TvKNsdp2bTp81":{"chainKey":{"counter":0,"key":"ApI0ZFJ+kin52rC4d9gnNKqv4yD3/c8PCeI/Y7eaQAg="},"chainType":1,"messageKeys":{}}},"pendingPreKey":{"signedKeyId":0,"baseKey":"BU/hdjsIvM98VH95PtTYOPJU7XnqNUqc7mS+UDZnclsF"}}},"version":"v1"}