{"_sessions":{"BUO+pMM4/5rIWSOXuLtHcXKn3wLv9e358jeWU0FQePlT":{"registrationId":253,"currentRatchet":{"ephemeralKeyPair":{"pubKey":"BbC8vIpjT9iwi9SmYdz1DQtLDMxS4mlKc/jUyDMY3g0Y","privKey":"+MaNzkyjPyJyUg+SUb8hIf9XNo+Nam7yFj/vAa6eeHI="},"lastRemoteEphemeralKey":"BfwBFSjJcy7lG/g7jTjtA8v4FjfStuyRJ1wr46ZvcsoX","previousCounter":0,"rootKey":"CZFMb2frOKH4uzZUmlWG6sZeGivqahAK4rP+9smt7T0="},"indexInfo":{"baseKey":"BUO+pMM4/5rIWSOXuLtHcXKn3wLv9e358jeWU0FQePlT","baseKeyType":1,"closed":-1,"used":1735219041073,"created":1735219041073,"remoteIdentityKey":"BUvOLxjr76eGpIOfvhELw8rgJddhbB7/DSqqURSwgKIT"},"_chains":{"BbC8vIpjT9iwi9SmYdz1DQtLDMxS4mlKc/jUyDMY3g0Y":{"chainKey":{"counter":0,"key":"72kZQXvsGBkAtOM3tRzEwDNHtXuwdDK6wDA0QZLHUlw="},"chainType":1,"messageKeys":{}}},"pendingPreKey":{"signedKeyId":1,"baseKey":"BUO+pMM4/5rIWSOXuLtHcXKn3wLv9e358jeWU0FQePlT"}}},"version":"v1"}