{"_sessions":{"BabaZaQ3DFCgZR5GdDkGhsZw0DWKywq9lIJ/yq76v3Eg":{"registrationId":245,"currentRatchet":{"ephemeralKeyPair":{"pubKey":"BefKQ+JGb8VrCED3qt1vPz1B9xkl5G7cqF4Bvm9BfCsh","privKey":"qM6V8YR+qdZgtXEyySdjc9OBRqafC6uCYgK9r50kcG0="},"lastRemoteEphemeralKey":"BW09zMyuVA8V6WC/mK0zdnQrldwAadK/qIdnNaqaIBFQ","previousCounter":0,"rootKey":"eGu5uiuUPv4uuFqIt2cyHivnaT1bJW+DUjb1zb8Dm80="},"indexInfo":{"baseKey":"BabaZaQ3DFCgZR5GdDkGhsZw0DWKywq9lIJ/yq76v3Eg","baseKeyType":1,"closed":-1,"used":1735121448413,"created":1735121448413,"remoteIdentityKey":"BTy1aIjLIvFkpIwUNw+EHrSikerDLM2wt8qJBRpyFRB5"},"_chains":{"BefKQ+JGb8VrCED3qt1vPz1B9xkl5G7cqF4Bvm9BfCsh":{"chainKey":{"counter":24,"key":"HrFS0QGRssN4zCJzeR7CN/09dFGC5jkXmeN1vnSDF1U="},"chainType":1,"messageKeys":{}}},"pendingPreKey":{"signedKeyId":1,"baseKey":"BabaZaQ3DFCgZR5GdDkGhsZw0DWKywq9lIJ/yq76v3Eg"}}},"version":"v1"}