{"_sessions":{"BUv91LXy7IHyBn4IEqCjIYkuqNJj/LlbxmXe4kYlT4d1":{"registrationId":229614322,"currentRatchet":{"ephemeralKeyPair":{"pubKey":"BW3uLRm6xY9PHgCCehjJhl9jAxMFnfepUQ953LmQ3wtz","privKey":"ALfq3vzdWrg2qB17NaRzbTyO7Kv7oLsU0eCC36qaFVQ="},"lastRemoteEphemeralKey":"BSprXKpQSnGFWdHqiNlsQy4WNJANvQd3YahANUK5QUc9","previousCounter":0,"rootKey":"kb6sQ1QAv9hU77dUEWXCecbLrrHcC7L7+7AxG2XbxTg="},"indexInfo":{"baseKey":"BUv91LXy7IHyBn4IEqCjIYkuqNJj/LlbxmXe4kYlT4d1","baseKeyType":1,"closed":-1,"used":1735192879034,"created":1735192879034,"remoteIdentityKey":"BU3cHxtGUxHT0/hncH+4PFCf6rXT4SZTLMH6+GtOfA8R"},"_chains":{"BW3uLRm6xY9PHgCCehjJhl9jAxMFnfepUQ953LmQ3wtz":{"chainKey":{"counter":0,"key":"4b1hfTbRwmsmGPkXvhQvkPSEWpoA/fzE0MxYtslw+rA="},"chainType":1,"messageKeys":{}}},"pendingPreKey":{"signedKeyId":2,"baseKey":"BUv91LXy7IHyBn4IEqCjIYkuqNJj/LlbxmXe4kYlT4d1","preKeyId":11032701}}},"version":"v1"}