{"_sessions":{"BfvFFzBpWTr/P3IBH2TTkvpc90XzqHMpNY4RWe6x5oly":{"registrationId":35,"currentRatchet":{"ephemeralKeyPair":{"pubKey":"Bag9tCxvh6Pc7cA+1Adj8+G7eOc8f07HYBWZr1eECMoP","privKey":"MLdr8faCpNwuIXa7wsAwBwvvwH6e5jsXbqraFvkBM2U="},"lastRemoteEphemeralKey":"BamJlz+jMirWcXLc4UWAcASO3csJehisr3ZKfLR95xJQ","previousCounter":0,"rootKey":"a7hF5z7MyASrH2+lxv1ZfmD87EHu/aabQy1NZXOy/+s="},"indexInfo":{"baseKey":"BfvFFzBpWTr/P3IBH2TTkvpc90XzqHMpNY4RWe6x5oly","baseKeyType":1,"closed":-1,"used":1735192793035,"created":1735192793035,"remoteIdentityKey":"BfmMFIoc5KDtliQFhVTnM4dJfzoFPctFpVb0MhDwP7A1"},"_chains":{"Bag9tCxvh6Pc7cA+1Adj8+G7eOc8f07HYBWZr1eECMoP":{"chainKey":{"counter":0,"key":"H18QKxXlmPkpqSuEb1/jYd7+UAVBqr4GYekEEyDPW0s="},"chainType":1,"messageKeys":{}}},"pendingPreKey":{"signedKeyId":1,"baseKey":"BfvFFzBpWTr/P3IBH2TTkvpc90XzqHMpNY4RWe6x5oly"}}},"version":"v1"}