{"_sessions":{"BUiMngoOLbr58KXcUwUylLGgGC4vkdhCv+wWB8r5hSlX":{"registrationId":2052725050,"currentRatchet":{"ephemeralKeyPair":{"pubKey":"BUeZDPcmV0e8KMQt5hAmO3MVoJoD5IKogvQWFXuuI8sG","privKey":"YDTkRz/7xOva4OO18gzasNoDgy7KNLnRj/thF4kLK0c="},"lastRemoteEphemeralKey":"BXz0lMZeDOAPBuEKNMKTsXRQvFAoLo761tpOLv5cC/J7","previousCounter":0,"rootKey":"DT0y1B/xN4jEwhyxrOELcwvs/qugFdPBdi9T/O1y99I="},"indexInfo":{"baseKey":"BUiMngoOLbr58KXcUwUylLGgGC4vkdhCv+wWB8r5hSlX","baseKeyType":1,"closed":-1,"used":1735141697552,"created":1735141697552,"remoteIdentityKey":"BS4bwc04AKbd6TKqPigOayBi1ifrs67fAQtRYmtWDIoW"},"_chains":{"BUeZDPcmV0e8KMQt5hAmO3MVoJoD5IKogvQWFXuuI8sG":{"chainKey":{"counter":0,"key":"L1vm+8R3Dmoc2fmu6myNxtXwNbJWQ2Zejst8S0geqvY="},"chainType":1,"messageKeys":{}}},"pendingPreKey":{"signedKeyId":2,"baseKey":"BUiMngoOLbr58KXcUwUylLGgGC4vkdhCv+wWB8r5hSlX","preKeyId":1522351}}},"version":"v1"}