{"_sessions":{"BdjE7V598NxrYgpGsUCSzruPrwXu5i8TNmdyd2+lbyoe":{"registrationId":149,"currentRatchet":{"ephemeralKeyPair":{"pubKey":"BbOXcQ5+WEx70Bp1AW5aSoJpLa40YUs846s+LpV7KYAY","privKey":"UB9DQod+RcdfN/gcaskQmziKg1uWSK+31epk0XVfq0Q="},"lastRemoteEphemeralKey":"BZK8o/1i4k+BK3rufLQXpZocIyF/or5RCvCPVycwH3F+","previousCounter":0,"rootKey":"C26GyiLmtKltbxRP1fNzAeiw96yGbITMrFBeG2aAca8="},"indexInfo":{"baseKey":"BdjE7V598NxrYgpGsUCSzruPrwXu5i8TNmdyd2+lbyoe","baseKeyType":1,"closed":-1,"used":1735190194508,"created":1735190194508,"remoteIdentityKey":"Be/YzmhYMP/DDKj5A5H3Ir9RrKk9DYhEEQqhOwoT9QQX"},"_chains":{"BbOXcQ5+WEx70Bp1AW5aSoJpLa40YUs846s+LpV7KYAY":{"chainKey":{"counter":3,"key":"jZTaTOLFw0halSOyql9ruYZ0RVVJX4pS6yrHr4tkqBE="},"chainType":1,"messageKeys":{}}},"pendingPreKey":{"signedKeyId":1,"baseKey":"BdjE7V598NxrYgpGsUCSzruPrwXu5i8TNmdyd2+lbyoe"}}},"version":"v1"}