{"_sessions":{"BTfZByDIIdbLNg+gqhUivoXldWIhhxJ9aZnrDJ3p1Cxv":{"registrationId":410363133,"currentRatchet":{"ephemeralKeyPair":{"pubKey":"BV8kma5+3RbDo1OUi0G45Sfj6L0ada2Lk8XIAbDcC34I","privKey":"YHyWaHQqYqn/FznKySxzsJTN4KnReUgjwzIulBowRUM="},"lastRemoteEphemeralKey":"Be1fN2/it9H7aqGAqgDBtbAbXeOgVZu0yq5lX/gYYeUc","previousCounter":0,"rootKey":"FziqwKOE8Vloz8CPoQSRxnKyGT7oqpdpmN+7MX5CVP4="},"indexInfo":{"baseKey":"BTfZByDIIdbLNg+gqhUivoXldWIhhxJ9aZnrDJ3p1Cxv","baseKeyType":1,"closed":-1,"used":1735190242898,"created":1735190242898,"remoteIdentityKey":"BfNhcPJQe8c4EC5pWVSiaSe4R0a88uMRv8AU/4r4BChj"},"_chains":{"BV8kma5+3RbDo1OUi0G45Sfj6L0ada2Lk8XIAbDcC34I":{"chainKey":{"counter":1,"key":"OoQYfkMvTMBffxkEa/fv68IUWljB+0JSZx3+SWE686E="},"chainType":1,"messageKeys":{}}},"pendingPreKey":{"signedKeyId":0,"baseKey":"BTfZByDIIdbLNg+gqhUivoXldWIhhxJ9aZnrDJ3p1Cxv","preKeyId":15090285}}},"version":"v1"}