{"_sessions":{"BTzaQUdKr2D7UpzmKwNxXs0h39hYzPasKXH3Gqu4iS0K":{"registrationId":1235959616,"currentRatchet":{"ephemeralKeyPair":{"pubKey":"BZUgmQ+RN3NBshnZnItbZw8gj3/geTYuowSNzACUzFNc","privKey":"qCqRay1kRvmmkQERII6b9XHHFduqnG0HZGAA1inpaXc="},"lastRemoteEphemeralKey":"BU90W0Lg3WLKYP6LckzT2qMlVKNVlTN0HaEBN4K0URtR","previousCounter":0,"rootKey":"H2j62a60AUprfb2wOGKrtVdpE9TrTVrSUTYG26DXVV0="},"indexInfo":{"baseKey":"BTzaQUdKr2D7UpzmKwNxXs0h39hYzPasKXH3Gqu4iS0K","baseKeyType":1,"closed":-1,"used":1735192846856,"created":1735192846856,"remoteIdentityKey":"BcMArRVE1XmkfDR8e1bHZ38/4TmeH01rVXNSEMMv4OIg"},"_chains":{"BZUgmQ+RN3NBshnZnItbZw8gj3/geTYuowSNzACUzFNc":{"chainKey":{"counter":0,"key":"y3Bg9EVCL5DUJYd4RE0FGmBaWqR+01Emspqt5gh4oNc="},"chainType":1,"messageKeys":{}}},"pendingPreKey":{"signedKeyId":25,"baseKey":"BTzaQUdKr2D7UpzmKwNxXs0h39hYzPasKXH3Gqu4iS0K","preKeyId":23723}}},"version":"v1"}