{"_sessions":{"BcmTbXWeJqySvhZ+HbeCmGxbyjxUSp3jDZeKO9h6eq9o":{"registrationId":367603137,"currentRatchet":{"ephemeralKeyPair":{"pubKey":"BV4cwXdMrmmSZpIXwYqzBVpxHcpzDrYSSmtEuvTPRkd2","privKey":"eA1HohIPNLWmOQrcmRES/aibtiXV3LQkF+v6EvQwxVE="},"lastRemoteEphemeralKey":"BUYEGXBO5pKXj7ph9IKGvO/xBa3MomuiYzUeb0/+zLoe","previousCounter":0,"rootKey":"kEoUonpA8Moe9GR2SOHHxhMITgOJ2zWcPfmwiWHIUVE="},"indexInfo":{"baseKey":"BcmTbXWeJqySvhZ+HbeCmGxbyjxUSp3jDZeKO9h6eq9o","baseKeyType":1,"closed":-1,"used":1735123643709,"created":1735123643709,"remoteIdentityKey":"BSOwlKzplF3V3/7JersNKGX1w0Q1j8Ne4FvxGA1MGDAD"},"_chains":{"BV4cwXdMrmmSZpIXwYqzBVpxHcpzDrYSSmtEuvTPRkd2":{"chainKey":{"counter":0,"key":"Wczg7+dkD9/gzcA4+Apop2hzgePCSjzuynm8Hm29Hh0="},"chainType":1,"messageKeys":{}}},"pendingPreKey":{"signedKeyId":0,"baseKey":"BcmTbXWeJqySvhZ+HbeCmGxbyjxUSp3jDZeKO9h6eq9o","preKeyId":6263597}}},"version":"v1"}