{"_sessions":{"BfBcKtbtaNsoTkbG7WtGT+QS1D4xtaL0UPTP2XDy2Q0A":{"registrationId":219,"currentRatchet":{"ephemeralKeyPair":{"pubKey":"BRK9krQtGV9xPaDu73SOapzFmlLSJc8f+5QhhgZXR9J1","privKey":"WH7MHmR4duEP6BZviNuxIw7lflDWlld4IqUXFWAy/Xo="},"lastRemoteEphemeralKey":"BTP0aAkrIKrEqXRsZTOYotR8tg8SSADX/IDdGPSzIgwb","previousCounter":0,"rootKey":"7Fobp3nWXAW6HUwmmI5NVg6ZlMYHUopJMEezRV8S2Q8="},"indexInfo":{"baseKey":"BfBcKtbtaNsoTkbG7WtGT+QS1D4xtaL0UPTP2XDy2Q0A","baseKeyType":1,"closed":-1,"used":1735193620381,"created":1735193620381,"remoteIdentityKey":"BSew9m4ZtNGIdMqmWsHfHNEPK/prH/vhfvCOsaTa5b5S"},"_chains":{"BRK9krQtGV9xPaDu73SOapzFmlLSJc8f+5QhhgZXR9J1":{"chainKey":{"counter":0,"key":"j3sTKIVEMWYiWjZGtURgAIVj7dOCtycqLV1IsCKGZS4="},"chainType":1,"messageKeys":{}}},"pendingPreKey":{"signedKeyId":1,"baseKey":"BfBcKtbtaNsoTkbG7WtGT+QS1D4xtaL0UPTP2XDy2Q0A"}}},"version":"v1"}