{"_sessions":{"Bb1dfYhiTVai9iPT14H7J4N1s4223NmOpZrKCxVPmrNx":{"registrationId":80,"currentRatchet":{"ephemeralKeyPair":{"pubKey":"BRVlJHoUhRBuVfrnG97XiVi6ccujyiMo8W2iAZao56hJ","privKey":"KFxTg1bVdNduBltPL7wStq568vaAMIUPP6CzYrW9CEg="},"lastRemoteEphemeralKey":"BRS4pukA/G2k8tn8Uh2KWl8cry/CmDjLZMAXEszf8Ag3","previousCounter":0,"rootKey":"0jLPxwJZvkRTQZ+Q+H3UfcEUItTplCQWH/GhwxLrfjI="},"indexInfo":{"baseKey":"Bb1dfYhiTVai9iPT14H7J4N1s4223NmOpZrKCxVPmrNx","baseKeyType":1,"closed":-1,"used":1735192798025,"created":1735192798025,"remoteIdentityKey":"BYFo5HZ82MYLFDjseTjJ79TcTtYmDNcPiIQCKeWNNAAi"},"_chains":{"BRVlJHoUhRBuVfrnG97XiVi6ccujyiMo8W2iAZao56hJ":{"chainKey":{"counter":0,"key":"Qk7IK3xcCDMiH+mTd+oXWTzIYHR6o/l4M4/kCfXosUc="},"chainType":1,"messageKeys":{}}},"pendingPreKey":{"signedKeyId":1,"baseKey":"Bb1dfYhiTVai9iPT14H7J4N1s4223NmOpZrKCxVPmrNx"}}},"version":"v1"}