{"_sessions":{"BcyGBZ/mPNSetHNvaqLC/hFmjDDDhspBWB7vKYR2v2hQ":{"registrationId":339075760,"currentRatchet":{"ephemeralKeyPair":{"pubKey":"BRk6TAwx78DWc3DGEfcMyD89g1PpNhACaxtlp8PtPG8q","privKey":"GLOymHn8frgtlvcPfRoFDr1q6BJjWeDYmsJiK9t2wkc="},"lastRemoteEphemeralKey":"BWPS96fPUUkdWzmGHJOxWck6idfGU6eZf+5tkxHVRWZz","previousCounter":0,"rootKey":"0SWjZ0ULiV9FNY1q0eTrw39YzPXZeEtQkL6SAwEfxno="},"indexInfo":{"baseKey":"BcyGBZ/mPNSetHNvaqLC/hFmjDDDhspBWB7vKYR2v2hQ","baseKeyType":1,"closed":-1,"used":1735190110891,"created":1735190110891,"remoteIdentityKey":"BdFK45Z6/mqW92lr9G3QtgwdictQnJ4nsL1mwcwmVvhk"},"_chains":{"BRk6TAwx78DWc3DGEfcMyD89g1PpNhACaxtlp8PtPG8q":{"chainKey":{"counter":1,"key":"i4zPm60Tt/SkGoMR9+7g+UUoTI9lgeVPJzzzqxXyooU="},"chainType":1,"messageKeys":{}}},"pendingPreKey":{"signedKeyId":0,"baseKey":"BcyGBZ/mPNSetHNvaqLC/hFmjDDDhspBWB7vKYR2v2hQ","preKeyId":14820774}}},"version":"v1"}