{"_sessions":{"BdP4u/jbkTLhg9YJxQR8ps6ZLEbfQmxRyb6UFCxRC+UF":{"registrationId":2099666829,"currentRatchet":{"ephemeralKeyPair":{"pubKey":"BdCJZB++nPve1lS4YL3p9JKLm/i/teiqjlZIaecyTbl5","privKey":"GKfMydyeXGlt8i6KkNjvt+QIdCwPuqKWqkc8tnXnWnM="},"lastRemoteEphemeralKey":"BQE1xyGcGVTZ8CzrHQoev5UiO+L/qh8SOQLCt0Bt7EUp","previousCounter":0,"rootKey":"LKZo1burrji6Ne5ZRRWD5kK6kH2nRC6yE+AACHiqN5A="},"indexInfo":{"baseKey":"BdP4u/jbkTLhg9YJxQR8ps6ZLEbfQmxRyb6UFCxRC+UF","baseKeyType":1,"closed":-1,"used":1735219053596,"created":1735219053596,"remoteIdentityKey":"BSSuEtreSFqn1FLXhyyk6ZqF6tEBUJlJJJHIvF31Kfh2"},"_chains":{"BdCJZB++nPve1lS4YL3p9JKLm/i/teiqjlZIaecyTbl5":{"chainKey":{"counter":0,"key":"/wWLJpEwiNkS9/KGFbNrCpdIfKwNl+WMNLuTUtyu5SQ="},"chainType":1,"messageKeys":{}}},"pendingPreKey":{"signedKeyId":1,"baseKey":"BdP4u/jbkTLhg9YJxQR8ps6ZLEbfQmxRyb6UFCxRC+UF","preKeyId":10392211}}},"version":"v1"}