{"_sessions":{"BXeaMS20g9XN2e1B31yh7tTaVn8mJxoFcg22JGEwtwts":{"registrationId":101,"currentRatchet":{"ephemeralKeyPair":{"pubKey":"BYYFcBIfLx/WDAkS5fH+ra/xquYOi4rY/lKYroRVf601","privKey":"4A4Z/O7Yj3QSVspAvtNZDL20B4FxWjXhUxTg5hMcPVg="},"lastRemoteEphemeralKey":"BWpqzr5UIt8qNlmulGiAIl/Ih7pHc7e3D8HABv+NPigL","previousCounter":0,"rootKey":"u5cc/YSELkG13UviDoPjX2hAPERoDnbbsqFnBhTt9EU="},"indexInfo":{"baseKey":"BXeaMS20g9XN2e1B31yh7tTaVn8mJxoFcg22JGEwtwts","baseKeyType":1,"closed":-1,"used":1735192797891,"created":1735192797891,"remoteIdentityKey":"BTvFD9gzpWjM+nnJlAKQy3aaWO16sfbaiEei87z5PU0t"},"_chains":{"BYYFcBIfLx/WDAkS5fH+ra/xquYOi4rY/lKYroRVf601":{"chainKey":{"counter":0,"key":"jRDCaWKoes9fGe/wdXZOgzGKMGA1t8mKbYJ8bWiJoVg="},"chainType":1,"messageKeys":{}}},"pendingPreKey":{"signedKeyId":1,"baseKey":"BXeaMS20g9XN2e1B31yh7tTaVn8mJxoFcg22JGEwtwts"}}},"version":"v1"}