{"_sessions":{"BQxV4NV0ZPavK82AYoMEf58/elWUOVYhle1b0cBziVZi":{"registrationId":7,"currentRatchet":{"ephemeralKeyPair":{"pubKey":"BVFajrbZ0787eOmtl4ONF+d3LWozgDzaJqHTF/EpfyUm","privKey":"MPNb58xJEioqbUIRAZrnmTk4Ihr5oiDqIdTHEIcmQV8="},"lastRemoteEphemeralKey":"BZleGAoH8rFwT8G6LsY39I21aArz2ivUBb83OCXXQsp5","previousCounter":0,"rootKey":"lOIiMwYlCWAGkOYv/aOi+cQO8Hpqk3bdagp4GwQBO8s="},"indexInfo":{"baseKey":"BQxV4NV0ZPavK82AYoMEf58/elWUOVYhle1b0cBziVZi","baseKeyType":1,"closed":-1,"used":1735190186044,"created":1735190186044,"remoteIdentityKey":"BUl6cXwg6ky2LfpxwuWaJQw+nrc8doU2XSrdtVQ1dx4z"},"_chains":{"BVFajrbZ0787eOmtl4ONF+d3LWozgDzaJqHTF/EpfyUm":{"chainKey":{"counter":1,"key":"cVA1Uyn9olONsYueet9fOxu7f8YMBcproZE8XKDnQlc="},"chainType":1,"messageKeys":{}}},"pendingPreKey":{"signedKeyId":1,"baseKey":"BQxV4NV0ZPavK82AYoMEf58/elWUOVYhle1b0cBziVZi"}}},"version":"v1"}