{"_sessions":{"BZpsGc8XGHXVZy3Rcdn7IYHnfxzH6LLaGZgD15BGxgVh":{"registrationId":1901561126,"currentRatchet":{"ephemeralKeyPair":{"pubKey":"BQe4KZjpbXKCpnmry0qmQ9VEbq5gEC6pX9rolHv+9KxG","privKey":"WGLmN/jOjSuBTIXRHSxT0DoSVkhFekYhYlfRnnbfxFc="},"lastRemoteEphemeralKey":"BdNPQAUdikZ4cARiglRV4aAIAkY/x3sy8vRfsnzpSSAJ","previousCounter":0,"rootKey":"Z8LayR66OKsf8SAUwzKyV1z0kZBgE+n3CVbpcVP8yHo="},"indexInfo":{"baseKey":"BZpsGc8XGHXVZy3Rcdn7IYHnfxzH6LLaGZgD15BGxgVh","baseKeyType":1,"closed":-1,"used":1735230301989,"created":1735230301989,"remoteIdentityKey":"BdbtvW2XraLV1sIFfv/bdhXsbMeLmyS9xKauRYeWfztD"},"_chains":{"BQe4KZjpbXKCpnmry0qmQ9VEbq5gEC6pX9rolHv+9KxG":{"chainKey":{"counter":0,"key":"wD8yiI1bUchsRukWmAi41VqqbSOMDPBjLlxVdLCvm6Y="},"chainType":1,"messageKeys":{}}},"pendingPreKey":{"signedKeyId":2,"baseKey":"BZpsGc8XGHXVZy3Rcdn7IYHnfxzH6LLaGZgD15BGxgVh","preKeyId":12107201}}},"version":"v1"}