{"_sessions":{"BQxBxyAeCk9Dmf3LG0amnWnE3GrU0I7TdbIUMy2n0Bot":{"registrationId":1534833780,"currentRatchet":{"ephemeralKeyPair":{"pubKey":"BeGx3UGpquk9YhTuyom/RIMsSGWhphg24jhSqOsVjQQi","privKey":"mI4Isqyq2RYDX2eoBjpRfbBXRU6x960ETJ9YYrh1AXM="},"lastRemoteEphemeralKey":"BSvEGQzAvOoumhk18RrNs5+UcqKDlBGINb3pcJbRlHRW","previousCounter":0,"rootKey":"7p7/+1h9juP1EGihWvQbfPoaaVfZdrljktE1bM5joAU="},"indexInfo":{"baseKey":"BQxBxyAeCk9Dmf3LG0amnWnE3GrU0I7TdbIUMy2n0Bot","baseKeyType":1,"closed":-1,"used":1735121761460,"created":1735121761460,"remoteIdentityKey":"BRE//V1WAL64S7UXDiPhrccGosVZOkgZsqqMdj+dS2sM"},"_chains":{"BeGx3UGpquk9YhTuyom/RIMsSGWhphg24jhSqOsVjQQi":{"chainKey":{"counter":31,"key":"itJcLNB7XFpM0QR/Bnn2UuS5OGeabeEIaWIcqgkPdSQ="},"chainType":1,"messageKeys":{}}},"pendingPreKey":{"signedKeyId":0,"baseKey":"BQxBxyAeCk9Dmf3LG0amnWnE3GrU0I7TdbIUMy2n0Bot","preKeyId":13488151}}},"version":"v1"}