{"_sessions":{"Bc46NIr+/jPk08biFpDFzbd9bDnoSaWvEZ0pNFA/ykAT":{"registrationId":128,"currentRatchet":{"ephemeralKeyPair":{"pubKey":"BTAxwQiyA6f//7a6lN/yCL5lJ9Nc1TNFSh6P1ZTbRA8Q","privKey":"mOoa9dBpdwJPRsZZOJyPGjVr0+/XPZbb0/TCJvP4XGI="},"lastRemoteEphemeralKey":"BZmGPowXhwJQKBn3ycIBOq3Ihsx07Qm41GIdRD9vGbh3","previousCounter":0,"rootKey":"or0knA9nbDc1ZAj4uaYZ7pN9oo7FbkKtjYo5PipTCZI="},"indexInfo":{"baseKey":"Bc46NIr+/jPk08biFpDFzbd9bDnoSaWvEZ0pNFA/ykAT","baseKeyType":1,"closed":1735185633009,"used":1735185630275,"created":1735185630275,"remoteIdentityKey":"BYXCIM+bnyPBJ9Laq7Av3VFKfmtG/HYKxQuqgmbvTZ8Q"},"_chains":{"BTAxwQiyA6f//7a6lN/yCL5lJ9Nc1TNFSh6P1ZTbRA8Q":{"chainKey":{"counter":-1,"key":"UhCJtpAK39kMLnKOW4g04Ukrxw5TKIwCXWxCQoaid9M="},"chainType":1,"messageKeys":{}}},"pendingPreKey":{"signedKeyId":1,"baseKey":"Bc46NIr+/jPk08biFpDFzbd9bDnoSaWvEZ0pNFA/ykAT"}},"BVUDn/h13OEpqw60eaI3N4iAWGJUTR5AksOntELqU3Vg":{"registrationId":128,"currentRatchet":{"ephemeralKeyPair":{"pubKey":"BXg0pAR+zvFH+UEmEGOOPRCooywRHVWLj+gqMW7EGig7","privKey":"GBLn0vGHkAACx5uzl2M7bJjCEKy5Ewtq9/PKmwNjoUI="},"lastRemoteEphemeralKey":"BZmGPowXhwJQKBn3ycIBOq3Ihsx07Qm41GIdRD9vGbh3","previousCounter":0,"rootKey":"3Ot9lsfo13yKKp8sszqSO0RUbbPD4stlWExU0vMqk8w="},"indexInfo":{"baseKey":"BVUDn/h13OEpqw60eaI3N4iAWGJUTR5AksOntELqU3Vg","baseKeyType":1,"closed":-1,"used":1735185633008,"created":1735185633008,"remoteIdentityKey":"BYXCIM+bnyPBJ9Laq7Av3VFKfmtG/HYKxQuqgmbvTZ8Q"},"_chains":{"BXg0pAR+zvFH+UEmEGOOPRCooywRHVWLj+gqMW7EGig7":{"chainKey":{"counter":1,"key":"pHhUzi2Cdx7twXFBI5pAzY63yOVbfDe6TEVxkavfH/o="},"chainType":1,"messageKeys":{}}},"pendingPreKey":{"signedKeyId":1,"baseKey":"BVUDn/h13OEpqw60eaI3N4iAWGJUTR5AksOntELqU3Vg"}}},"version":"v1"}