{"_sessions":{"BVmaREDfsxmA8FjBJzP1tSyrVn8J7839a98lkYKCzvdB":{"registrationId":180714100,"currentRatchet":{"ephemeralKeyPair":{"pubKey":"BWaarv0XsuK8NL0RpyJeqp43abCpDbuGbFih+ckhpKgW","privKey":"SAF1swXc7q22uh4afIi1uxM/nxr8DVPetBk6TNnNClY="},"lastRemoteEphemeralKey":"BR6y1R6BFImdCQlcSdDj2j6SHsx2mgN7MpIDMgTw9pwF","previousCounter":0,"rootKey":"QLiRweyYU8XYQGmKlEEZJKZ9h+uZNvutFiYI2IXbjrE="},"indexInfo":{"baseKey":"BVmaREDfsxmA8FjBJzP1tSyrVn8J7839a98lkYKCzvdB","baseKeyType":1,"closed":-1,"used":1735141697724,"created":1735141697724,"remoteIdentityKey":"BY8c6joSqxLZixJYE0kXceQGQ0pv5opCrVjf2vEYjyRT"},"_chains":{"BWaarv0XsuK8NL0RpyJeqp43abCpDbuGbFih+ckhpKgW":{"chainKey":{"counter":0,"key":"fKveMFF406dBVgIqykAYFTElUXlEuZgbPKnor/Ol7us="},"chainType":1,"messageKeys":{}}},"pendingPreKey":{"signedKeyId":1,"baseKey":"BVmaREDfsxmA8FjBJzP1tSyrVn8J7839a98lkYKCzvdB","preKeyId":3512881}}},"version":"v1"}