{"_sessions":{"BYGqKoKFY2dKX9iYfVLCV25B48qIsv7HPFErguNlmFg5":{"registrationId":439845129,"currentRatchet":{"ephemeralKeyPair":{"pubKey":"BXcPRfglIOTNJ+UA/b2su6eDhaxCnK651xt55Fpw1sE4","privKey":"8BaGw9ppFPh8Uiv+jXW1Bo2Smm2GcRCmLBpVXQqE+lY="},"lastRemoteEphemeralKey":"BeI8Y3zY1qLKenWIX4A7r3tuUwagklVQ6kGu9WwZeSwr","previousCounter":0,"rootKey":"tjhBgd9CWWJCnQtr+1lZ90jhsyctaJtifliS08w/SvE="},"indexInfo":{"baseKey":"BYGqKoKFY2dKX9iYfVLCV25B48qIsv7HPFErguNlmFg5","baseKeyType":1,"closed":-1,"used":1735123603816,"created":1735123603816,"remoteIdentityKey":"BbU0BqqnJty7sMAb6P4HOvWuMuBpKWVvc8ywDzOpzTMX"},"_chains":{"BXcPRfglIOTNJ+UA/b2su6eDhaxCnK651xt55Fpw1sE4":{"chainKey":{"counter":4,"key":"N9SKmtC29E9GWnTxDckBc9YtJTQzbkEOZ6D2Y7313yc="},"chainType":1,"messageKeys":{}}},"pendingPreKey":{"signedKeyId":1,"baseKey":"BYGqKoKFY2dKX9iYfVLCV25B48qIsv7HPFErguNlmFg5","preKeyId":11880998}}},"version":"v1"}