{"_sessions":{"BQCXHtUbxrdwwy9pf85RI9/Yi0vDkG7sBVDDv1h+6YIi":{"registrationId":1640554765,"currentRatchet":{"ephemeralKeyPair":{"pubKey":"Bb3gDaENA/Bz4kh5WYAt7V9/Y1U7COZOsYtKswm+Ub9+","privKey":"IJaNU1B4C2DliW+kLzDueCYnECwzrse19nqMVGgb1G4="},"lastRemoteEphemeralKey":"BUj4i4ueta4elcW+WVnkfri/DVvZIbLi/5KufpToOJVF","previousCounter":0,"rootKey":"MGp37xZVrMNk4Fxqo4n4gxLEEB0xPs2F0DpHevNGryA="},"indexInfo":{"baseKey":"BQCXHtUbxrdwwy9pf85RI9/Yi0vDkG7sBVDDv1h+6YIi","baseKeyType":1,"closed":-1,"used":1735190203162,"created":1735190203162,"remoteIdentityKey":"BaSRQ8yuUUrhMmOWTA8iKIuWPHLKJ2tDJVepnXu6PVx8"},"_chains":{"Bb3gDaENA/Bz4kh5WYAt7V9/Y1U7COZOsYtKswm+Ub9+":{"chainKey":{"counter":1,"key":"SnphyDObWjFeKViX3t3Ey2rIFxAPTSmlX0OzxvXfMq4="},"chainType":1,"messageKeys":{}}},"pendingPreKey":{"signedKeyId":0,"baseKey":"BQCXHtUbxrdwwy9pf85RI9/Yi0vDkG7sBVDDv1h+6YIi","preKeyId":2163160}}},"version":"v1"}