{"_sessions":{"BTCCeQ9Y4L4T/S9H/+hkJ1ecl3Y+Ak8o2bwiAzJKzMoI":{"registrationId":120,"currentRatchet":{"ephemeralKeyPair":{"pubKey":"BVZL6q8rRZrpaRmGuT7ZImYZH7HEXAs9PkbT6t9J94s7","privKey":"WAcPKsKNsdbp9e2LbIdXbg+SpTsmg7/ze+IjlIIbSEk="},"lastRemoteEphemeralKey":"BcXr0XcZfXgB5liY1F3CmKeWWBgny4nIEVgkS6C8tkBf","previousCounter":0,"rootKey":"v0iYIeY+u2o+p9V8abSrJl7/Z3ODS516MOyoFZDgBgA="},"indexInfo":{"baseKey":"BTCCeQ9Y4L4T/S9H/+hkJ1ecl3Y+Ak8o2bwiAzJKzMoI","baseKeyType":1,"closed":-1,"used":1735190140421,"created":1735190140421,"remoteIdentityKey":"BfVzo7Ug/RSk6ppG2TcFxj6eiMERtMdMhOW2edxOz8Mi"},"_chains":{"BVZL6q8rRZrpaRmGuT7ZImYZH7HEXAs9PkbT6t9J94s7":{"chainKey":{"counter":1,"key":"t3Ab5tdsRcq858wFAhkFqy946Z7xFVRAvfTf+bgyeLw="},"chainType":1,"messageKeys":{}}},"pendingPreKey":{"signedKeyId":1,"baseKey":"BTCCeQ9Y4L4T/S9H/+hkJ1ecl3Y+Ak8o2bwiAzJKzMoI"}}},"version":"v1"}