{"_sessions":{"BTjXAaTSM8zn4kbs7l+qJghMWUUDJpSS78je2kNBh0RM":{"registrationId":1385888609,"currentRatchet":{"ephemeralKeyPair":{"pubKey":"BZIyKRJD5J3Bu8LNxAVuplBhYC3yBI7yuZmMLtTF1BcH","privKey":"EOfLooL0D+aQ77X9T3BtoZGpsoisWunXk/CpkQX9BmM="},"lastRemoteEphemeralKey":"BQTE1PbMHyRwgR9U2664vnSDUcg1fxit9V4L6r+/bJtx","previousCounter":0,"rootKey":"zhnxUg8KX6ieRIuWZOXkrN6QxnOVqY4xAeTsdmD84hs="},"indexInfo":{"baseKey":"BTjXAaTSM8zn4kbs7l+qJghMWUUDJpSS78je2kNBh0RM","baseKeyType":1,"closed":-1,"used":1735192820917,"created":1735192820917,"remoteIdentityKey":"BdnZJUkLmbh43EqVH5qc5mTiLmIdAYtPfNHuUDsoS3gH"},"_chains":{"BZIyKRJD5J3Bu8LNxAVuplBhYC3yBI7yuZmMLtTF1BcH":{"chainKey":{"counter":0,"key":"4wNhnZIgWFdrFgV+COjR1Vt1yQGkbYIsFMQ+68jGuAg="},"chainType":1,"messageKeys":{}}},"pendingPreKey":{"signedKeyId":0,"baseKey":"BTjXAaTSM8zn4kbs7l+qJghMWUUDJpSS78je2kNBh0RM"}}},"version":"v1"}