{"_sessions":{"BVxT6R5kLF/WPLM22bpyDn9ULfyg/mpGixoNFsxcV4EU":{"registrationId":227,"currentRatchet":{"ephemeralKeyPair":{"pubKey":"BXTWEQvpYMO5LCIOcmJam82XIDXTjMO3hyKq6Zs4FaA4","privKey":"0OzYKN4VQ0BmA8anUOuX0AqM3uJhTrDKmf03PWDMy0I="},"lastRemoteEphemeralKey":"BYXskeQuzle/wuV/bt51w/5qMnGyPzRiPBLYC7dgIcdd","previousCounter":0,"rootKey":"EkeXliajAUjmufc3Mq5Yr+B0CO+ieIPwPK+7miZH5vE="},"indexInfo":{"baseKey":"BVxT6R5kLF/WPLM22bpyDn9ULfyg/mpGixoNFsxcV4EU","baseKeyType":1,"closed":-1,"used":1735123618064,"created":1735123618064,"remoteIdentityKey":"Be/cyUroBYvmx0tzY38cKw8wJ11mtrxEl50dXS/53JYa"},"_chains":{"BXTWEQvpYMO5LCIOcmJam82XIDXTjMO3hyKq6Zs4FaA4":{"chainKey":{"counter":0,"key":"/Kz1B62ngoQC49HL6vynNno0ZWozw+qjNHPJavLIFDU="},"chainType":1,"messageKeys":{}}},"pendingPreKey":{"signedKeyId":1,"baseKey":"BVxT6R5kLF/WPLM22bpyDn9ULfyg/mpGixoNFsxcV4EU"}}},"version":"v1"}