{"_sessions":{"BcwMAqWt6rH3/f3AX3d7dt79TixgQMAhy/xNpbh3+Go7":{"registrationId":212378744,"currentRatchet":{"ephemeralKeyPair":{"pubKey":"BQlbg9pCxOZ1msTuyt/P4Q/E//A8O6xJ0m2MySu2zBwf","privKey":"MGokIMCYnaoYfNjhzx52E87EKJx1YSfXy/n7awlCqVg="},"lastRemoteEphemeralKey":"Beqas01eUkZ82VJ09hwdM3zAQ1IASxtr8zw+geUTi1JN","previousCounter":0,"rootKey":"N4zz84EoliYu/PrMz/OIU1Y1kCxcDtHVqYcJPJdI2Fk="},"indexInfo":{"baseKey":"BcwMAqWt6rH3/f3AX3d7dt79TixgQMAhy/xNpbh3+Go7","baseKeyType":1,"closed":-1,"used":1735141850399,"created":1735141850399,"remoteIdentityKey":"BZgYHcOdOpLH6CE019CEObYS8C+vh4BsFC2/qTzgkMYC"},"_chains":{"BQlbg9pCxOZ1msTuyt/P4Q/E//A8O6xJ0m2MySu2zBwf":{"chainKey":{"counter":2,"key":"avtyOFPffxQb+trVf4t8Qs9eZlfIoJbs9vEpAGEELmQ="},"chainType":1,"messageKeys":{}}},"pendingPreKey":{"signedKeyId":2,"baseKey":"BcwMAqWt6rH3/f3AX3d7dt79TixgQMAhy/xNpbh3+Go7","preKeyId":5134152}}},"version":"v1"}