{"_sessions":{"BeaiXLoKklugKlv9EdZZgYf7BUZpN7yI+sK+V7UFm45P":{"registrationId":4280297096,"currentRatchet":{"ephemeralKeyPair":{"pubKey":"BbNf+TN0MPa4gu01bTV8KBdu29Pn8o/x9GtgAIkY9gIC","privKey":"+LInr4+L0BMR95iKbfGasNjZIyYrHEOI+Zh52e9PFn0="},"lastRemoteEphemeralKey":"Bd5dGGeLfbcbtZINK0IQeN5eiwjCCjDVckgwXPBtSsFO","previousCounter":0,"rootKey":"0NeDdgh9U5fnpZiZUjbtbYI98R+KryUwikPvb0Lf6f0="},"indexInfo":{"baseKey":"BeaiXLoKklugKlv9EdZZgYf7BUZpN7yI+sK+V7UFm45P","baseKeyType":1,"closed":-1,"used":1735193629886,"created":1735193629886,"remoteIdentityKey":"BXXwaaItDs7ZIDW3IO4hApTyQxCIMvYXl4yz3+REGihc"},"_chains":{"BbNf+TN0MPa4gu01bTV8KBdu29Pn8o/x9GtgAIkY9gIC":{"chainKey":{"counter":0,"key":"Ar98aukXEdx54NDZCp0MNSD9pKoiswo99XNYFdBVkYI="},"chainType":1,"messageKeys":{}}},"pendingPreKey":{"signedKeyId":1,"baseKey":"BeaiXLoKklugKlv9EdZZgYf7BUZpN7yI+sK+V7UFm45P"}}},"version":"v1"}