{"_sessions":{"BamOhCJLk7mroQ+e01hCNOuKjEP8uLrGRsbnglsWTJ9L":{"registrationId":976278338,"currentRatchet":{"ephemeralKeyPair":{"pubKey":"BX8caqZHnyoU4FJtoMZIqSsRJWT3I37XUlyHI+RBZh1Y","privKey":"iHkFlJ2+W+aEmJiEpYF+8bRya1cofVrTSpKWW9GkE1g="},"lastRemoteEphemeralKey":"BVnb5AvvG0TaauE+SG3jD3yQCAHs9XhlSp8F6URDJPhF","previousCounter":0,"rootKey":"zk8pB2D/6xwf65Z8gFeO40tG+SWJN0Tw+ETt7gATuYM="},"indexInfo":{"baseKey":"BamOhCJLk7mroQ+e01hCNOuKjEP8uLrGRsbnglsWTJ9L","baseKeyType":1,"closed":-1,"used":1735189998434,"created":1735189998434,"remoteIdentityKey":"Bb93UcpWdbw9ZDWXUpTEqBJr/oN2Ekinq+D6nyBf1FoC"},"_chains":{"BX8caqZHnyoU4FJtoMZIqSsRJWT3I37XUlyHI+RBZh1Y":{"chainKey":{"counter":0,"key":"HGdVP4Q09tZkKRxaoCTvQlSDR5Fr9RPydh8GObMKS8M="},"chainType":1,"messageKeys":{}}},"pendingPreKey":{"signedKeyId":8,"baseKey":"BamOhCJLk7mroQ+e01hCNOuKjEP8uLrGRsbnglsWTJ9L","preKeyId":7443209}}},"version":"v1"}