{"_sessions":{"BRbtCnUlWA+vtM+26MKwppMvNN9DXzAT1NIaBjGkADEq":{"registrationId":860746958,"currentRatchet":{"ephemeralKeyPair":{"pubKey":"BXIDdD7QjX2MNsKJortGq3ZcSc1Lpw1rUAopT46FeppF","privKey":"MNmMFzIxMR/8Kj4pQjEamBbJGsyZE+9M3OH5qtJJH1k="},"lastRemoteEphemeralKey":"BbBhl8YmLZYWCg8nAmKw931+nHnHYzXPYJaAISlYMOkH","previousCounter":0,"rootKey":"4ypGq6zLu9Zxlwc4sKGP4xN7Ib99mHwSWPMSDttLBFY="},"indexInfo":{"baseKey":"BRbtCnUlWA+vtM+26MKwppMvNN9DXzAT1NIaBjGkADEq","baseKeyType":1,"closed":-1,"used":1735190242771,"created":1735190242771,"remoteIdentityKey":"BentGtFL4Yo6uyeZdvJxmlJEL+K1QQu1xtQWuy9A/odx"},"_chains":{"BXIDdD7QjX2MNsKJortGq3ZcSc1Lpw1rUAopT46FeppF":{"chainKey":{"counter":1,"key":"/ExEuTkwLmOQhdSwidxtS58Uw3BY0EZD2uX8gRFbMjk="},"chainType":1,"messageKeys":{}}},"pendingPreKey":{"signedKeyId":1,"baseKey":"BRbtCnUlWA+vtM+26MKwppMvNN9DXzAT1NIaBjGkADEq","preKeyId":7025588}}},"version":"v1"}