{"_sessions":{"BSl01JVHJ0PWH64SeL2mk6QzxWIXxXbY5JZynIFBCoA4":{"registrationId":1050675120,"currentRatchet":{"ephemeralKeyPair":{"pubKey":"BVSqvIT7S3PEJ5yThQaMFwWgesxWTK3SZEnCvw8Myxli","privKey":"YNOOgJFttN5ghT4IsrAD8yGYrQzM4MHvlPGmVpi/o04="},"lastRemoteEphemeralKey":"BcJd/vjzlRNhSCwG1HRhcJq75PHVbVyXbXDifGL/IyYR","previousCounter":0,"rootKey":"a3wz2OqfWxUQ7BlvZK8Cl2wAiPN3oAPaCEbujZpuPG4="},"indexInfo":{"baseKey":"BSl01JVHJ0PWH64SeL2mk6QzxWIXxXbY5JZynIFBCoA4","baseKeyType":1,"closed":-1,"used":1735123668356,"created":1735123668356,"remoteIdentityKey":"BQtf8sq+SxT/JIKl0IKzCxHwc6KSp8W5DNNC/E93PWUH"},"_chains":{"BVSqvIT7S3PEJ5yThQaMFwWgesxWTK3SZEnCvw8Myxli":{"chainKey":{"counter":0,"key":"UVTfqKZFIybyq/Quwn1UO2O4D/bpaDz5KiSigPRdHcE="},"chainType":1,"messageKeys":{}}},"pendingPreKey":{"signedKeyId":3,"baseKey":"BSl01JVHJ0PWH64SeL2mk6QzxWIXxXbY5JZynIFBCoA4"}}},"version":"v1"}