{"_sessions":{"BcyWSHeWEBkjwH8nb9Fj2Q4VyHVWFRnVfg9Lzvo4zk55":{"registrationId":1476745171,"currentRatchet":{"ephemeralKeyPair":{"pubKey":"BekujOzkW1mILyLzeQxU1+SUR0u0a+aNi2C/bYpenqJd","privKey":"gCG+0AywjdTsGlGrbt7NIwME9Aar2i76jCUNMHkbIFw="},"lastRemoteEphemeralKey":"BTzNjPctoZPCDiEMHyY5GSyv1Cjm4naNC82exunpBvdS","previousCounter":0,"rootKey":"i3oW1wCSuk3ZVMW4s0estCKKf7To7MQvks3oQl/Vb2I="},"indexInfo":{"baseKey":"BcyWSHeWEBkjwH8nb9Fj2Q4VyHVWFRnVfg9Lzvo4zk55","baseKeyType":1,"closed":1735185655449,"used":1735185654897,"created":1735185654897,"remoteIdentityKey":"Bb7NDGT8tmxfDwgHdeBWRJBx3KwMpELzfn+UzZo7qrBn"},"_chains":{"BekujOzkW1mILyLzeQxU1+SUR0u0a+aNi2C/bYpenqJd":{"chainKey":{"counter":-1,"key":"ZQq1HaNW1sUqW81bgTilzPmbQAKjWsLVrhLOPVqSo5k="},"chainType":1,"messageKeys":{}}},"pendingPreKey":{"signedKeyId":1,"baseKey":"BcyWSHeWEBkjwH8nb9Fj2Q4VyHVWFRnVfg9Lzvo4zk55","preKeyId":1177153}},"BY9I6sQ87zxS3kuslJlxSOz/cjfPH/y1UHQQ5ipZq3dW":{"registrationId":1476745171,"currentRatchet":{"ephemeralKeyPair":{"pubKey":"BV+Kc8P4VidTQWLI85aBXfejlLvztGGRHg8yuvjhHVkB","privKey":"WNWvM5LxFOxCmTwgeKdInPlt25SnrK6T7ezeMHuKmHM="},"lastRemoteEphemeralKey":"BTzNjPctoZPCDiEMHyY5GSyv1Cjm4naNC82exunpBvdS","previousCounter":0,"rootKey":"lp7DAdZPrw0WjsNMTxsmOMf32ZZxL5GIWUFW8qF6pTw="},"indexInfo":{"baseKey":"BY9I6sQ87zxS3kuslJlxSOz/cjfPH/y1UHQQ5ipZq3dW","baseKeyType":1,"closed":-1,"used":1735185655448,"created":1735185655448,"remoteIdentityKey":"Bb7NDGT8tmxfDwgHdeBWRJBx3KwMpELzfn+UzZo7qrBn"},"_chains":{"BV+Kc8P4VidTQWLI85aBXfejlLvztGGRHg8yuvjhHVkB":{"chainKey":{"counter":1,"key":"wV0tM/4FoVrE1S15H67F1ru0jJJPo+5HYIvJ2ej6Eqc="},"chainType":1,"messageKeys":{}}},"pendingPreKey":{"signedKeyId":1,"baseKey":"BY9I6sQ87zxS3kuslJlxSOz/cjfPH/y1UHQQ5ipZq3dW","preKeyId":1177364}}},"version":"v1"}