{"_sessions":{"BR9W7esZ04QHxiy/yxwr/4GmxcjweWliDnnZOrZBFoBu":{"registrationId":222,"currentRatchet":{"ephemeralKeyPair":{"pubKey":"BcQzFast6Q0y1wKfpvrWPcUpGabIESxynFQsjG6waAAM","privKey":"UJHyZ2JBsPQSDKIGA2OIzkE6juaZikbYVQptloyy03k="},"lastRemoteEphemeralKey":"BcrSY9WBPVHU9cDg8f9T0xiYr3awiLW+AptBm+0Q405E","previousCounter":0,"rootKey":"ChQ4bLB1rjycGZmerYsuKsQ0GpdacRIKraxYOIgfX3o="},"indexInfo":{"baseKey":"BR9W7esZ04QHxiy/yxwr/4GmxcjweWliDnnZOrZBFoBu","baseKeyType":1,"closed":-1,"used":1735123636720,"created":1735123636720,"remoteIdentityKey":"BUdQruC0F7CRw6R+PQN5C0eR3Z2RD6HVqkaRaNhHpAU2"},"_chains":{"BcQzFast6Q0y1wKfpvrWPcUpGabIESxynFQsjG6waAAM":{"chainKey":{"counter":1,"key":"hbpXc+KKPqIO3kXwo3xs8JAHMFZF0utkWJdaFkGgw28="},"chainType":1,"messageKeys":{}}},"pendingPreKey":{"signedKeyId":1,"baseKey":"BR9W7esZ04QHxiy/yxwr/4GmxcjweWliDnnZOrZBFoBu"}}},"version":"v1"}