{"_sessions":{"Be1jRtqvBeNWK4XeVI+0n3f3QlSIBbM3AjzymsIoZg04":{"registrationId":919025148,"currentRatchet":{"ephemeralKeyPair":{"pubKey":"BQEeeJmJ9+ex2USqvXNmJzying6/RuEt9uX5kwB3+rsX","privKey":"WE7iiQrqVaQ0OQTVanP5QAwS2KQ1FpdMnHUvwOLyRVs="},"lastRemoteEphemeralKey":"BYBo5mVLnbqKO9YQhehaO3xCd1FHJInlmd3vldZTRfJL","previousCounter":0,"rootKey":"/He8zV0qnIUUgW9V/4SMhuT9ploR7sSU0ZYkj15l3L0="},"indexInfo":{"baseKey":"Be1jRtqvBeNWK4XeVI+0n3f3QlSIBbM3AjzymsIoZg04","baseKeyType":1,"closed":-1,"used":1735190079340,"created":1735190079340,"remoteIdentityKey":"BYhhV9zq6kZY2/YopXBK8IoJIc2Vp0KBtFkHCUls99dA"},"_chains":{"BQEeeJmJ9+ex2USqvXNmJzying6/RuEt9uX5kwB3+rsX":{"chainKey":{"counter":0,"key":"n2sQX1joIlHzqXeVP++Vg2IMuuIrZWzdqemeCbT3NfU="},"chainType":1,"messageKeys":{}}},"pendingPreKey":{"signedKeyId":0,"baseKey":"Be1jRtqvBeNWK4XeVI+0n3f3QlSIBbM3AjzymsIoZg04","preKeyId":5346536}}},"version":"v1"}