{"_sessions":{"BaXiSOWmGLQDOy/CWQTDlilbJGdd/X3iTbCISlCtxTVc":{"registrationId":1652,"currentRatchet":{"ephemeralKeyPair":{"pubKey":"BWervwAp4BE4nMVmmFI2qdZM1CKcpxXebzkVSZhPpUU/","privKey":"sIEViYtKXiXOjp9fiilxBC7b/uiXoKy54oVDfF5p2WI="},"lastRemoteEphemeralKey":"BSIvp6cVMemj47iIWs9/XnX6hd22LoqYFc9OvutADVd7","previousCounter":0,"rootKey":"mZm98Wn0yLJflfE7MVApZSAWQRStt7sLpLJKOrGcmvw="},"indexInfo":{"baseKey":"BaXiSOWmGLQDOy/CWQTDlilbJGdd/X3iTbCISlCtxTVc","baseKeyType":1,"closed":-1,"used":1735230301873,"created":1735230301873,"remoteIdentityKey":"BaK3OV17tviaqsZQxMSw6L2xRWQAnzWRge9PoOm4zhcf"},"_chains":{"BWervwAp4BE4nMVmmFI2qdZM1CKcpxXebzkVSZhPpUU/":{"chainKey":{"counter":0,"key":"9bj/bH1LwSs42EY9Zs0tg8VI08aJw6BLdohZ7DWr55I="},"chainType":1,"messageKeys":{}}},"pendingPreKey":{"signedKeyId":1,"baseKey":"BaXiSOWmGLQDOy/CWQTDlilbJGdd/X3iTbCISlCtxTVc","preKeyId":1004}}},"version":"v1"}