{"_sessions":{"BeYdI0+m8oG8qdgAeSLseTrmS7XVABhaLc+4JapcPpcD":{"registrationId":23,"currentRatchet":{"ephemeralKeyPair":{"pubKey":"BfQrNV4MJPh2i2eeKwq8L3P0u6BWEbg4Tn6oJrFqZmk2","privKey":"GEOEwoIjEY2y/bn8d/m/lF3q+uzPk+8DX9Lh1mRq4XM="},"lastRemoteEphemeralKey":"BZWTb/b/dD6ScfrqnM1Rl8CeK781X0T7/IBwDrBLx8dO","previousCounter":0,"rootKey":"v38Wldh3zsuDGU6w707x4CWnAzd4bKM1+Z4Hm8wLXSk="},"indexInfo":{"baseKey":"BeYdI0+m8oG8qdgAeSLseTrmS7XVABhaLc+4JapcPpcD","baseKeyType":1,"closed":-1,"used":1735193629939,"created":1735193629939,"remoteIdentityKey":"Bb3ErqfwLtH3kaJvtanmdZYNNVSTqcn9NouFaTxnZ+4c"},"_chains":{"BfQrNV4MJPh2i2eeKwq8L3P0u6BWEbg4Tn6oJrFqZmk2":{"chainKey":{"counter":0,"key":"cesAQeEc7a+nL8vkQT1tPClLaYoAY5akSmWKX83ODAY="},"chainType":1,"messageKeys":{}}},"pendingPreKey":{"signedKeyId":1,"baseKey":"BeYdI0+m8oG8qdgAeSLseTrmS7XVABhaLc+4JapcPpcD"}}},"version":"v1"}