{"_sessions":{"BYz753BHw7rbm+GrXAU2wVANhINk+8DX8u41kHvo/iAT":{"registrationId":1993663161,"currentRatchet":{"ephemeralKeyPair":{"pubKey":"BdoKfoen1fL6bbJolFCd9ZmMUeJNJUPdldeuaWYPzHQI","privKey":"MI6uSyGusTNX+MVPvkzS4i2aSiQbbdXxvQ34dFXivHE="},"lastRemoteEphemeralKey":"BcduMWXilJNnU7B2xdg5L4GTIN6id3vl5N12Bsk1aw5E","previousCounter":0,"rootKey":"Hn64BD9lk8EL+tjIn1Km/lb6JzQAWMj7RG5ZbqPOIvY="},"indexInfo":{"baseKey":"BYz753BHw7rbm+GrXAU2wVANhINk+8DX8u41kHvo/iAT","baseKeyType":1,"closed":-1,"used":1735192869933,"created":1735192869933,"remoteIdentityKey":"BT6+AB3kvt91ySqvTkGzJKgKSpajFv9/ul1gHSzk4hVY"},"_chains":{"BdoKfoen1fL6bbJolFCd9ZmMUeJNJUPdldeuaWYPzHQI":{"chainKey":{"counter":0,"key":"MZ3pCOuhsoNFx3e/gQXB08VAuHl3GxbLJ4Y/2cJSV8o="},"chainType":1,"messageKeys":{}}},"pendingPreKey":{"signedKeyId":0,"baseKey":"BYz753BHw7rbm+GrXAU2wVANhINk+8DX8u41kHvo/iAT","preKeyId":16280240}}},"version":"v1"}