{"_sessions":{"BYRlsch3B5iItWdnANvQr7b4JLD0wLrrTMMzKeb5LgcH":{"registrationId":1979223945,"currentRatchet":{"ephemeralKeyPair":{"pubKey":"BWhvFCTIg6KdraAcg/nV2UZ3wBQQXT8Wz9y+iwMyQPR0","privKey":"EP+chl3HI1j/SVkChwOtPaU0+7EShY//Hc4RXYYMlVM="},"lastRemoteEphemeralKey":"BcDoNdoRDYB8qQAX+F5xrBI2tfoyCIh+71Zk5VXVgP00","previousCounter":0,"rootKey":"/Uuq68IyYUpqTXb4QKpjRq93Jb/ciaOqBFnIofHbNrI="},"indexInfo":{"baseKey":"BYRlsch3B5iItWdnANvQr7b4JLD0wLrrTMMzKeb5LgcH","baseKeyType":1,"closed":-1,"used":1735190166616,"created":1735190166616,"remoteIdentityKey":"BWy1kPfHp31sDuUDRKI/nqE38lmOIiJUVxCrCfXPiJcA"},"_chains":{"BWhvFCTIg6KdraAcg/nV2UZ3wBQQXT8Wz9y+iwMyQPR0":{"chainKey":{"counter":1,"key":"a0LWMXNNJbTU4iQJ35YEV8DNemSdfegC0Pw7oSBuWQs="},"chainType":1,"messageKeys":{}}},"pendingPreKey":{"signedKeyId":3,"baseKey":"BYRlsch3B5iItWdnANvQr7b4JLD0wLrrTMMzKeb5LgcH","preKeyId":12271886}}},"version":"v1"}