{"_sessions":{"BRrL0wSEa5z8qLYDPvEF3A6feDyJQUVhPFJIgcW16icq":{"registrationId":71,"currentRatchet":{"ephemeralKeyPair":{"pubKey":"Bcv5kw729mQxJCCqfBTeh+a0xa9a/T4gMsXH8yqI2xFD","privKey":"gJWVHJskQkI1ipQbORk8aPPx7yK1xW2d1KwyfsH6oGE="},"lastRemoteEphemeralKey":"Bf9eZ/cjOblL/VLatZYyZCOqkFtOqesJVik/+8lcxf9l","previousCounter":0,"rootKey":"+FltxGmnhyqfepg8WyI3GviR7vBwtrTkEkTTnyf+VRg="},"indexInfo":{"baseKey":"BRrL0wSEa5z8qLYDPvEF3A6feDyJQUVhPFJIgcW16icq","baseKeyType":1,"closed":-1,"used":1735192807370,"created":1735192807370,"remoteIdentityKey":"BQRGzhiQ9brpIXkYfY1oitAmf+tlixD2p6a15iWavWZq"},"_chains":{"Bcv5kw729mQxJCCqfBTeh+a0xa9a/T4gMsXH8yqI2xFD":{"chainKey":{"counter":0,"key":"Uv9dsbP3VB5KSoTTlloZgiOpVoT2eSJBB1vn70rd23w="},"chainType":1,"messageKeys":{}}},"pendingPreKey":{"signedKeyId":1,"baseKey":"BRrL0wSEa5z8qLYDPvEF3A6feDyJQUVhPFJIgcW16icq"}}},"version":"v1"}