{"_sessions":{"Be/HJNHJzymcN5yDe7O2S/gsyoyqLGjKEdchwWSa0qh4":{"registrationId":57,"currentRatchet":{"ephemeralKeyPair":{"pubKey":"BTi6F1CeyKUxcE1Y9YDFtJMnjsTtEPNxgyq2D3B/BfsI","privKey":"QH+WDfKv5EY6eSnfIRB8C/90x3rsW0mYZvSdIsKOw2U="},"lastRemoteEphemeralKey":"BZYf9gYl2Z93BecaFX+xN28P7mCrKRVvHtgIY+9fTVJN","previousCounter":0,"rootKey":"sIJtwxWgZm60FoKnne1B/49o+ZdWes9PimwsnC980ao="},"indexInfo":{"baseKey":"Be/HJNHJzymcN5yDe7O2S/gsyoyqLGjKEdchwWSa0qh4","baseKeyType":1,"closed":-1,"used":1735190140154,"created":1735190140154,"remoteIdentityKey":"BR0Xp3N7sjtfBWQUGELXhykiv2x4fH0l6jEdCAl+V211"},"_chains":{"BTi6F1CeyKUxcE1Y9YDFtJMnjsTtEPNxgyq2D3B/BfsI":{"chainKey":{"counter":1,"key":"oVyHYQ6I7G421FdicSMvifwDFtZLFD5oZUMNM3jKB2k="},"chainType":1,"messageKeys":{}}},"pendingPreKey":{"signedKeyId":1,"baseKey":"Be/HJNHJzymcN5yDe7O2S/gsyoyqLGjKEdchwWSa0qh4"}}},"version":"v1"}