{"_sessions":{"BZA7mxvts13qcwlh7a0F44uyAwMLbjKDbm8hsphfViQN":{"registrationId":346708650,"currentRatchet":{"ephemeralKeyPair":{"pubKey":"BZu36PkoRShxnb/7G6jooUQNxRuwKEceNqj1LDKrg/4a","privKey":"yBocv/ViIQrKEdtRcFgNiPNYyKiZjQ4qVqwSsMeB61w="},"lastRemoteEphemeralKey":"BX9jZQJWIA8OiJ3vWrZRFcLY1lBQnHscXAsjru4oryAC","previousCounter":0,"rootKey":"kqEhFk34827/mfE4SgltLbTGRZEDaUGUKN+4gTofJD8="},"indexInfo":{"baseKey":"BZA7mxvts13qcwlh7a0F44uyAwMLbjKDbm8hsphfViQN","baseKeyType":1,"closed":-1,"used":1735192888139,"created":1735192888139,"remoteIdentityKey":"BQUfYK3w0FaIbxFhZWbuotvyrvkavAakO1RHH0r5Rbxn"},"_chains":{"BZu36PkoRShxnb/7G6jooUQNxRuwKEceNqj1LDKrg/4a":{"chainKey":{"counter":0,"key":"AboAg6iXRzvvAbWsa3JK9AIXOdihOQAIct/SdkIsPrA="},"chainType":1,"messageKeys":{}}},"pendingPreKey":{"signedKeyId":1,"baseKey":"BZA7mxvts13qcwlh7a0F44uyAwMLbjKDbm8hsphfViQN"}}},"version":"v1"}