{"_sessions":{"BZI7aoEfZ5WQNro+gDYdGwyCfTyMl25+oRbsot8rhakk":{"registrationId":49,"currentRatchet":{"ephemeralKeyPair":{"pubKey":"BbnYkpeFDJE4ledVUZwVffCKIZkt0NGAT9YNSU7RFCM5","privKey":"iOhywoONA+ZLSIchPdYBxeqQsKEqIJoWS01cHgTPn0c="},"lastRemoteEphemeralKey":"BS2ZtfGDpglNLchoRJlfyUI9Ulx6+PD7JfDcntvK/29G","previousCounter":0,"rootKey":"Mp2NcIpAljnV+5BWNiawTyVqNcIhqYkWZyTIxNu5ulw="},"indexInfo":{"baseKey":"BZI7aoEfZ5WQNro+gDYdGwyCfTyMl25+oRbsot8rhakk","baseKeyType":1,"closed":-1,"used":1735190181472,"created":1735190181472,"remoteIdentityKey":"BZEt6A4socumkZ6lUkB7VlVv20RLfMiAUUYw1+PqvSZw"},"_chains":{"BbnYkpeFDJE4ledVUZwVffCKIZkt0NGAT9YNSU7RFCM5":{"chainKey":{"counter":1,"key":"AAqv6C/ajffiDDZYHBwGJElJoz094KyBv53JYOZUsLk="},"chainType":1,"messageKeys":{}}},"pendingPreKey":{"signedKeyId":1,"baseKey":"BZI7aoEfZ5WQNro+gDYdGwyCfTyMl25+oRbsot8rhakk"}}},"version":"v1"}