{"_sessions":{"Bb6ll3RmGz8gWunHwKDtIvJyk8rRKmrB6H4jTymErYRO":{"registrationId":549676841,"currentRatchet":{"ephemeralKeyPair":{"pubKey":"BbIinKghGAPlH46hfb4UM/SdBD1GeGC3cbuVCefs8WdP","privKey":"cIWzxVs+tMXO4BC/Z+CsBJ1KZa8QKau/kvLe52XgnWM="},"lastRemoteEphemeralKey":"BfB1tmHzss0Tt6gcr0Xpm36h0YfST2otKzTaSibhGctC","previousCounter":0,"rootKey":"H/SKDAXXKYqwvk78x6adgyTvHvTRKwxP1cJKv4mzxXQ="},"indexInfo":{"baseKey":"Bb6ll3RmGz8gWunHwKDtIvJyk8rRKmrB6H4jTymErYRO","baseKeyType":1,"closed":-1,"used":1735230310961,"created":1735230310961,"remoteIdentityKey":"BdalOTE9/qfxW7Kn0AS2VxuCbETzsspXVnXil9tn+BYN"},"_chains":{"BbIinKghGAPlH46hfb4UM/SdBD1GeGC3cbuVCefs8WdP":{"chainKey":{"counter":0,"key":"5TpAAGbz2+vGKtoVZAczl6VWTtJDe1bLHcL4tziTElM="},"chainType":1,"messageKeys":{}}},"pendingPreKey":{"signedKeyId":9,"baseKey":"Bb6ll3RmGz8gWunHwKDtIvJyk8rRKmrB6H4jTymErYRO","preKeyId":14310262}}},"version":"v1"}