{"_sessions":{"BaWSuOfRJdDwTr5k/RkYFhQ7DpqVk9wQviMquIz/VpdR":{"registrationId":882939202,"currentRatchet":{"ephemeralKeyPair":{"pubKey":"BRgf84BMgpEMqt8tqoxVX/GVahVccJRVuL3tEKcMpgh1","privKey":"SBsI5u4KpfTxyiWkyd0SoRsU5IdMneVu4bJam6ovY3M="},"lastRemoteEphemeralKey":"BewAlmcbW4J09ra61LDAryKZLXLyEcYsZ5WuCP2VKSQD","previousCounter":0,"rootKey":"FUJDtz954DsJGNWXnQR0RY/OgefdxnktAK4+uiN/GSY="},"indexInfo":{"baseKey":"BaWSuOfRJdDwTr5k/RkYFhQ7DpqVk9wQviMquIz/VpdR","baseKeyType":1,"closed":-1,"used":1735190157374,"created":1735190157374,"remoteIdentityKey":"BYYLeFlf4nI9dDlgJAg4cPKCoZx+TEZOKVWe82q53QZV"},"_chains":{"BRgf84BMgpEMqt8tqoxVX/GVahVccJRVuL3tEKcMpgh1":{"chainKey":{"counter":1,"key":"4yY4a3b/inUVO/y/8GkYKnBRyAXDrbKk/geI1lPrdqk="},"chainType":1,"messageKeys":{}}},"pendingPreKey":{"signedKeyId":0,"baseKey":"BaWSuOfRJdDwTr5k/RkYFhQ7DpqVk9wQviMquIz/VpdR","preKeyId":2931801}}},"version":"v1"}