{"_sessions":{"BbUPrdmbpVeCXHxxC71akja3XU5BYaVE71sElzTq7C8U":{"registrationId":1891764629,"currentRatchet":{"ephemeralKeyPair":{"pubKey":"BZ9yRTjdGdpG3la9YfJcpnVwelU48U6o+yRzM6nZ1E4/","privKey":"IAaUvMbDYVVKzYZ5dY/Fxps7JkEGxyA4rJhqJzsqYlc="},"lastRemoteEphemeralKey":"BRrXeM+yFH2PW0lvjJxJrDpBiL1dORpnts6QQOOM9eh4","previousCounter":0,"rootKey":"W6yiTQBtuSW3ZCHXVddf8bVvyFCiw500iJ4GjznHsk4="},"indexInfo":{"baseKey":"BbUPrdmbpVeCXHxxC71akja3XU5BYaVE71sElzTq7C8U","baseKeyType":1,"closed":-1,"used":1735192883077,"created":1735192883077,"remoteIdentityKey":"BTd76fp4dogeyzMOB9ZQsvvqpQsQQ2KK+DZlnYEswsZg"},"_chains":{"BZ9yRTjdGdpG3la9YfJcpnVwelU48U6o+yRzM6nZ1E4/":{"chainKey":{"counter":0,"key":"66u/cMSoT3Y7re/idsnt2cIIRWkZcwKFNpUuJ+wl8lk="},"chainType":1,"messageKeys":{}}},"pendingPreKey":{"signedKeyId":5,"baseKey":"BbUPrdmbpVeCXHxxC71akja3XU5BYaVE71sElzTq7C8U","preKeyId":9685598}}},"version":"v1"}