{"_sessions":{"BdLr6+INKRB0P1kgleQKQxAOhfMAapj8WqVo4Pc+/ORn":{"registrationId":32,"currentRatchet":{"ephemeralKeyPair":{"pubKey":"BfMhbUV7WeNAdpwliFIFg/YDqL4uBHv3Dm9muUGvbhV0","privKey":"WCYecW7uTnqQBJQPZpwQGQTk76oxkyUDAmDfOfnQ7Go="},"lastRemoteEphemeralKey":"BdFfpubpIgCfkwpzxEVmK07gzigV9ScZL4rr4I4LuABH","previousCounter":0,"rootKey":"ptwOoX44iWFSThnbZhb0yIo3TXaQvjkAEaIkCMyHUCI="},"indexInfo":{"baseKey":"BdLr6+INKRB0P1kgleQKQxAOhfMAapj8WqVo4Pc+/ORn","baseKeyType":1,"closed":-1,"used":1735192802671,"created":1735192802671,"remoteIdentityKey":"BbtvL3264Io5OpwbMTfsjd96sgK0WEobY8YDhIhpjKY9"},"_chains":{"BfMhbUV7WeNAdpwliFIFg/YDqL4uBHv3Dm9muUGvbhV0":{"chainKey":{"counter":0,"key":"yZD7eAbX9SRvkZl7dnpRjrdYTXgn88e08npu82QXoG8="},"chainType":1,"messageKeys":{}}},"pendingPreKey":{"signedKeyId":1,"baseKey":"BdLr6+INKRB0P1kgleQKQxAOhfMAapj8WqVo4Pc+/ORn"}}},"version":"v1"}