{"_sessions":{"BVPHcp6IsftI+SqMHWXxeLuwIxNPi11BZwPz8oo4HUJZ":{"registrationId":1197931110,"currentRatchet":{"ephemeralKeyPair":{"pubKey":"BUSG4kVPNIqXVdq9nIf/gB3UMeEPpjxgAymCrZiws3dv","privKey":"gKsNmjZ5SL2VzKuPlSnhhS+O4AK4+5cMcOBpY1B+pVE="},"lastRemoteEphemeralKey":"BYVkdfcGaR80GbefpbFMCkNtfBxsmMHUkYuvTN5eVulE","previousCounter":0,"rootKey":"iqPRGMfKT4YUOz2L6HqNmC7kz+MCDx4by7LyOqZe4AA="},"indexInfo":{"baseKey":"BVPHcp6IsftI+SqMHWXxeLuwIxNPi11BZwPz8oo4HUJZ","baseKeyType":1,"closed":-1,"used":1735190255708,"created":1735190255708,"remoteIdentityKey":"BQwAvxqZIdgZBIuGFbWF4/ZrAlRhAZF5Bus7JUFbYk4k"},"_chains":{"BUSG4kVPNIqXVdq9nIf/gB3UMeEPpjxgAymCrZiws3dv":{"chainKey":{"counter":1,"key":"zoWP7BnXHOLT8dQU2fcELXfpaTooeTbkDPyyNaXlQBg="},"chainType":1,"messageKeys":{}}},"pendingPreKey":{"signedKeyId":0,"baseKey":"BVPHcp6IsftI+SqMHWXxeLuwIxNPi11BZwPz8oo4HUJZ","preKeyId":14744638}}},"version":"v1"}