{"_sessions":{"BVDQxLSoNRD4u/s0Z7gRbJLJR9xfxYOkmCOdKfgL8xAz":{"registrationId":1955522961,"currentRatchet":{"ephemeralKeyPair":{"pubKey":"Bd7SiFUh7iZbM8hy6k6gJSRqgsBVzCKkjwN6rq5e7MgX","privKey":"uKw0KRJ/V5hqD9cRe4Us6OaGDbXcG2v13x9Ds1EUumI="},"lastRemoteEphemeralKey":"Bcx48jvf9GKNnxxJ0Rexj6ECeUdD8qlDss/V7q84AoZY","previousCounter":0,"rootKey":"PhYxYVCm87a+XTV7nEuaLRwRtBe6yrHInNcRSlLf4kc="},"indexInfo":{"baseKey":"BVDQxLSoNRD4u/s0Z7gRbJLJR9xfxYOkmCOdKfgL8xAz","baseKeyType":1,"closed":-1,"used":1735192807682,"created":1735192807682,"remoteIdentityKey":"BQg4626O/iRkwsXaDpmXw7An4rEZx97OKu6ipohdsp17"},"_chains":{"Bd7SiFUh7iZbM8hy6k6gJSRqgsBVzCKkjwN6rq5e7MgX":{"chainKey":{"counter":0,"key":"9rBkukw3GGM9cdbYa1pUzcm6gj/XhY695ftVWMifY9k="},"chainType":1,"messageKeys":{}}},"pendingPreKey":{"signedKeyId":2,"baseKey":"BVDQxLSoNRD4u/s0Z7gRbJLJR9xfxYOkmCOdKfgL8xAz","preKeyId":12984152}}},"version":"v1"}