{"_sessions":{"BZ/Ej3lDHZ9dMBReb6YUvHqPpNJXEMRLy5bwj01WTp96":{"registrationId":116,"currentRatchet":{"ephemeralKeyPair":{"pubKey":"Bdo/VktDHKaeobNzIvBaqIg6wmrDJgLRn9Q2adAHBroD","privKey":"OPOZ9Ptin9TFJFua45cKqfDrTQhK/mMAy7plE35BLEI="},"lastRemoteEphemeralKey":"BQzv+M07omBL8PrNMo+88nUpJhQ4wY77kIcII5m9SNI+","previousCounter":0,"rootKey":"dxij796Otz4bXqg62w6kAQVYe7Wl6tA87Qh5p8k70DU="},"indexInfo":{"baseKey":"BZ/Ej3lDHZ9dMBReb6YUvHqPpNJXEMRLy5bwj01WTp96","baseKeyType":1,"closed":-1,"used":1735123600416,"created":1735123600416,"remoteIdentityKey":"BfpycjAFoLPjof6Jw//kiKrEbVJV6Tnu5Gnh8ImOhD11"},"_chains":{"Bdo/VktDHKaeobNzIvBaqIg6wmrDJgLRn9Q2adAHBroD":{"chainKey":{"counter":2,"key":"dkKKj27PJCrfIS1Nsn6IXxhxoPP1VWhw1b2AKkDc62g="},"chainType":1,"messageKeys":{}}},"pendingPreKey":{"signedKeyId":1,"baseKey":"BZ/Ej3lDHZ9dMBReb6YUvHqPpNJXEMRLy5bwj01WTp96"}}},"version":"v1"}