{"_sessions":{"BWR/vqPobR9PcR9QffBzC56fRytBNWeKukembHb/J+IL":{"registrationId":134,"currentRatchet":{"ephemeralKeyPair":{"pubKey":"BdkBGczSvgkXKvFIUnJ1EfR3wdZtgyHYF2gWXbVzqYZT","privKey":"wOmnaqlyKmJRl+oVNXArqDEPFk/mqKphTANYh9RHs2k="},"lastRemoteEphemeralKey":"BQ0DhPn+U6hiMwWQ9Wtk4g02/jTiTXlmvxf7sqpcqpQm","previousCounter":0,"rootKey":"tD3GT/msgQ0KMv/IH2pzflgI+0flrkH0+vG/FMegDlo="},"indexInfo":{"baseKey":"BWR/vqPobR9PcR9QffBzC56fRytBNWeKukembHb/J+IL","baseKeyType":1,"closed":-1,"used":1735219041105,"created":1735219041105,"remoteIdentityKey":"BRVu1JMeo7DjrD4xApv0WupfgUO6S0GwFB5Lmn4mrPh7"},"_chains":{"BdkBGczSvgkXKvFIUnJ1EfR3wdZtgyHYF2gWXbVzqYZT":{"chainKey":{"counter":0,"key":"5wVr6PhBMjDLPLJdPaUaLfbg72nduD+tO6B1D1D7UR4="},"chainType":1,"messageKeys":{}}},"pendingPreKey":{"signedKeyId":1,"baseKey":"BWR/vqPobR9PcR9QffBzC56fRytBNWeKukembHb/J+IL","preKeyId":282}}},"version":"v1"}