{"_sessions":{"BfgESy2zaVIFPsbtlEZCFRMqbvxqewylJiols+/rAScL":{"registrationId":808713504,"currentRatchet":{"ephemeralKeyPair":{"pubKey":"BfgUkMoW0bEGZ7D8RF1h7pD4VJXTvbYpZTOWHy8UnoQt","privKey":"aD5jt3K7cUpq6nOHSVpOrNWvGPlTXsZOw6JDM7mkeGQ="},"lastRemoteEphemeralKey":"Bdfz7JYyfPj2nfOUPLd2Qp4RpKcKk+ZrV96ZatA1GSJs","previousCounter":0,"rootKey":"egWQCxS3e0OJ4bKvKlWXZa6JwJfjlJNVWF6HyJZ02H4="},"indexInfo":{"baseKey":"BfgESy2zaVIFPsbtlEZCFRMqbvxqewylJiols+/rAScL","baseKeyType":1,"closed":-1,"used":1735192841949,"created":1735192841949,"remoteIdentityKey":"BaHEYl6YcLA15jTwkbHfUSnFQirVrXXUqofXGxh+Hc5n"},"_chains":{"BfgUkMoW0bEGZ7D8RF1h7pD4VJXTvbYpZTOWHy8UnoQt":{"chainKey":{"counter":0,"key":"WPamtDwNdHkaty7d1xG8w12B6rdjI6iW2+5T1nZ9i5k="},"chainType":1,"messageKeys":{}}},"pendingPreKey":{"signedKeyId":15120467,"baseKey":"BfgESy2zaVIFPsbtlEZCFRMqbvxqewylJiols+/rAScL","preKeyId":688}}},"version":"v1"}