{"_sessions":{"BU5HQpw5jGmxVnhdPo7OwHlX/sCmoCu8+2/4h/T8qWNi":{"registrationId":955978763,"currentRatchet":{"ephemeralKeyPair":{"pubKey":"BU/wDSLJO6uLPwicT6MwV22MuKEzrkNkP75nGcsZlow7","privKey":"MH9fOm7R6apiIFYcbB5oxceY/JDdhdclFFyHkD5iuUQ="},"lastRemoteEphemeralKey":"BWOnFESDagJBH5AXS06ARllJDGDAyj9D4hcDbiBnRXMN","previousCounter":0,"rootKey":"pBguECzKX3Qej/TfaDt/4w6oIU6cK2CN/AK19aQKets="},"indexInfo":{"baseKey":"BU5HQpw5jGmxVnhdPo7OwHlX/sCmoCu8+2/4h/T8qWNi","baseKeyType":1,"closed":-1,"used":1735219053884,"created":1735219053884,"remoteIdentityKey":"BWEKc2/331ZzzC9Pc8sYNsNeOkKlobnHbZQ7bdoRih0R"},"_chains":{"BU/wDSLJO6uLPwicT6MwV22MuKEzrkNkP75nGcsZlow7":{"chainKey":{"counter":0,"key":"5fSsy6gWLj8G92KvGSMUv3V4VcujjpSLnc8A9asLTP0="},"chainType":1,"messageKeys":{}}},"pendingPreKey":{"signedKeyId":23,"baseKey":"BU5HQpw5jGmxVnhdPo7OwHlX/sCmoCu8+2/4h/T8qWNi","preKeyId":13858546}}},"version":"v1"}