{"_sessions":{"BeAv2YpJ0KmHld6lqns3pU3zbqBIic1HU93Lo0pQ7gtW":{"registrationId":12944,"currentRatchet":{"ephemeralKeyPair":{"pubKey":"BR8URSAtgt4s5E3FyYn9kS7RD1WFR7FonvC4GmHg1sU1","privKey":"AClBgtIM7+vOzLi36YUjWwPJbQGpXtKmK6gMMOp4e1Y="},"lastRemoteEphemeralKey":"Be/m9l+dZu+2NrEBBY69+FtSNQo8yQkf+g5y1+mCRXVD","previousCounter":0,"rootKey":"5Acc0ohPSgvQu0eHogI1dHqJ9JXFQW5CoGCJ67ZBGxU="},"indexInfo":{"baseKey":"BeAv2YpJ0KmHld6lqns3pU3zbqBIic1HU93Lo0pQ7gtW","baseKeyType":1,"closed":-1,"used":1735121448342,"created":1735121448342,"remoteIdentityKey":"BRpQ8ZY7yl87wUlhQpf3HrGz3M0r02nxFmooEYgrr1Aj"},"_chains":{"BR8URSAtgt4s5E3FyYn9kS7RD1WFR7FonvC4GmHg1sU1":{"chainKey":{"counter":34,"key":"bLpBWhvlJvCkEqRZ3c+MR9OYpJhc8ZoYYhzBacAGvr4="},"chainType":1,"messageKeys":{}}},"pendingPreKey":{"signedKeyId":1,"baseKey":"BeAv2YpJ0KmHld6lqns3pU3zbqBIic1HU93Lo0pQ7gtW"}}},"version":"v1"}