{"_sessions":{"BS+RTCDPBnihGOWy5fdEtkh4hV6t2Xg57qE1ZTgub/Q7":{"registrationId":225633636,"currentRatchet":{"ephemeralKeyPair":{"pubKey":"BV6r14i5zDNqRNDaOnqBtDkujKmr3tmJjXRmCHB7MLoG","privKey":"4IOEQtbG2whmbS7VsqT8E6huJ6b29hrnFwXrR01uVk8="},"lastRemoteEphemeralKey":"BcknzunJDPjcVuaVrr18gnGPY4wUv3KuJY4AiCEbCEJq","previousCounter":0,"rootKey":"B7Iprn/jOHvs38uXvZcB1FbKUzxZWUSqujKlHsX7uEw="},"indexInfo":{"baseKey":"BS+RTCDPBnihGOWy5fdEtkh4hV6t2Xg57qE1ZTgub/Q7","baseKeyType":1,"closed":-1,"used":1735190242707,"created":1735190242707,"remoteIdentityKey":"BSkalnwlz4jkZJ52X5dFroIP/04DPjzDLAmbXg9Tw/dn"},"_chains":{"BV6r14i5zDNqRNDaOnqBtDkujKmr3tmJjXRmCHB7MLoG":{"chainKey":{"counter":3,"key":"RmcfiNfYQULVcq9Lx7rqm6GBipKVRnC/4kTDlpUhfyw="},"chainType":1,"messageKeys":{}}},"pendingPreKey":{"signedKeyId":2,"baseKey":"BS+RTCDPBnihGOWy5fdEtkh4hV6t2Xg57qE1ZTgub/Q7","preKeyId":8081197}}},"version":"v1"}