{"_sessions":{"Bap6gCOp5P55lfKrG3cX7traERyIskPcWVhMQb1u4/8u":{"registrationId":27,"currentRatchet":{"ephemeralKeyPair":{"pubKey":"BctkcTqQc3rFR4YL5iQcgEnwIMfDXXFPq0ME5n7iHKkG","privKey":"2BrCekquvOjLhC3d+QyZS3fc1z6mUuic2W1RV5OQzms="},"lastRemoteEphemeralKey":"BREB9DBFVwzCvBLV3K+xKZ1VhD9zFuqnNk3LcKCo1hBN","previousCounter":0,"rootKey":"XxfxRrVNfvLvWbJG71ELnx6rEujHhMLVNUEB2EcHNtU="},"indexInfo":{"baseKey":"Bap6gCOp5P55lfKrG3cX7traERyIskPcWVhMQb1u4/8u","baseKeyType":1,"closed":-1,"used":1735190117987,"created":1735190117987,"remoteIdentityKey":"BcZViisChivJJ2VSIDiFPMUqNv5P7fBT1FY5LYGhn056"},"_chains":{"BctkcTqQc3rFR4YL5iQcgEnwIMfDXXFPq0ME5n7iHKkG":{"chainKey":{"counter":1,"key":"u7YRZMe+ejZisXLP7TaTldafSH8HlkWShoW1ysxbVnY="},"chainType":1,"messageKeys":{}}},"pendingPreKey":{"signedKeyId":1,"baseKey":"Bap6gCOp5P55lfKrG3cX7traERyIskPcWVhMQb1u4/8u"}}},"version":"v1"}