{"_sessions":{"BSktzSaiG8oMCBk+xu+Dm8VJjDq/vhmuKTBdgwNkjKsK":{"registrationId":1093681520,"currentRatchet":{"ephemeralKeyPair":{"pubKey":"BbBvOLTLyPr/x7IzAkPp6yQl093qIPe9frieXIXjwaFh","privKey":"SF4xqKYNKPeGtS0UjksF43dhxZ4lYspajmzOIrFuynM="},"lastRemoteEphemeralKey":"BdxE57dkDKZ3a1iu+oUoAHuQ+HLRUyDT1nbEJZHLtoEK","previousCounter":0,"rootKey":"bw22SRHQGbNLEzJ8Hvsxv2zPx+pr5zbi6ChtX+PeFqU="},"indexInfo":{"baseKey":"BSktzSaiG8oMCBk+xu+Dm8VJjDq/vhmuKTBdgwNkjKsK","baseKeyType":1,"closed":-1,"used":1735192831508,"created":1735192831508,"remoteIdentityKey":"BV4vxCh641eBqK7r0GdL4oBXWhq7VxMhsmDRQcyzxEol"},"_chains":{"BbBvOLTLyPr/x7IzAkPp6yQl093qIPe9frieXIXjwaFh":{"chainKey":{"counter":0,"key":"8V0QeldS4mTkx+dDv/1YXzi5fZhY+HSNEWdgulDxlko="},"chainType":1,"messageKeys":{}}},"pendingPreKey":{"signedKeyId":5,"baseKey":"BSktzSaiG8oMCBk+xu+Dm8VJjDq/vhmuKTBdgwNkjKsK","preKeyId":6274469}}},"version":"v1"}