{"_sessions":{"BXFF4DlxGKt/f75OMSNI+QzxAtI0E21sLR1cWcoxaAw9":{"registrationId":1384753142,"currentRatchet":{"ephemeralKeyPair":{"pubKey":"BXK4bLMhQQRm74bX1VFsGwmFE9eAaFEp62p/y8YiQ+pf","privKey":"sMJmlsAYwkQCLMR5dFUF7ivRLNzS2tQ9Gdkt2vZ/4kU="},"lastRemoteEphemeralKey":"BYnXOZ3zwIJ8kTq5nbY14Pt4FP2q3vv9x9njeIiht69G","previousCounter":0,"rootKey":"qbgvyyLehvSCuC920E9WPDA8qnzRH+zXoA9mS37cXZU="},"indexInfo":{"baseKey":"BXFF4DlxGKt/f75OMSNI+QzxAtI0E21sLR1cWcoxaAw9","baseKeyType":1,"closed":-1,"used":1735190246703,"created":1735190246703,"remoteIdentityKey":"BdDJiq/JHUw+vwvLWYyZlSNdyn9gaPTjyFfQURfPVS0R"},"_chains":{"BXK4bLMhQQRm74bX1VFsGwmFE9eAaFEp62p/y8YiQ+pf":{"chainKey":{"counter":1,"key":"PVwjENoo9u23BKa+7cco/l/Br9RUe/tW4804CObJCvQ="},"chainType":1,"messageKeys":{}}},"pendingPreKey":{"signedKeyId":0,"baseKey":"BXFF4DlxGKt/f75OMSNI+QzxAtI0E21sLR1cWcoxaAw9"}}},"version":"v1"}