{"_sessions":{"BSFxEwQ5in9E4YbuOOee6LtlMXqJQeBECT4di4SPPD1z":{"registrationId":1767905700,"currentRatchet":{"ephemeralKeyPair":{"pubKey":"BbcovBYS2Nt0vzPOk2di77bM/UsSFmJa472Ff92p9ygL","privKey":"aJX9GCx5RlGLrtK351sXQ6UHaMLI+G2tiPBRsXGRVVE="},"lastRemoteEphemeralKey":"Bd2dgB/x/97CpxusByE82aJ03O9kRTWEoS2Q5PwWt81I","previousCounter":0,"rootKey":"JuImUpg3FNcw7WrUqxV9sYdaZjSHabiu7MF7z99YLzs="},"indexInfo":{"baseKey":"BSFxEwQ5in9E4YbuOOee6LtlMXqJQeBECT4di4SPPD1z","baseKeyType":1,"closed":-1,"used":1735192811809,"created":1735192811809,"remoteIdentityKey":"BSJQEcwr3diKgIsVSv6pCyB9QQFNJqIyBDSyzi+pf5sY"},"_chains":{"BbcovBYS2Nt0vzPOk2di77bM/UsSFmJa472Ff92p9ygL":{"chainKey":{"counter":0,"key":"y9/AxWkmyELaW364WHHSgeir1uuLEB272uwv9AN3fik="},"chainType":1,"messageKeys":{}}},"pendingPreKey":{"signedKeyId":1,"baseKey":"BSFxEwQ5in9E4YbuOOee6LtlMXqJQeBECT4di4SPPD1z","preKeyId":10437487}}},"version":"v1"}