{"_sessions":{"BWdUujbDw/pQBkOoasmSWwyHSySWrImRxppDVkSLZnAo":{"registrationId":166,"currentRatchet":{"ephemeralKeyPair":{"pubKey":"Bab1t87DfEmYKMaNakScyc5IbPyKHr4e0uGOmpMTh3Z9","privKey":"MHtr0lMDibCxVSv/gjnAKzM+cTvwV51EArj5fkD4LFc="},"lastRemoteEphemeralKey":"BceGqZjf0RsFNnBH6KoEXKLuq0/E1vKnntQCjH9wPpZU","previousCounter":0,"rootKey":"zrugp6ShGEhD5r7MwTSSYtWKx1h06i/W7bt3mO9Tlw8="},"indexInfo":{"baseKey":"BWdUujbDw/pQBkOoasmSWwyHSySWrImRxppDVkSLZnAo","baseKeyType":1,"closed":-1,"used":1735190153178,"created":1735190153178,"remoteIdentityKey":"BWzKmV2tmZMg/cHzn2Vj/7UmbNkvSRSrmr8I5EzvealQ"},"_chains":{"Bab1t87DfEmYKMaNakScyc5IbPyKHr4e0uGOmpMTh3Z9":{"chainKey":{"counter":1,"key":"K//MhAiqLHEScZyu9M4sV4xLuy5iNTLv2i/+LWNdf6g="},"chainType":1,"messageKeys":{}}},"pendingPreKey":{"signedKeyId":1,"baseKey":"BWdUujbDw/pQBkOoasmSWwyHSySWrImRxppDVkSLZnAo"}}},"version":"v1"}