{"_sessions":{"BTy/tI3ch929Sa4H8YQVVJFXQ5jxdd5RlFhKt0yBPKdh":{"registrationId":1027423391,"currentRatchet":{"ephemeralKeyPair":{"pubKey":"BdfAXjGq4XRqk9pcNhdEUZce3sGEq2N7RxAW1WKXuUAo","privKey":"WOGhW5StwtW97z0iFobRf+sIm+0yBO93fFi3/2a/s1g="},"lastRemoteEphemeralKey":"BYPBzHkAmSNtiXNx10zYh+HdtMk16IsRVpS4uluc4Ahc","previousCounter":0,"rootKey":"kFpNKAdRRgEVlJXOCZxe1dd9iDgGLpB1z6rI9R0w9+g="},"indexInfo":{"baseKey":"BTy/tI3ch929Sa4H8YQVVJFXQ5jxdd5RlFhKt0yBPKdh","baseKeyType":1,"closed":-1,"used":1735192826381,"created":1735192826381,"remoteIdentityKey":"BZuu3+/lnPtaN+U/9tGPi7H+41HK6XVLUmrG5mgjWhEe"},"_chains":{"BdfAXjGq4XRqk9pcNhdEUZce3sGEq2N7RxAW1WKXuUAo":{"chainKey":{"counter":0,"key":"rS5cYwlx8JTNBQVnDNgCV0x9/hgkJGwwWb05A2l+y9s="},"chainType":1,"messageKeys":{}}},"pendingPreKey":{"signedKeyId":8,"baseKey":"BTy/tI3ch929Sa4H8YQVVJFXQ5jxdd5RlFhKt0yBPKdh","preKeyId":776168}}},"version":"v1"}