{"_sessions":{"BYl7XQVfylMw3PxaSYPrGizn6ScNWckMtymY1KGHGOEU":{"registrationId":242,"currentRatchet":{"ephemeralKeyPair":{"pubKey":"BfhVd+jw4BIg3XnKteilcrCufMKvBZH2wgtHt24wBv91","privKey":"2GWcoZ8/p/hFZj4BvJdA0nrugrULFIuaVt2kLcBR838="},"lastRemoteEphemeralKey":"BRhJt1IdJm4/7Eo1U1pSb4orULmGGA+L9ouZathJdSl7","previousCounter":0,"rootKey":"AWIyNJh0BdN2BE7WLijJLCsaanR77fY1I1PZsuRGpT8="},"indexInfo":{"baseKey":"BYl7XQVfylMw3PxaSYPrGizn6ScNWckMtymY1KGHGOEU","baseKeyType":1,"closed":1735216718584,"used":1735216657375,"created":1735216657375,"remoteIdentityKey":"BXp1xh0S60qebG1/C9ZKAS0YBsWEAcQQ4kzfdESY5SVb"},"_chains":{"BfhVd+jw4BIg3XnKteilcrCufMKvBZH2wgtHt24wBv91":{"chainKey":{"counter":0,"key":"MJcelvtzsZ2MuQDck4sUV1zyvICFfwDrgI7yoxjhBfk="},"chainType":1,"messageKeys":{}}},"pendingPreKey":{"signedKeyId":1,"baseKey":"BYl7XQVfylMw3PxaSYPrGizn6ScNWckMtymY1KGHGOEU"}},"BTUk6z9D8G9UaFZWM+kMA0leZj5a3Io7EAnoWtm+d9MY":{"registrationId":242,"currentRatchet":{"ephemeralKeyPair":{"pubKey":"Be0D0O/lqSoBiSQrqxBWYVqJY28WOMzowBMqPQ9bI4sh","privKey":"iOl6WsrDUIqP/uSkN5C/Y/jYBobnO3AIcBJGN/EH7kg="},"lastRemoteEphemeralKey":"BYkNg/t0GLuayQKaVenWRdiVX1XEXnW/fNSB0pMfPJc5","previousCounter":0,"rootKey":"Q6E0GYUadtFn25EBqVSlsDB/EbX/RuVI3RGxa/6Kdew="},"indexInfo":{"baseKey":"BTUk6z9D8G9UaFZWM+kMA0leZj5a3Io7EAnoWtm+d9MY","baseKeyType":2,"closed":-1,"used":1735216718593,"created":1735216718593,"remoteIdentityKey":"BXp1xh0S60qebG1/C9ZKAS0YBsWEAcQQ4kzfdESY5SVb"},"_chains":{"BYkNg/t0GLuayQKaVenWRdiVX1XEXnW/fNSB0pMfPJc5":{"chainKey":{"counter":0,"key":"QOsC60U5od/Yu2sjVkKcdh76jTZqEBb9cSXex1cT2Qg="},"chainType":2,"messageKeys":{}},"Be0D0O/lqSoBiSQrqxBWYVqJY28WOMzowBMqPQ9bI4sh":{"chainKey":{"counter":-1,"key":"b2jrkzJy0OrJKqMsqHg+0wBHIsbNgVq8cCS1FmgYftk="},"chainType":1,"messageKeys":{}}}}},"version":"v1"}