{"_sessions":{"BdHPaUpLkdbGbLuxd86N+mf3bHUWXNJ6PC+4Vhd3QYgW":{"registrationId":14246,"currentRatchet":{"ephemeralKeyPair":{"pubKey":"BW4wW8yFD3tzjUPsZgW2SeKrYyLfTKfItZ6723nqqW1r","privKey":"ECb5KgiOosMfgpEXYBDHVREyCtFE6FT/jzOPaBz4G3Q="},"lastRemoteEphemeralKey":"BVZpWNQWYsemQYCmay/VaQIYCfbvBtCrZ8z4FRjavOsH","previousCounter":0,"rootKey":"CHYe8M93my5uiwnjKd2q+tWQsDCIcWHXS7358t++sUI="},"indexInfo":{"baseKey":"BdHPaUpLkdbGbLuxd86N+mf3bHUWXNJ6PC+4Vhd3QYgW","baseKeyType":1,"closed":-1,"used":1735190122491,"created":1735190122491,"remoteIdentityKey":"BWy8zOgP2cb7TdDKdoZtceOqhC7dpv4QFHyA6tXjsGcm"},"_chains":{"BW4wW8yFD3tzjUPsZgW2SeKrYyLfTKfItZ6723nqqW1r":{"chainKey":{"counter":1,"key":"rNl+xYeNQdl9H09x9CnRm8QIooOnYPX6gCRMBW1Nu/s="},"chainType":1,"messageKeys":{}}},"pendingPreKey":{"signedKeyId":1,"baseKey":"BdHPaUpLkdbGbLuxd86N+mf3bHUWXNJ6PC+4Vhd3QYgW"}}},"version":"v1"}