{"_sessions":{"BRAiuPOGPOAJcwNAqr0hZ7xr7f7M83jzYos5vdhrrKUv":{"registrationId":227,"currentRatchet":{"ephemeralKeyPair":{"pubKey":"BYlPKh2805+QRFkmsipHfrtOxNAwxxv9aPHLp2kYfdke","privKey":"IBIW0qCffjm15zkxNDTWO6Q/zB2kDuPiqFxQV1jNyVE="},"lastRemoteEphemeralKey":"BYX7VXR8A1mDZZO1+c7/2lVPKxdTbjIFw/pDb074k/ca","previousCounter":0,"rootKey":"28AuyC1zwGC+azo3Rtel3Z6PN2U67+lr1oguYuBH4AE="},"indexInfo":{"baseKey":"BRAiuPOGPOAJcwNAqr0hZ7xr7f7M83jzYos5vdhrrKUv","baseKeyType":1,"closed":-1,"used":1735216657459,"created":1735216657459,"remoteIdentityKey":"Bd7AnJSkgVgLQlneSBKwXtj6K8zJmLXIvO6ze08t3tkk"},"_chains":{"BYlPKh2805+QRFkmsipHfrtOxNAwxxv9aPHLp2kYfdke":{"chainKey":{"counter":0,"key":"9jox1RTmP8c6KiUa5D537OIKoBZPMfslJV1aFHkdZK0="},"chainType":1,"messageKeys":{}}},"pendingPreKey":{"signedKeyId":1,"baseKey":"BRAiuPOGPOAJcwNAqr0hZ7xr7f7M83jzYos5vdhrrKUv"}}},"version":"v1"}