{"_sessions":{"BfyXWJketePcvZZXGoTkYy/JQSw1Ja1ZeoGzxdo+IFc4":{"registrationId":255594491,"currentRatchet":{"ephemeralKeyPair":{"pubKey":"BWyRWRS5iXr8FYu/IOth0mw2EU2YBTRYNkBsgqSZ+UFr","privKey":"SKJFBBPzvbHVOkQsyktAzPpQcu5b2gzr99u7frhKzWs="},"lastRemoteEphemeralKey":"BZJYzr3TclXUKuMvDvo893GJJcJX2BNOet7XpCblyFMC","previousCounter":0,"rootKey":"3yqnlh0xwo+74HMINZ4TKy3wW1577p3cIsLqc9t37jQ="},"indexInfo":{"baseKey":"BfyXWJketePcvZZXGoTkYy/JQSw1Ja1ZeoGzxdo+IFc4","baseKeyType":1,"closed":-1,"used":1735190224916,"created":1735190224916,"remoteIdentityKey":"BQN+6q1Jo33ngS4fEpaxXdybHS0vGXPFRl7g4udPFPIc"},"_chains":{"BWyRWRS5iXr8FYu/IOth0mw2EU2YBTRYNkBsgqSZ+UFr":{"chainKey":{"counter":1,"key":"Zd3aaMBFIQ1XRD+iFNdF/OV3ORZvPeFZN+izEWtIgsw="},"chainType":1,"messageKeys":{}}},"pendingPreKey":{"signedKeyId":6,"baseKey":"BfyXWJketePcvZZXGoTkYy/JQSw1Ja1ZeoGzxdo+IFc4","preKeyId":13055308}}},"version":"v1"}