{"_sessions":{"BbPWm87fhC4P8UqapzwKTgBlZ83IuEJlQ1bYI+RmSqM8":{"registrationId":1134370919,"currentRatchet":{"ephemeralKeyPair":{"pubKey":"Bacx+uT2caKH+EGjMTjN0EnKgxB1HQHc3a07Vv9K/7cj","privKey":"uOOWlEGK/uLtCXERkIc0AOqxXXF+b98uOw/ygNTFqEs="},"lastRemoteEphemeralKey":"BZpel8qtaxbEMgDAi8xDM/4VPnXB8otnnqyqUUpsiKoY","previousCounter":0,"rootKey":"b4BOJj85407dAHBmLW7dCsPHVqsRFaJDRoA8Zu+cNFo="},"indexInfo":{"baseKey":"BbPWm87fhC4P8UqapzwKTgBlZ83IuEJlQ1bYI+RmSqM8","baseKeyType":1,"closed":-1,"used":1735190242643,"created":1735190242643,"remoteIdentityKey":"BT8qSKwE9aLz3oahK9H/nL7qJ/h8GQPyLHnGpMY/udx2"},"_chains":{"Bacx+uT2caKH+EGjMTjN0EnKgxB1HQHc3a07Vv9K/7cj":{"chainKey":{"counter":1,"key":"+nfho2FePAEdV/RgeCPfHbE2AY44K1Pit88Q+hz6PTA="},"chainType":1,"messageKeys":{}}},"pendingPreKey":{"signedKeyId":3,"baseKey":"BbPWm87fhC4P8UqapzwKTgBlZ83IuEJlQ1bYI+RmSqM8","preKeyId":1345091}}},"version":"v1"}