{"_sessions":{"BdIYG8KghYTThhidt+zSwy3PzIvYtHMihShjAsN50eNB":{"registrationId":887000281,"currentRatchet":{"ephemeralKeyPair":{"pubKey":"Bc19VNRI/kOGvWiN8dHRyRin0FrDZkBMye4U6ML46zxn","privKey":"8EM1t7ux4JmCfi5wp2X/2D5A6LnTjqw4Hmi1Vievf1E="},"lastRemoteEphemeralKey":"BUWATDC1W9eNqLTmFth+NVDiYVQZFovO1yGgQYAQBNZA","previousCounter":0,"rootKey":"nALNwmdtiyzUksOTWfFAUqd1VAzAH07SGCuRWiNPxYI="},"indexInfo":{"baseKey":"BdIYG8KghYTThhidt+zSwy3PzIvYtHMihShjAsN50eNB","baseKeyType":1,"closed":-1,"used":1735192816739,"created":1735192816739,"remoteIdentityKey":"BU+/kXaU8FO4w87axS6TGP9+dROEdxxy/qxzZ1gzbHJe"},"_chains":{"Bc19VNRI/kOGvWiN8dHRyRin0FrDZkBMye4U6ML46zxn":{"chainKey":{"counter":0,"key":"6bnOVOOCiwaO/wXugz58ZOgbv64OmlLDj7mLvwORfKI="},"chainType":1,"messageKeys":{}}},"pendingPreKey":{"signedKeyId":2,"baseKey":"BdIYG8KghYTThhidt+zSwy3PzIvYtHMihShjAsN50eNB","preKeyId":14343059}}},"version":"v1"}