{"_sessions":{"BUf6MvJQSf5+4gqsa3YyUik/NlZflH5EuPYLTpRWCapO":{"registrationId":1318899710,"currentRatchet":{"ephemeralKeyPair":{"pubKey":"BWZ3erWxwCRIbOsNZK5bqV3hLCLiYV+lMW3o+HQHZqhs","privKey":"MLYnTB4PYEFaI9904LOUImtYoh+kg+R4QZ4r6Lo5ZEc="},"lastRemoteEphemeralKey":"BbE5FB5CqPS8iUlv5JhDObXEKPhqmYeu11i8sxw/dZJP","previousCounter":0,"rootKey":"W9GuWmaQY0RkMHZy4zhirpr6DeafAI3pfOx66v/49N4="},"indexInfo":{"baseKey":"BUf6MvJQSf5+4gqsa3YyUik/NlZflH5EuPYLTpRWCapO","baseKeyType":1,"closed":-1,"used":1735219045521,"created":1735219045521,"remoteIdentityKey":"BSqk2V9hr/V1pmMMKauUNfqvZW7RBQwCZn7dKWxlHiZ+"},"_chains":{"BWZ3erWxwCRIbOsNZK5bqV3hLCLiYV+lMW3o+HQHZqhs":{"chainKey":{"counter":0,"key":"tcIQ/oUYgIgaWn8KPBWlDGOWidYg2YorzJSb1f6KByo="},"chainType":1,"messageKeys":{}}},"pendingPreKey":{"signedKeyId":21,"baseKey":"BUf6MvJQSf5+4gqsa3YyUik/NlZflH5EuPYLTpRWCapO","preKeyId":3094219}}},"version":"v1"}