{"_sessions":{"BeFSq5Y8Uiu5W7Cm35d2rwwX3mVR5yCvItvRPm4qTali":{"registrationId":652496717,"currentRatchet":{"ephemeralKeyPair":{"pubKey":"BZMcCGB8JYI6l90qkvfhj1jagfGUBDlNk4MIfDJXnDVe","privKey":"qD/X8740hj0g+HIctl1YrKhppNKYDjG47yn34d5PCkM="},"lastRemoteEphemeralKey":"BRTcxm41m6tA8pj5rtPiGSw+Ovuz7F3XSSD5BsKqGqh6","previousCounter":0,"rootKey":"mZBnn3YnOIfUF/Aa4UE4QQVRBxRQgf3OWmLYA39GMAE="},"indexInfo":{"baseKey":"BeFSq5Y8Uiu5W7Cm35d2rwwX3mVR5yCvItvRPm4qTali","baseKeyType":1,"closed":-1,"used":1735190096160,"created":1735190096160,"remoteIdentityKey":"Bd3qNsiH3MzSHuGIZXKO1qMYUuoPeDeL+RVVrYo9DtwW"},"_chains":{"BZMcCGB8JYI6l90qkvfhj1jagfGUBDlNk4MIfDJXnDVe":{"chainKey":{"counter":0,"key":"MeZDheP32ktOizjYKkqdZkwFKZ6uQCkKVyIurhc9zAU="},"chainType":1,"messageKeys":{}}},"pendingPreKey":{"signedKeyId":5,"baseKey":"BeFSq5Y8Uiu5W7Cm35d2rwwX3mVR5yCvItvRPm4qTali","preKeyId":6025174}}},"version":"v1"}