{"_sessions":{"BdKrW5FR4Ak3UkIDp5pl7D5N4SBT1OVtq6K62oyGz95X":{"registrationId":14,"currentRatchet":{"ephemeralKeyPair":{"pubKey":"BRbk4fnLISIA5N56XBZCzFO32iMVlDyk6SEXQzQmDgQ4","privKey":"eKCixyjZenCPS/n0JkVALX5MSLAWAT1wfwc/c+q3Ml0="},"lastRemoteEphemeralKey":"BX9R1WNFM21fXeTI8s0d0EFmCpdAcd69X0Vu+H0IZ5wS","previousCounter":0,"rootKey":"otChaV+9lbGRM07X5SGbvXhmQtl+r4ZJjRdW4NS9u14="},"indexInfo":{"baseKey":"BdKrW5FR4Ak3UkIDp5pl7D5N4SBT1OVtq6K62oyGz95X","baseKeyType":1,"closed":-1,"used":1735190194558,"created":1735190194558,"remoteIdentityKey":"Bfwq75ziZnkHtHEvmk1Pxmes1BTUOywy92XXUNvEUNIs"},"_chains":{"BRbk4fnLISIA5N56XBZCzFO32iMVlDyk6SEXQzQmDgQ4":{"chainKey":{"counter":3,"key":"lGrXAI2sZ4Is8IfGSr59n+t02DTWc5FAC18MoFI1bg0="},"chainType":1,"messageKeys":{}}},"pendingPreKey":{"signedKeyId":1,"baseKey":"BdKrW5FR4Ak3UkIDp5pl7D5N4SBT1OVtq6K62oyGz95X"}}},"version":"v1"}