{"_sessions":{"BbLVZmIhX1A+AAJv3dADmSrwycy2w0Jnx6rhDwoiqRs8":{"registrationId":143,"currentRatchet":{"ephemeralKeyPair":{"pubKey":"BTv2onNdjOcc8EFW8oJIqVRx80xY+WvHKJI+NQvrLhoo","privKey":"yDFwPGo0keedtie0AnqvF3X1pe1ckLDT24XyGpbMInY="},"lastRemoteEphemeralKey":"BVqJpTryMjMnOR6xnFsenKFIq7+EvVxzVDwfTyrc+5EW","previousCounter":0,"rootKey":"Ya01arYPPTCGdaJ3fAgiG0LDOstLASRmgHBIFTovifw="},"indexInfo":{"baseKey":"BbLVZmIhX1A+AAJv3dADmSrwycy2w0Jnx6rhDwoiqRs8","baseKeyType":1,"closed":1735194727691,"used":1735190105431,"created":1735190105431,"remoteIdentityKey":"Bf/MyC3wi/IPiuefmhRibZPsXAavn22L5GMOkpydGxJC"},"_chains":{"BTv2onNdjOcc8EFW8oJIqVRx80xY+WvHKJI+NQvrLhoo":{"chainKey":{"counter":2,"key":"RKIrn9NPKAv8fbkDJd69HiH4ZYqTIDSmHKyj4JKCNFQ="},"chainType":1,"messageKeys":{}}},"pendingPreKey":{"signedKeyId":1,"baseKey":"BbLVZmIhX1A+AAJv3dADmSrwycy2w0Jnx6rhDwoiqRs8"}},"Bb1cOqC5dZ8HHxl7alh4oiVVz7OMbBvxsLS8ZpW8JCVt":{"registrationId":143,"currentRatchet":{"ephemeralKeyPair":{"pubKey":"BWS65Okqvoscpcj6oNs/2AZC5p8Nt+u6yuxBmG26BJN0","privKey":"iFwlhFNQgqKmWTxp3Gg3XXv913CWqtJXVvZ1HRTx8HE="},"lastRemoteEphemeralKey":"BS++MGRVzpnsk1aRfsdLjZK9wl1eLRsnGnTmMpqxXhY/","previousCounter":0,"rootKey":"HGY8ngDJJZi1FrDagpy7FaP3sCO3fvUqJOj37tbWC4Y="},"indexInfo":{"baseKey":"Bb1cOqC5dZ8HHxl7alh4oiVVz7OMbBvxsLS8ZpW8JCVt","baseKeyType":2,"closed":-1,"used":1735194727700,"created":1735194727700,"remoteIdentityKey":"Bf/MyC3wi/IPiuefmhRibZPsXAavn22L5GMOkpydGxJC"},"_chains":{"BS++MGRVzpnsk1aRfsdLjZK9wl1eLRsnGnTmMpqxXhY/":{"chainKey":{"counter":1,"key":"DkKNAQ2vIZDwNCWqbbKJyDvW2VwDJE1gL/hQYdJh5/c="},"chainType":2,"messageKeys":{"0":"YFYJ5p8D+sJcyAS3h7ClP7BMDs2N81qgvKTF78JuBKo="}},"BWS65Okqvoscpcj6oNs/2AZC5p8Nt+u6yuxBmG26BJN0":{"chainKey":{"counter":-1,"key":"JPdQZI6WM96d83KznZz0/9vIXaaAPS2IpIL4hWN+Vvo="},"chainType":1,"messageKeys":{}}}}},"version":"v1"}