{"_sessions":{"BdSx72PW+WBwlGeqkbPgm+UDJjdSDXJcI2bTqgUBcYwh":{"registrationId":26,"currentRatchet":{"ephemeralKeyPair":{"pubKey":"BRETikdNP1HcRllbhiBoYtNsoYK8UdbgV3EIG1nSFopS","privKey":"wHQpqBeJrbaqcXfJVOSVZfqUQf9QWGuGmCVkBbIuYFs="},"lastRemoteEphemeralKey":"BTRHDm2++dQ2oC6xLV8UsuwUGBmJkHMfW/W/cl/FTpEJ","previousCounter":0,"rootKey":"Y67sNa5YXaKwBJ1HXyPuu26s8POGSZBKe+HHpHZW3ak="},"indexInfo":{"baseKey":"BdSx72PW+WBwlGeqkbPgm+UDJjdSDXJcI2bTqgUBcYwh","baseKeyType":1,"closed":-1,"used":1735190211714,"created":1735190211714,"remoteIdentityKey":"BRH84t1XP9lrEUkg+ZLOTjUE5ShMg8bA6ARJLK5nvwE0"},"_chains":{"BRETikdNP1HcRllbhiBoYtNsoYK8UdbgV3EIG1nSFopS":{"chainKey":{"counter":0,"key":"BLgcOApjZqJacOeVofDpa2f7GTBtoUwFtO/BfxslJik="},"chainType":1,"messageKeys":{}}},"pendingPreKey":{"signedKeyId":1,"baseKey":"BdSx72PW+WBwlGeqkbPgm+UDJjdSDXJcI2bTqgUBcYwh"}}},"version":"v1"}