{"_sessions":{"BSejGNclW/CI8d3TlwfrIzqeqK00kJIJ+lpfVcE8LCgt":{"registrationId":117,"currentRatchet":{"ephemeralKeyPair":{"pubKey":"BeJZ6xD7tzh1F73cgg3gxEz+bjj4eFDbKzXMVL526sNZ","privKey":"iLGBMtsi8JIXpImHSZxfvMHdm5AhWcZrc8bI0nu6qEg="},"lastRemoteEphemeralKey":"BUw/N1Apy47vbNAgQ3BxGQ7zxtS1E/HsYRXC2pGb/Nc4","previousCounter":0,"rootKey":"oGlWsabhw0SoO0jvk72oHgXe4OEMt0zWrmyZ0AbMen8="},"indexInfo":{"baseKey":"BSejGNclW/CI8d3TlwfrIzqeqK00kJIJ+lpfVcE8LCgt","baseKeyType":1,"closed":-1,"used":1735123643513,"created":1735123643513,"remoteIdentityKey":"BXWsZ428MFgoDV8/8g0VadSUGLxMWHxdqqtVVDJ7rcZR"},"_chains":{"BeJZ6xD7tzh1F73cgg3gxEz+bjj4eFDbKzXMVL526sNZ":{"chainKey":{"counter":0,"key":"/MocHSe7vhf3E9+KOzegmYzM6+XpWano5S/boodkLoM="},"chainType":1,"messageKeys":{}}},"pendingPreKey":{"signedKeyId":1,"baseKey":"BSejGNclW/CI8d3TlwfrIzqeqK00kJIJ+lpfVcE8LCgt"}}},"version":"v1"}