{"_sessions":{"BcYsgQCaAheeLjDQkV4T4EJcSoNg/XmrjePIKAF1LqR3":{"registrationId":29,"currentRatchet":{"ephemeralKeyPair":{"pubKey":"BXgQZih2UB5uyJhAdCPKb7IHi18kpwlU7+XoQc4hSREP","privKey":"QMefOL0611tH0MHwu/kAsB69HnmgGTQyaOUUhaGcYHI="},"lastRemoteEphemeralKey":"BRLvpeYQBHlWLDJFinbxqpI1RX0IAPPlYZ1uFNBfqnMx","previousCounter":0,"rootKey":"i4JJ0xFRCa6lwPUeuMYhHfol50FruHpikd2wCIJNgic="},"indexInfo":{"baseKey":"BcYsgQCaAheeLjDQkV4T4EJcSoNg/XmrjePIKAF1LqR3","baseKeyType":1,"closed":-1,"used":1735190148473,"created":1735190148473,"remoteIdentityKey":"BVU0WUMeNsWf431rlGbWf/4tZwmUa3Mc07hW8GEhIFVg"},"_chains":{"BXgQZih2UB5uyJhAdCPKb7IHi18kpwlU7+XoQc4hSREP":{"chainKey":{"counter":1,"key":"fvhIDtSbdBMQoizTeFiRJtSq27wpU4Fb1DEfWETAOTM="},"chainType":1,"messageKeys":{}}},"pendingPreKey":{"signedKeyId":1,"baseKey":"BcYsgQCaAheeLjDQkV4T4EJcSoNg/XmrjePIKAF1LqR3"}}},"version":"v1"}