{"_sessions":{"Ba9CFsCYg6SpA89ZwJXvYEB6jID7MVKpOR/cXOSCG9wA":{"registrationId":743597209,"currentRatchet":{"ephemeralKeyPair":{"pubKey":"BSktOaIPdBP/Olk6NGtMtqbXv/7XLbO5XUaOh4aRC7gY","privKey":"OC6o6mdxZqs9S2J0wPovMvBMgI1/PS2vQtChvplk/U4="},"lastRemoteEphemeralKey":"BZ4htE7NGgMz7OYEItZzysOYRHRjePytuFfavir5MLwJ","previousCounter":0,"rootKey":"rWtq07eUQuhcfFEIqJsC5/u3dSFkRiGZWONOl2yJqn8="},"indexInfo":{"baseKey":"Ba9CFsCYg6SpA89ZwJXvYEB6jID7MVKpOR/cXOSCG9wA","baseKeyType":1,"closed":-1,"used":1735123656038,"created":1735123656038,"remoteIdentityKey":"BW/fqUwg64sPQz1fgJxS2tN81lduiAk6W37dPxdrzO0d"},"_chains":{"BSktOaIPdBP/Olk6NGtMtqbXv/7XLbO5XUaOh4aRC7gY":{"chainKey":{"counter":0,"key":"OXwAfI1wtbDQECiwyrUueAjhCWr6xnE4YstJ6SJ7CEk="},"chainType":1,"messageKeys":{}}},"pendingPreKey":{"signedKeyId":0,"baseKey":"Ba9CFsCYg6SpA89ZwJXvYEB6jID7MVKpOR/cXOSCG9wA","preKeyId":3544069}}},"version":"v1"}