{"_sessions":{"BfbHpB2EwwPfKZ9P3l0XKEv6bgdmF5gE7WPLwB9dsJ0X":{"registrationId":241,"currentRatchet":{"ephemeralKeyPair":{"pubKey":"BXz+nPQWKQHrD0WFsqw5d1pf48Do9o8wX6utzwKigcpB","privKey":"eMkr9KY4Cyz2lfSzSiz+DPtufPGZly1E5m+IwxR3Y08="},"lastRemoteEphemeralKey":"BXJYikw2N1pLYrL4PtZn5RVIKSx3oWqMyzdMGkMUPmUg","previousCounter":0,"rootKey":"a3E+NGblifHtaI9zL9WPLdciwadIw6jg00YND9deVfI="},"indexInfo":{"baseKey":"BfbHpB2EwwPfKZ9P3l0XKEv6bgdmF5gE7WPLwB9dsJ0X","baseKeyType":1,"closed":-1,"used":1735190176983,"created":1735190176983,"remoteIdentityKey":"BXOW0YA8AZzYRwKg4JvayTbHFwnRaiOLkdoeQrpNdFdv"},"_chains":{"BXz+nPQWKQHrD0WFsqw5d1pf48Do9o8wX6utzwKigcpB":{"chainKey":{"counter":1,"key":"DqmLdTuLGit0joDTuEbCxnOfzuu3UBelhsn+E+69iy4="},"chainType":1,"messageKeys":{}}},"pendingPreKey":{"signedKeyId":1,"baseKey":"BfbHpB2EwwPfKZ9P3l0XKEv6bgdmF5gE7WPLwB9dsJ0X"}}},"version":"v1"}