{"_sessions":{"BW7dDubMHsROmO39KtxLu2C3hiXB8NbLA8WUauDab59+":{"registrationId":2044873474,"currentRatchet":{"ephemeralKeyPair":{"pubKey":"BTuAr7iU1LpSm7cKDRozm8s1MIFPfKdjCTAUX+/B2c89","privKey":"0PiyhZi8k2/E1dAb92gIclDwTbOfYyg5Dsw+Ns1/H3U="},"lastRemoteEphemeralKey":"BWtsRs4KaBd9iCSIJ39x8QjNZP1JXb3Ta1gXd2GoAIxW","previousCounter":0,"rootKey":"lpHi93HYsc4I0+3EoVI/uMEMFZi0J6Vj35h2k+lXRjc="},"indexInfo":{"baseKey":"BW7dDubMHsROmO39KtxLu2C3hiXB8NbLA8WUauDab59+","baseKeyType":1,"closed":1735195329474,"used":1735195329207,"created":1735195329207,"remoteIdentityKey":"BZG1vs7bslsZ/sTmiu2EWfb67npLDOHj4BY2fDJ7gP9Y"},"_chains":{"BTuAr7iU1LpSm7cKDRozm8s1MIFPfKdjCTAUX+/B2c89":{"chainKey":{"counter":0,"key":"3HYBhx0OgR/wS8KUcxsUf5auqVSy5RLySncIoejd9N0="},"chainType":1,"messageKeys":{}}},"pendingPreKey":{"signedKeyId":5,"baseKey":"BW7dDubMHsROmO39KtxLu2C3hiXB8NbLA8WUauDab59+","preKeyId":16513337}},"BW+jDTUtP+F/EnoeXDusWm5vT3AN8nmp7Cjcyu8D2C0o":{"registrationId":2044873474,"currentRatchet":{"ephemeralKeyPair":{"pubKey":"BXImsr8zyzv3u63mFPO4nsh8sKzM/+loRv/CExvs1r5/","privKey":"YIxZD+ptsu1Yq7lDZ0gBQT5lFsQ67UGxVLoDPafjCm0="},"lastRemoteEphemeralKey":"BWtsRs4KaBd9iCSIJ39x8QjNZP1JXb3Ta1gXd2GoAIxW","previousCounter":0,"rootKey":"QurJpDiZiC7XigKRnFy1hFt34KdCR29ey2lTZqXD0Do="},"indexInfo":{"baseKey":"BW+jDTUtP+F/EnoeXDusWm5vT3AN8nmp7Cjcyu8D2C0o","baseKeyType":1,"closed":-1,"used":1735195329468,"created":1735195329468,"remoteIdentityKey":"BZG1vs7bslsZ/sTmiu2EWfb67npLDOHj4BY2fDJ7gP9Y"},"_chains":{"BXImsr8zyzv3u63mFPO4nsh8sKzM/+loRv/CExvs1r5/":{"chainKey":{"counter":0,"key":"dYmbxo4CPD37eUwbSSgv1lW9axyAubGiKaightfBGYA="},"chainType":1,"messageKeys":{}}},"pendingPreKey":{"signedKeyId":5,"baseKey":"BW+jDTUtP+F/EnoeXDusWm5vT3AN8nmp7Cjcyu8D2C0o","preKeyId":16513355}}},"version":"v1"}