{"_sessions":{"BZDv/j4yKffU+Qkx0I8lPAqJMxz4Kn3HWj5VVAve2tgh":{"registrationId":1025375949,"currentRatchet":{"ephemeralKeyPair":{"pubKey":"BXgtCn00WGHzlAxkQeGR9X4oDQIegQTLBqEBgrBTMyhx","privKey":"QCSdPe9zljmGhJkXOTHbrY247Sh1ofrpCCWtOP0fO3M="},"lastRemoteEphemeralKey":"BZ4c3GrYoQv3/0nSzR3a6Sj+GKTnXjtHI2TgGDUo9YdU","previousCounter":0,"rootKey":"bOgsfahgmWIynGO3/uTj9sSvWe+zilYcZnK5TGqaeTI="},"indexInfo":{"baseKey":"BZDv/j4yKffU+Qkx0I8lPAqJMxz4Kn3HWj5VVAve2tgh","baseKeyType":1,"closed":-1,"used":1735230333820,"created":1735230333820,"remoteIdentityKey":"BYJeW+EGN95qEfj+rUZhlLO06K13r1Rlsq4MPpi8liBD"},"_chains":{"BXgtCn00WGHzlAxkQeGR9X4oDQIegQTLBqEBgrBTMyhx":{"chainKey":{"counter":0,"key":"hv1WIVk7DSkkpcU98jZfI4CHLf3ibB8k20I8M50jF0k="},"chainType":1,"messageKeys":{}}},"pendingPreKey":{"signedKeyId":7,"baseKey":"BZDv/j4yKffU+Qkx0I8lPAqJMxz4Kn3HWj5VVAve2tgh","preKeyId":2988915}}},"version":"v1"}