{"_sessions":{"BbGWN/ixqKJBi2Dl6VeAxZgzLYj3vGgMJSMUnihxw2AM":{"registrationId":7865265,"currentRatchet":{"ephemeralKeyPair":{"pubKey":"BT4iMIHBivGpIzf0OUDxh8Av1KfVi1ehNSOtl8iMhvIV","privKey":"wM25iKWvs8bXLXtMqUQij9ltvpEBSTmK+c4kwtuKFGQ="},"lastRemoteEphemeralKey":"BcyjPyOGYxzCiD3SUBjFws7NH6FfBrW0juMDhOKYG+d7","previousCounter":0,"rootKey":"pH2Ihi6CLLKI1rWYf7k1TY0l4mLe2LE9ihh0PGbaj4E="},"indexInfo":{"baseKey":"BbGWN/ixqKJBi2Dl6VeAxZgzLYj3vGgMJSMUnihxw2AM","baseKeyType":1,"closed":-1,"used":1735230320502,"created":1735230320502,"remoteIdentityKey":"BRaUG0LibIS8ff8Zc74Up2JIvfb02Yye5lGqFqCdNWtH"},"_chains":{"BT4iMIHBivGpIzf0OUDxh8Av1KfVi1ehNSOtl8iMhvIV":{"chainKey":{"counter":0,"key":"dwgKuC5pSJ3GdX88uLrOGOWQLeldhE8iovt63ERRhzo="},"chainType":1,"messageKeys":{}}},"pendingPreKey":{"signedKeyId":0,"baseKey":"BbGWN/ixqKJBi2Dl6VeAxZgzLYj3vGgMJSMUnihxw2AM"}}},"version":"v1"}