{"_sessions":{"BdxIaiJy8BBofagyRFYmAfSfr7En4n2KjwMQmcYBCD4C":{"registrationId":478343809,"currentRatchet":{"ephemeralKeyPair":{"pubKey":"BYXbD3EDvLKADWbdj3sdxiYZ0Y+av7VimGyLNLocjxYj","privKey":"+IYpqkdIwjNCedprzGQiNz3eNWVQ9IVpylaUB/4NKUw="},"lastRemoteEphemeralKey":"BR9i9IABVaGb3Gi4v1ox5MKa1lOyfHO3yXqwkMlRxV5q","previousCounter":0,"rootKey":"aAL3Ao3hZKG0MSVh+aCQwaC81f7g97OVmzLF/flveIU="},"indexInfo":{"baseKey":"BdxIaiJy8BBofagyRFYmAfSfr7En4n2KjwMQmcYBCD4C","baseKeyType":1,"closed":-1,"used":1735190088346,"created":1735190088346,"remoteIdentityKey":"BTzQ+sCVgLYi5m4DRfrj25Ur5r63w5930tK2yYI6eKRC"},"_chains":{"BYXbD3EDvLKADWbdj3sdxiYZ0Y+av7VimGyLNLocjxYj":{"chainKey":{"counter":0,"key":"jblV3C4f+xAya4Lgz7APnzHnK5IWNh9+l/om/ssDsM4="},"chainType":1,"messageKeys":{}}},"pendingPreKey":{"signedKeyId":10,"baseKey":"BdxIaiJy8BBofagyRFYmAfSfr7En4n2KjwMQmcYBCD4C","preKeyId":11199484}}},"version":"v1"}