{"_sessions":{"BezsJz/lcU7aXLgIzIa2oK6leKzOHX9eGZwoTU0UZ0A7":{"registrationId":1443720701,"currentRatchet":{"ephemeralKeyPair":{"pubKey":"BfGXJU6851lInPHQoq8qXfy8X3oK4g/E4Uc1oj1rbrJU","privKey":"CIaAFm56d4FU4qJvVGDUJvwNceSp5BSAYV5Abme7oWo="},"lastRemoteEphemeralKey":"BaCkdiPET86cj5P7lSkKjBS0Xa2tqUps01zk7gvDutID","previousCounter":0,"rootKey":"B873AIfjtSYYEP7GE9RaqSQ3fLeP9hRqAZWAu36ByR0="},"indexInfo":{"baseKey":"BezsJz/lcU7aXLgIzIa2oK6leKzOHX9eGZwoTU0UZ0A7","baseKeyType":1,"closed":-1,"used":1735190233563,"created":1735190233563,"remoteIdentityKey":"BTmiuKse3uvRD+kam1EO92zqj3cbCynrS6xpX1IGL84W"},"_chains":{"BfGXJU6851lInPHQoq8qXfy8X3oK4g/E4Uc1oj1rbrJU":{"chainKey":{"counter":1,"key":"6Xcc5/4Cj/XFSTA8WxwnGjXAXGjQHnuwuRLU4leadl0="},"chainType":1,"messageKeys":{}}},"pendingPreKey":{"signedKeyId":0,"baseKey":"BezsJz/lcU7aXLgIzIa2oK6leKzOHX9eGZwoTU0UZ0A7","preKeyId":13425765}}},"version":"v1"}