{"_sessions":{"BfQYe870JJEyV67eBphlw21TkcQLwnNw4JzZUmwXnvYG":{"registrationId":495580963,"currentRatchet":{"ephemeralKeyPair":{"pubKey":"BVUYNdYjOdrEc8KFvsK+Z5GTlYRhexfXx0ZYubL93dkU","privKey":"SCu3xrcRNdsk0ni4UOzO8b65JoS+juO8zkG1AlH7pUQ="},"lastRemoteEphemeralKey":"BR3stT0BQYw6P6RYrupCZPevTOydTsq8Gs6A7DeVhb0B","previousCounter":0,"rootKey":"VSJ5INf1Gfltbd1wZZxg7MsQtXRIs3UOsG0t1cvTPQo="},"indexInfo":{"baseKey":"BfQYe870JJEyV67eBphlw21TkcQLwnNw4JzZUmwXnvYG","baseKeyType":1,"closed":-1,"used":1735217521577,"created":1735217521577,"remoteIdentityKey":"BT+Kd0klrIrIC3Qi0H4J/ylC+isdk0YaG6vYSdo7yYNb"},"_chains":{"BVUYNdYjOdrEc8KFvsK+Z5GTlYRhexfXx0ZYubL93dkU":{"chainKey":{"counter":0,"key":"p/5HEyg43OkjXCRm6slq+EA3KNWi3uyEzbW4q25hVSU="},"chainType":1,"messageKeys":{}}},"pendingPreKey":{"signedKeyId":27,"baseKey":"BfQYe870JJEyV67eBphlw21TkcQLwnNw4JzZUmwXnvYG","preKeyId":4015015}}},"version":"v1"}