{"_sessions":{"BUsBUoXgNs+MgD/mT3aMkctg3mN9kZ5L70nGJd7Bdv9B":{"registrationId":1509780277,"currentRatchet":{"ephemeralKeyPair":{"pubKey":"BUkqC9WtK+x3enTV4sdd6VnL8KPU0f+aROom6LxAmZkT","privKey":"IC9v+ckA8GlWr0FPdXVOSFZhHmYzTsyGciUjKqh831A="},"lastRemoteEphemeralKey":"BUXRB5exzMFWekeW7bMX/CbkTUEOyRUc7YhClscJppEm","previousCounter":0,"rootKey":"Lyr3oIBIva6m3G8sdIHj75LMOU2JL0LmmlwmmnlO/HE="},"indexInfo":{"baseKey":"BUsBUoXgNs+MgD/mT3aMkctg3mN9kZ5L70nGJd7Bdv9B","baseKeyType":1,"closed":-1,"used":1735192869870,"created":1735192869870,"remoteIdentityKey":"BRmt/gRNWpV54M1cjB5RmahuXw9AKQ0TKQ8hTRGihHhb"},"_chains":{"BUkqC9WtK+x3enTV4sdd6VnL8KPU0f+aROom6LxAmZkT":{"chainKey":{"counter":0,"key":"66pxrb/aEZ8v/0oRa8fN0+/XQ0bBq+QDQ6M/oCymDf8="},"chainType":1,"messageKeys":{}}},"pendingPreKey":{"signedKeyId":1,"baseKey":"BUsBUoXgNs+MgD/mT3aMkctg3mN9kZ5L70nGJd7Bdv9B"}}},"version":"v1"}