{"_sessions":{"BVvlcfK+xef4/7awglk+hyXbTEGOjmDUIXUzIptV7lU8":{"registrationId":1479901881,"currentRatchet":{"ephemeralKeyPair":{"pubKey":"BZKnKYR+PvJHekdIxcwlbeKgi2bwsGFZs9psPx+kXnAo","privKey":"CFypdbkm+LrK2/oAV3qOpXWFn1mTUPsTuAulV16kR24="},"lastRemoteEphemeralKey":"Bf0AIDtwYAh53E1BSSgY4wTCiba9SvSHq3zNUOpdMtEi","previousCounter":0,"rootKey":"/NXOiD4x+uaPxoq3a+iqjjPAPrB3GybUiIXhEejm2uY="},"indexInfo":{"baseKey":"BVvlcfK+xef4/7awglk+hyXbTEGOjmDUIXUzIptV7lU8","baseKeyType":1,"closed":-1,"used":1735190130766,"created":1735190130766,"remoteIdentityKey":"BX7bMyOaVbuQatlJZ9VxMTkYXCQGqyfwpnlMTjMTFAR/"},"_chains":{"BZKnKYR+PvJHekdIxcwlbeKgi2bwsGFZs9psPx+kXnAo":{"chainKey":{"counter":2,"key":"+gmqEl04+caDuPGpGRzxWYqHMrLJuMoUs8XPe4nDkuc="},"chainType":1,"messageKeys":{}}},"pendingPreKey":{"signedKeyId":1,"baseKey":"BVvlcfK+xef4/7awglk+hyXbTEGOjmDUIXUzIptV7lU8","preKeyId":228949}}},"version":"v1"}