{"_sessions":{"Baf8mrjHg2I03fF2xdEAWYmOb0/c9e0EGIH1eZDjY5te":{"registrationId":45037618,"currentRatchet":{"ephemeralKeyPair":{"pubKey":"BUmn0bjS23Wo1PLG1WISq+nj9EXJuQGxwYD5CscSRQJj","privKey":"qCAh3m5i+/CiGv9xCXA4kWNzUwFHlPs/dGnB735e+k8="},"lastRemoteEphemeralKey":"BaerDpJiIBxl1AR3ENCYeFtX3E6aKVaJGnaYPj0MKPI6","previousCounter":0,"rootKey":"xzM1EmqQrya1XrzvRXr3stezWDPQEUQnbjOK1vT0CWU="},"indexInfo":{"baseKey":"Baf8mrjHg2I03fF2xdEAWYmOb0/c9e0EGIH1eZDjY5te","baseKeyType":1,"closed":-1,"used":1735230280697,"created":1735230280697,"remoteIdentityKey":"BfBYv1gbUtK77pOPeK6MeBj7DyERo/HP25SD0SgobcM5"},"_chains":{"BUmn0bjS23Wo1PLG1WISq+nj9EXJuQGxwYD5CscSRQJj":{"chainKey":{"counter":4,"key":"4e2SnSsM8f88/s0x/VCUgBmAHhOHkzkaJzmhQqVeEmE="},"chainType":1,"messageKeys":{}}},"pendingPreKey":{"signedKeyId":15,"baseKey":"Baf8mrjHg2I03fF2xdEAWYmOb0/c9e0EGIH1eZDjY5te","preKeyId":15741049}}},"version":"v1"}