{"_sessions":{"BXs8x9CFwbRBKmeFcMSJ5DZ1/6/z0gEIQKPpu45ehm8S":{"registrationId":2054688721,"currentRatchet":{"ephemeralKeyPair":{"pubKey":"BZBj8cgW6/puWKQGD+Q3LLxIDWmWj1KIAUTBuUKRMsMv","privKey":"wDR6K35vFQJzucVILJGfhMprCvzOUrCKmthE304r3lw="},"lastRemoteEphemeralKey":"BUNVst1TGIqPnePNaZvs+gZtdYz7FJpRCey8uOMdcOxN","previousCounter":0,"rootKey":"WwZkAqAUZ/TVzg3tOpplqFz9J0gf0pAl4R+e2/JN4pw="},"indexInfo":{"baseKey":"BXs8x9CFwbRBKmeFcMSJ5DZ1/6/z0gEIQKPpu45ehm8S","baseKeyType":1,"closed":-1,"used":1735190266184,"created":1735190266184,"remoteIdentityKey":"BTuhQ26z/LXE1dAaXK92oZ6822aznuhtpCBxxYTkcSo9"},"_chains":{"BZBj8cgW6/puWKQGD+Q3LLxIDWmWj1KIAUTBuUKRMsMv":{"chainKey":{"counter":1,"key":"KdPwApLZgeoKczGRcnzS4ZTmXu2l92gvS2dkoJGJ7h4="},"chainType":1,"messageKeys":{}}},"pendingPreKey":{"signedKeyId":2,"baseKey":"BXs8x9CFwbRBKmeFcMSJ5DZ1/6/z0gEIQKPpu45ehm8S","preKeyId":14772628}}},"version":"v1"}