{"_sessions":{"BVN8GPJaWbPRkXTX+jT/qJue0VEzZ6JwsKRFVGCKmEdB":{"registrationId":850325713,"currentRatchet":{"ephemeralKeyPair":{"pubKey":"BSALTD6ePYiBxGEuuq3U6eFchSRSGGRrEZ0hqOUTFk0O","privKey":"gHZtW3q4W1klZboES11kdmRVfvOVvS2gUm1zwSkFwXI="},"lastRemoteEphemeralKey":"BbhWWW0B8k+aU2eEtFiueNMZqbNzYjsjQAMWLYB+3+wq","previousCounter":0,"rootKey":"0/5gXsVbY2hwoSgW6bMFQQfoROj/ngho6U0/QZrayig="},"indexInfo":{"baseKey":"BVN8GPJaWbPRkXTX+jT/qJue0VEzZ6JwsKRFVGCKmEdB","baseKeyType":1,"closed":-1,"used":1735219058176,"created":1735219058176,"remoteIdentityKey":"BU5922XNhBfXPVWIw9jvrz3pZaFVYnw5rAXlYA5GK3wO"},"_chains":{"BSALTD6ePYiBxGEuuq3U6eFchSRSGGRrEZ0hqOUTFk0O":{"chainKey":{"counter":0,"key":"/lzLAUZ2mAA/Qz4g+qrvBgFKQZsYu5eTYb1eTiwOFlA="},"chainType":1,"messageKeys":{}}},"pendingPreKey":{"signedKeyId":1,"baseKey":"BVN8GPJaWbPRkXTX+jT/qJue0VEzZ6JwsKRFVGCKmEdB","preKeyId":5038450}}},"version":"v1"}