{"_sessions":{"BRAfdWuW0eXzkAn70WcapQpifbwgO/TdR6d70tFnA1Qd":{"registrationId":13741,"currentRatchet":{"ephemeralKeyPair":{"pubKey":"BY59ERM1bO/ce+dxaGbTOFpRmp1B/v+QM16nUttcsbtB","privKey":"wLn/4dG5gwkAam4/8f3/OhjY1QpjB41Hu4zTX3OYzmM="},"lastRemoteEphemeralKey":"Bd4WHBdYLp8MqgwyuBEbEEbcQhEwlW03MnS1Yzned/hz","previousCounter":0,"rootKey":"eNO1dKKaFGxlQI4hSKgj4pGXCLrl4KyXyvm81hkkSWQ="},"indexInfo":{"baseKey":"BRAfdWuW0eXzkAn70WcapQpifbwgO/TdR6d70tFnA1Qd","baseKeyType":1,"closed":-1,"used":1735194704596,"created":1735194704596,"remoteIdentityKey":"BWbXai2UJMrGTgUASgHZMCGXGiGd7o5ZMoyqzjktvkxl"},"_chains":{"BY59ERM1bO/ce+dxaGbTOFpRmp1B/v+QM16nUttcsbtB":{"chainKey":{"counter":0,"key":"iu7PSZgjhUlc4Z0VekVMMWTQP8IbsktPiX3Dd7fRXHA="},"chainType":1,"messageKeys":{}}},"pendingPreKey":{"signedKeyId":1,"baseKey":"BRAfdWuW0eXzkAn70WcapQpifbwgO/TdR6d70tFnA1Qd"}}},"version":"v1"}