{"_sessions":{"BUvvRPEqASqOoP1r91ziwZhhL6s87MuzR3sWsVkziREr":{"registrationId":1026467780,"currentRatchet":{"ephemeralKeyPair":{"pubKey":"BQONc268LNGhl+szSRWz7LI/3WrUdkQzyU7LEBeD0yR5","privKey":"wBxkdF1I1n081WeiQ4dEVFeSsvatbaffDRKsZF1+Q2s="},"lastRemoteEphemeralKey":"BQKFi0dbQlzYyeCYzrfCXcb9ZA/JWhrn8O3L+qYDtbhM","previousCounter":0,"rootKey":"osYklWF1kPIvLqWLqjXHusXWUmsml2PJdI0hGfaCy/s="},"indexInfo":{"baseKey":"BUvvRPEqASqOoP1r91ziwZhhL6s87MuzR3sWsVkziREr","baseKeyType":1,"closed":-1,"used":1735192821197,"created":1735192821197,"remoteIdentityKey":"BXUqSuE0xm7BJ3DjcnF4ShElV4/P7PyHlFC9HcSRv1w9"},"_chains":{"BQONc268LNGhl+szSRWz7LI/3WrUdkQzyU7LEBeD0yR5":{"chainKey":{"counter":0,"key":"rWsljOLhlH+S0kmeWuj3NaDcHRqZ2q7mgB2vnbuw8Cg="},"chainType":1,"messageKeys":{}}},"pendingPreKey":{"signedKeyId":3,"baseKey":"BUvvRPEqASqOoP1r91ziwZhhL6s87MuzR3sWsVkziREr","preKeyId":13144771}}},"version":"v1"}