{"_sessions":{"Bd5PEivYYjbfemqkexg362YBrGQifmMm7cxtfOllhD5N":{"registrationId":119,"currentRatchet":{"ephemeralKeyPair":{"pubKey":"Bd8Gy1/9DvUAT70JR+ma3vBEO0eW6DDfr8P8jAxddXhG","privKey":"+LW2mZZQotXllZA+KAS5wrSBXhE4E6HqlJrZRLh/iHQ="},"lastRemoteEphemeralKey":"BS3uGyw6+7f7pfviFN7FGSZKFK+hx+2RljJ40g6FGHIZ","previousCounter":0,"rootKey":"jzmxdNzthHVLyDOKy1YK7Sr+AMz3jJ44ukaNFUN6F8Y="},"indexInfo":{"baseKey":"Bd5PEivYYjbfemqkexg362YBrGQifmMm7cxtfOllhD5N","baseKeyType":1,"closed":-1,"used":1735190105308,"created":1735190105308,"remoteIdentityKey":"BVLRRiIxBPyVKrW9ibc2aKFuGFqBvz4A7bVsCdFNyu4q"},"_chains":{"Bd8Gy1/9DvUAT70JR+ma3vBEO0eW6DDfr8P8jAxddXhG":{"chainKey":{"counter":7,"key":"xi5X22O7JMuCflLmW3M/7mfnjcpo+5aW97W2MILurmw="},"chainType":1,"messageKeys":{}}},"pendingPreKey":{"signedKeyId":1,"baseKey":"Bd5PEivYYjbfemqkexg362YBrGQifmMm7cxtfOllhD5N"}}},"version":"v1"}