{"_sessions":{"BWYeISdvQYGWiwvfd3/FzBWECUVcmo2PEb8g+A7s0cUi":{"registrationId":1977148748,"currentRatchet":{"ephemeralKeyPair":{"pubKey":"BRqj1wx0ftgosu9fEgDyyRRsz+jEyZso+stqpHirsvwJ","privKey":"UJeABBE8wAww3WLM4iSpqGCyONeOlKirWVB5+kfgHGM="},"lastRemoteEphemeralKey":"BTq9mAlOxKmFQpfwkZKLc1LEoKfA61UtXwrND7R/ixBC","previousCounter":0,"rootKey":"8tXOKe9ocW6fSWj98vxoRwqchCNMkYBw/bXvytTOjmw="},"indexInfo":{"baseKey":"BWYeISdvQYGWiwvfd3/FzBWECUVcmo2PEb8g+A7s0cUi","baseKeyType":1,"closed":-1,"used":1735190255639,"created":1735190255639,"remoteIdentityKey":"BbnHebXLFzhZVdL4vKii58K95XfnIiJdlUQ6r44QBhM0"},"_chains":{"BRqj1wx0ftgosu9fEgDyyRRsz+jEyZso+stqpHirsvwJ":{"chainKey":{"counter":1,"key":"UsOpbGWa+0PS0wMhpUBMLJcRnkSyou5yNfLW321k20Y="},"chainType":1,"messageKeys":{}}},"pendingPreKey":{"signedKeyId":8,"baseKey":"BWYeISdvQYGWiwvfd3/FzBWECUVcmo2PEb8g+A7s0cUi","preKeyId":11299110}}},"version":"v1"}