{"_sessions":{"BR7nojlSqIPfhPvscDVu7ugCoBBHSiuG9SBsl6GwPFZM":{"registrationId":1517974545,"currentRatchet":{"ephemeralKeyPair":{"pubKey":"BdXLgDfYPDK7dkU65U9Hw69HikyWhfiw19I4HezMxx51","privKey":"eAymKstt7Y3ZU+xa9pC9LtAkh+g2E1AvCdhH2+6xgWs="},"lastRemoteEphemeralKey":"BQMNiJtq0nx3feNcQOSAz5mY5cRP99Ltmzj2wBCgerNh","previousCounter":0,"rootKey":"Fxn1R0Wf6uyE/1HNVV3IpPftfQ5LEz4GjKCLLrrP+vM="},"indexInfo":{"baseKey":"BR7nojlSqIPfhPvscDVu7ugCoBBHSiuG9SBsl6GwPFZM","baseKeyType":1,"closed":-1,"used":1735123643696,"created":1735123643696,"remoteIdentityKey":"BYxUibYwheXfoFMUU/JZurNmyHw6NR/kVuAFQ47i79sd"},"_chains":{"BdXLgDfYPDK7dkU65U9Hw69HikyWhfiw19I4HezMxx51":{"chainKey":{"counter":0,"key":"Bj7rxjfsNG7NlmBRPbd8X/J1UREfcBQdXd9xKv37sf4="},"chainType":1,"messageKeys":{}}},"pendingPreKey":{"signedKeyId":1,"baseKey":"BR7nojlSqIPfhPvscDVu7ugCoBBHSiuG9SBsl6GwPFZM","preKeyId":6926987}}},"version":"v1"}