{"_sessions":{"BS+oommQOuMUT9QMxGhcAqt5qJ44qXiPT6Mo5FbZ3S4e":{"registrationId":1835505498,"currentRatchet":{"ephemeralKeyPair":{"pubKey":"BWYdEE5yi/jjG5jb1sT2vatc60ty+k3aiH33KN7K3/U8","privKey":"sEmA51t/72k0mgIAxylJGYRW6fioarKb8Gu1L+nnwW4="},"lastRemoteEphemeralKey":"BQ/OoxDW1oCUAUvknNzu9Rt98SKCxZxhtiy1O79No8pc","previousCounter":0,"rootKey":"c54AQ3/x0EYlhgVKyTWfAjai7ia8SPyv3iu30duZSRA="},"indexInfo":{"baseKey":"BS+oommQOuMUT9QMxGhcAqt5qJ44qXiPT6Mo5FbZ3S4e","baseKeyType":1,"closed":-1,"used":1735230285644,"created":1735230285644,"remoteIdentityKey":"BSBkh25ZhHZg0nbnxbrlSH9kHRGoXrlCQq7Ls4tPSilY"},"_chains":{"BWYdEE5yi/jjG5jb1sT2vatc60ty+k3aiH33KN7K3/U8":{"chainKey":{"counter":0,"key":"fkFaR3BuN/bTid7lw3pgaWr9+yQBB2UGLDZzNiY5f4g="},"chainType":1,"messageKeys":{}}},"pendingPreKey":{"signedKeyId":12,"baseKey":"BS+oommQOuMUT9QMxGhcAqt5qJ44qXiPT6Mo5FbZ3S4e","preKeyId":8194547}}},"version":"v1"}