{"_sessions":{"BR0MZfjK/lVDRiJqoDykdiGKqwnBp4TSp62jiDG7ClQg":{"registrationId":139,"currentRatchet":{"ephemeralKeyPair":{"pubKey":"BVY3n/2rl5ovuwZRx9OX2i15RsO8uriZDEZsXlf/Mfh2","privKey":"QKvk7VWOOJd+XDIwhtoNXX2lAf3v1WISLcpgN6gs3XY="},"lastRemoteEphemeralKey":"Bey1V61pjUduy2dtvezwGLDHNHeeeVO12sLRW4jLVK8a","previousCounter":0,"rootKey":"laGOeDOGca63oq4/Ani6vhcHJi2xKjnqYLKiVY0LIxM="},"indexInfo":{"baseKey":"BR0MZfjK/lVDRiJqoDykdiGKqwnBp4TSp62jiDG7ClQg","baseKeyType":1,"closed":-1,"used":1735190122427,"created":1735190122427,"remoteIdentityKey":"BXwSjRW7G3izTv2tEkfX/fn0T0Mg3xCxRepKNYFJd1V4"},"_chains":{"BVY3n/2rl5ovuwZRx9OX2i15RsO8uriZDEZsXlf/Mfh2":{"chainKey":{"counter":2,"key":"LvYZm45hb/hoOvtDwccez94SuEnP46rGr/335PdMb+E="},"chainType":1,"messageKeys":{}}},"pendingPreKey":{"signedKeyId":1,"baseKey":"BR0MZfjK/lVDRiJqoDykdiGKqwnBp4TSp62jiDG7ClQg"}}},"version":"v1"}