{"_sessions":{"BeXLQjgYg+k5JZXyE7mRUnVOTWeuY0/cB7mg43NU1Bxu":{"registrationId":1217897363,"currentRatchet":{"ephemeralKeyPair":{"pubKey":"Bc2N27at8gNBSy6AeE0T1UK7NQY64i8Fguktl1gQGgRG","privKey":"qPBUHulp8ND6oJPfgwprjO0SlvBEG31QSrUPzNGCTUM="},"lastRemoteEphemeralKey":"BUPKu+ZcJ1pjqrnTibI2cE97FYds7V7CiWxJTq5Bp8Ur","previousCounter":0,"rootKey":"u8NfUS7hKr2eOaqvR2/MzGDatqFibAWr1t/heS0X3I0="},"indexInfo":{"baseKey":"BeXLQjgYg+k5JZXyE7mRUnVOTWeuY0/cB7mg43NU1Bxu","baseKeyType":1,"closed":-1,"used":1735141702041,"created":1735141702041,"remoteIdentityKey":"BbTu086b5aAQTJk4mOJaLftIoseW0FS3OqYtszlSYzIU"},"_chains":{"Bc2N27at8gNBSy6AeE0T1UK7NQY64i8Fguktl1gQGgRG":{"chainKey":{"counter":1,"key":"QMMfEB7lH7/bRbbnXVHrQqCOP7Km3PH3W7FK8dKehnA="},"chainType":1,"messageKeys":{}}},"pendingPreKey":{"signedKeyId":2,"baseKey":"BeXLQjgYg+k5JZXyE7mRUnVOTWeuY0/cB7mg43NU1Bxu","preKeyId":2890061}}},"version":"v1"}