{"_sessions":{"Bf7u+2XxJaOsHBz0riQlfOoFiQyNUbbMFmLKxgt7qYpP":{"registrationId":1701570110,"currentRatchet":{"ephemeralKeyPair":{"pubKey":"BbwtLlpSNGDUcCL+Rq67zNmZHFPaW0YTg8VSj4WQN+ZY","privKey":"UFK1hX5EhBGSTZkKIMnluo42ERexQIWNQ3aThwgpCm8="},"lastRemoteEphemeralKey":"BSACUAt+cxaGvjRENF7U4mSv5ZIqhzBry1IioqOLDLY3","previousCounter":0,"rootKey":"wQW6wbXnaRHqXTH1mZxPy/v7IgPQj2TngBs58/+Kt1E="},"indexInfo":{"baseKey":"Bf7u+2XxJaOsHBz0riQlfOoFiQyNUbbMFmLKxgt7qYpP","baseKeyType":1,"closed":-1,"used":1735192807559,"created":1735192807559,"remoteIdentityKey":"BUnWfyYH9vAHzI8ptlpoATeXBdbRXCXs7+CmIO9Ws/l+"},"_chains":{"BbwtLlpSNGDUcCL+Rq67zNmZHFPaW0YTg8VSj4WQN+ZY":{"chainKey":{"counter":0,"key":"dhPhAyaOvXWFYyB8NLs+UZmWGVhpcnJwbq+AgMjSDkw="},"chainType":1,"messageKeys":{}}},"pendingPreKey":{"signedKeyId":0,"baseKey":"Bf7u+2XxJaOsHBz0riQlfOoFiQyNUbbMFmLKxgt7qYpP","preKeyId":3481339}}},"version":"v1"}