{"_sessions":{"BQq/8Whrj2b8WVmwlMZJ5xxeSwEdUYl0utnMs/7w96gV":{"registrationId":1913294814,"currentRatchet":{"ephemeralKeyPair":{"pubKey":"BTbHW5W6nd9plJ0VLrVUuL3WEaW0SWcSyx52eFXLp41i","privKey":"uMfgfQAK0TOxxZtOUrO8OA/+pcvWzCaD7ANtW5CXOnU="},"lastRemoteEphemeralKey":"BZWyOhluoQ9fiSCr+Pt0hlArDFrAgvuc1mL96vvD2sV6","previousCounter":0,"rootKey":"DMajumdRnKNv9jcGNWRu2QlFgOWd20n031U1VgdeO6A="},"indexInfo":{"baseKey":"BQq/8Whrj2b8WVmwlMZJ5xxeSwEdUYl0utnMs/7w96gV","baseKeyType":1,"closed":-1,"used":1735190229681,"created":1735190229681,"remoteIdentityKey":"BbpEU77LecwpmppETuLzMiPw9M2w3XWaiTIY7X996JUi"},"_chains":{"BTbHW5W6nd9plJ0VLrVUuL3WEaW0SWcSyx52eFXLp41i":{"chainKey":{"counter":1,"key":"eaiPBfvyamSYd5NGTS3/4fuFkGYzuCKYEHfVsQtyEoQ="},"chainType":1,"messageKeys":{}}},"pendingPreKey":{"signedKeyId":0,"baseKey":"BQq/8Whrj2b8WVmwlMZJ5xxeSwEdUYl0utnMs/7w96gV"}}},"version":"v1"}