{"_sessions":{"BZPR/08mTN+g5jOgywte1VzGHovifMun3Cm4BXApk6dO":{"registrationId":174,"currentRatchet":{"ephemeralKeyPair":{"pubKey":"BcfARltVpez6/kK17Y3wG4OHBJJgSNx86inMwd/2adI0","privKey":"qLa1ujeKIkdk6jcoi376g78lxuPLGmHeShsGnlv0TkE="},"lastRemoteEphemeralKey":"Bf/JBszRDvDurVFeSIW292b6vUUMHY2rwvLCgf3pQQcQ","previousCounter":0,"rootKey":"bd2vCDxZMMG78x2cqO0npA7S75AtrhmOHu6qCA3xa0o="},"indexInfo":{"baseKey":"BZPR/08mTN+g5jOgywte1VzGHovifMun3Cm4BXApk6dO","baseKeyType":1,"closed":-1,"used":1735190122346,"created":1735190122346,"remoteIdentityKey":"BTuM5tSMCz3NoHf8+XqOjmLfQnzHBLmzFs7FFvBgleo8"},"_chains":{"BcfARltVpez6/kK17Y3wG4OHBJJgSNx86inMwd/2adI0":{"chainKey":{"counter":1,"key":"n9pzYMghVXyAiGsp1OYUniFoKBLSG7S6wxfG/DHoP6s="},"chainType":1,"messageKeys":{}}},"pendingPreKey":{"signedKeyId":1,"baseKey":"BZPR/08mTN+g5jOgywte1VzGHovifMun3Cm4BXApk6dO"}}},"version":"v1"}