{"_sessions":{"BSjz2tWrHKU9ElZpFS14HjGiIIx0uNO2WqOq4D1BIw8x":{"registrationId":28,"currentRatchet":{"ephemeralKeyPair":{"pubKey":"BdSHHAipurxo/kv/U2VUcqexJh74t7DqWw0YnX/PK/xF","privKey":"eEkY1jx8SqkqxjG14qG9T+zFUm+kA8oO6uZvWwYZVlg="},"lastRemoteEphemeralKey":"BQLl80Tz/UeYz/VX3Oqenc4x1GFxMvNJG4E6rD8+RqxO","previousCounter":0,"rootKey":"D2V49zRnM8WNJhEkNOK3H7xHv++XQk8ZJBD2df+rpHo="},"indexInfo":{"baseKey":"BSjz2tWrHKU9ElZpFS14HjGiIIx0uNO2WqOq4D1BIw8x","baseKeyType":1,"closed":-1,"used":1735190153015,"created":1735190153015,"remoteIdentityKey":"BaM+GkstlgKpaJ7exkOib4wcNG+nTqhuI8/j2ha3bngu"},"_chains":{"BdSHHAipurxo/kv/U2VUcqexJh74t7DqWw0YnX/PK/xF":{"chainKey":{"counter":1,"key":"rTJDmnnftCp7h6mRAORYET/YvqdqvYrfBrmzIsoPt+M="},"chainType":1,"messageKeys":{}}},"pendingPreKey":{"signedKeyId":1,"baseKey":"BSjz2tWrHKU9ElZpFS14HjGiIIx0uNO2WqOq4D1BIw8x"}}},"version":"v1"}