{"_sessions":{"BeD/Fa3dGmV2kswKEi5lGelR/xVe0Pu84pv4/W/9uOUS":{"registrationId":2454689171,"currentRatchet":{"ephemeralKeyPair":{"pubKey":"BctBtoZlz+i00HFenJfSDibkckb13ZNLCuEWyiDhzqM9","privKey":"yISHgexjAn2XPviSKlBAJ8BKD9wYZnwvjvPaZfawXFI="},"lastRemoteEphemeralKey":"BYPlubMcEUUsScvGPkcWMAjIYxjX91SZeJRx6WsMN18x","previousCounter":0,"rootKey":"SKEtP4OezzuqNQm08/fxnXHsRKlZqgQrv8+zn+tuxaA="},"indexInfo":{"baseKey":"BeD/Fa3dGmV2kswKEi5lGelR/xVe0Pu84pv4/W/9uOUS","baseKeyType":1,"closed":-1,"used":1735121448187,"created":1735121448187,"remoteIdentityKey":"BZftz7Bb9IteMrYwdSsts8XTjWPkAgO5+NKdzqic/sdm"},"_chains":{"BctBtoZlz+i00HFenJfSDibkckb13ZNLCuEWyiDhzqM9":{"chainKey":{"counter":33,"key":"7xpiO6/WSBwQvbQjxirmnS2SLezqJeW2gknuR9Y5aBI="},"chainType":1,"messageKeys":{}}},"pendingPreKey":{"signedKeyId":1,"baseKey":"BeD/Fa3dGmV2kswKEi5lGelR/xVe0Pu84pv4/W/9uOUS"}}},"version":"v1"}