{"_sessions":{"BciWoJ3QISSrQ2w/8kMDpWs9ECP9gfa7Jnlq9Bc2B/Eu":{"registrationId":1496934189,"currentRatchet":{"ephemeralKeyPair":{"pubKey":"BbGzEKrRE79MExVkLHIyCJO/3MIRFgwv+o7XS+qND3cM","privKey":"+HOXOaB222Q00QOCjXAIy4lzcr9yIo/1kmsL6+nv0Wk="},"lastRemoteEphemeralKey":"BYB+LnK9IESz98BkzlGCI8e9TEtUtt9Q9wmmlzSzX70q","previousCounter":0,"rootKey":"pmigDNVL1RzmQXTNdRnZJruvzFL6YdMTX07DgPPlpyQ="},"indexInfo":{"baseKey":"BciWoJ3QISSrQ2w/8kMDpWs9ECP9gfa7Jnlq9Bc2B/Eu","baseKeyType":1,"closed":-1,"used":1735219058245,"created":1735219058245,"remoteIdentityKey":"BeJCazu5dHX2VOOP6lycQ2Ek8B5Ce4qsn9e0iY9Gy/ck"},"_chains":{"BbGzEKrRE79MExVkLHIyCJO/3MIRFgwv+o7XS+qND3cM":{"chainKey":{"counter":0,"key":"94q1Z/cXdxuO1PLV/UW9myQFQgASNk9Oqq5A9fo8EVI="},"chainType":1,"messageKeys":{}}},"pendingPreKey":{"signedKeyId":1,"baseKey":"BciWoJ3QISSrQ2w/8kMDpWs9ECP9gfa7Jnlq9Bc2B/Eu","preKeyId":1261565}}},"version":"v1"}