{"_sessions":{"Be7P2ikdMDu+/t26kWnXgox1NzlyJL9tqvKnzQr1wjxG":{"registrationId":1374444923,"currentRatchet":{"ephemeralKeyPair":{"pubKey":"BUhVhMmuRmzAxOxZGxvrw7UClK3giXoosWjC69Vob4h4","privKey":"SN/R0V7Ft4NgnLpGr1GcXGjjKq215hmAkcFnKjK192s="},"lastRemoteEphemeralKey":"BdC8msTRarFztlv7aYoz/4kyPycKRS8Z7154rFJe9U4s","previousCounter":0,"rootKey":"1/Lsp2Z7uqzOUoNPs8TXud8Qw9rXoEgT5ZwnsH3ezvk="},"indexInfo":{"baseKey":"Be7P2ikdMDu+/t26kWnXgox1NzlyJL9tqvKnzQr1wjxG","baseKeyType":1,"closed":-1,"used":1735217521582,"created":1735217521582,"remoteIdentityKey":"BRGWyxYosndCBYM3mcCofL+bmtIrckRHiKTtKimdJ04U"},"_chains":{"BUhVhMmuRmzAxOxZGxvrw7UClK3giXoosWjC69Vob4h4":{"chainKey":{"counter":0,"key":"qX8jYtMpmENj7VkhuDSlsSjjQyr7RdOwPIFO1FMOpGg="},"chainType":1,"messageKeys":{}}},"pendingPreKey":{"signedKeyId":7,"baseKey":"Be7P2ikdMDu+/t26kWnXgox1NzlyJL9tqvKnzQr1wjxG","preKeyId":9804080}}},"version":"v1"}