{"_sessions":{"Bd5i4cvsdDmqhUjaq9gpa2YT6utL3PX8rTDT8EajoAAJ":{"registrationId":1533550861,"currentRatchet":{"ephemeralKeyPair":{"pubKey":"BSrZGPm6XDMZePp6VFPz6iCcyYu/LtCvqXFeuf9tDNdD","privKey":"aAnZMzkPvK+8lbCSIN0vZBzTnYu2qqnCS4MgWOtufVU="},"lastRemoteEphemeralKey":"BcPMcC33A9py8WpZQVLx/Gxkbp/Kspo7WGiK5PqamLof","previousCounter":0,"rootKey":"RvkP5mHGLgxqLx38ecNkjfmyTQtfaeHA1X6DAq7sh+g="},"indexInfo":{"baseKey":"Bd5i4cvsdDmqhUjaq9gpa2YT6utL3PX8rTDT8EajoAAJ","baseKeyType":1,"closed":-1,"used":1735189994374,"created":1735189994374,"remoteIdentityKey":"BU5+cFsMmHumohMHX6CDrn69fZCpa3dpi14Lhngv4u4o"},"_chains":{"BSrZGPm6XDMZePp6VFPz6iCcyYu/LtCvqXFeuf9tDNdD":{"chainKey":{"counter":0,"key":"QG+D09l7VvcKucrRWF2MgkH6uFe6VJtuM/b6l0+Deew="},"chainType":1,"messageKeys":{}}},"pendingPreKey":{"signedKeyId":6,"baseKey":"Bd5i4cvsdDmqhUjaq9gpa2YT6utL3PX8rTDT8EajoAAJ","preKeyId":9241939}}},"version":"v1"}