{"_sessions":{"BdKZW1rEO+YrL0SFCuUmxmh3QFurBq2ciaE4kfMqt+50":{"registrationId":1168654080,"currentRatchet":{"ephemeralKeyPair":{"pubKey":"BWbD/Z94P90RmuqSbpCLUvkDD+ESVHoScZO5LsHC85YG","privKey":"EJp0IwU14x3+hdJ79zU9nNyt3tcDm6YVMsoop3+GPFo="},"lastRemoteEphemeralKey":"Bar2NMNZGyGPUPTU/yUeK+1kFBkg29iqYX2QnK51gGAc","previousCounter":0,"rootKey":"TynIsVHk/vcZeKm37cLdMPEYD5ayoDsThdsc/NYo0BU="},"indexInfo":{"baseKey":"BdKZW1rEO+YrL0SFCuUmxmh3QFurBq2ciaE4kfMqt+50","baseKeyType":1,"closed":-1,"used":1735230338999,"created":1735230338999,"remoteIdentityKey":"Bd3sP/qw/1NauyuhB2sBFFA+0LpdbZmy8bWW6IP6fY56"},"_chains":{"BWbD/Z94P90RmuqSbpCLUvkDD+ESVHoScZO5LsHC85YG":{"chainKey":{"counter":0,"key":"cSdyyCBXKdhK/RZY+iELBLgYNwU0UIC5C0kCth8oq24="},"chainType":1,"messageKeys":{}}},"pendingPreKey":{"signedKeyId":16316293,"baseKey":"BdKZW1rEO+YrL0SFCuUmxmh3QFurBq2ciaE4kfMqt+50","preKeyId":11665}}},"version":"v1"}