{"_sessions":{"BWS8CAc4vflWqawJFiClZ/vi/FQ8j8BKx3unsNP4G19Z":{"registrationId":229,"currentRatchet":{"ephemeralKeyPair":{"pubKey":"BXwe+iwL8BPZJ52FE9/WVG6Ev8syil99/5VZ2NSQOgEM","privKey":"+EB7sXjjEFdu0feWj5tVx9rs1ZBsRyu3sY2rdkGujGw="},"lastRemoteEphemeralKey":"BWXM7wNctbNQBu8nBkMwAJkT3r3dJbfkr8hXzV2yxyMB","previousCounter":0,"rootKey":"VDyYDIrMxSvqxBBp2NDRpeABPulm6SYtDIgAA4nvZ4c="},"indexInfo":{"baseKey":"BWS8CAc4vflWqawJFiClZ/vi/FQ8j8BKx3unsNP4G19Z","baseKeyType":1,"closed":-1,"used":1735190153098,"created":1735190153098,"remoteIdentityKey":"BXKuyLqF1NJqimIW88Kk6WUBjsJlaaXlUauXgqzDcPNP"},"_chains":{"BXwe+iwL8BPZJ52FE9/WVG6Ev8syil99/5VZ2NSQOgEM":{"chainKey":{"counter":3,"key":"pxCDMoExW0Kh68j0riLRZJkvdP3nH0gyLo5jzRpSkHU="},"chainType":1,"messageKeys":{}}},"pendingPreKey":{"signedKeyId":1,"baseKey":"BWS8CAc4vflWqawJFiClZ/vi/FQ8j8BKx3unsNP4G19Z"}}},"version":"v1"}