{"_sessions":{"BWMKxCEMVDfgPsEEzbYG5Onu/qa7ya7hEVztuU0fqyRi":{"registrationId":607496591,"currentRatchet":{"ephemeralKeyPair":{"pubKey":"BahZzuS0n1Fv5w4e4jFIkmbSdwwCEZV/CLVksjPl0tgS","privKey":"UF6A8zYn8e/Sv1F0gGEzqWoBglgqYqHk3nGCPcYjBGc="},"lastRemoteEphemeralKey":"BWZCf24jEsZyyVfn/DBujeiTzmyhT/xFsWXg6TSWlAoX","previousCounter":0,"rootKey":"YpCEXp73BiOF2wYasjnXpSGPDVuFvMeSNUdpctVPCEA="},"indexInfo":{"baseKey":"BWMKxCEMVDfgPsEEzbYG5Onu/qa7ya7hEVztuU0fqyRi","baseKeyType":1,"closed":-1,"used":1735190215432,"created":1735190215432,"remoteIdentityKey":"Be3XP7EU1Vm9YpkYYpYYysSL4aAt9RMtVs5SQsn4jfgP"},"_chains":{"BahZzuS0n1Fv5w4e4jFIkmbSdwwCEZV/CLVksjPl0tgS":{"chainKey":{"counter":1,"key":"kR2e2D36BwQRung6BC6V4FM9e9b3u/XfqAbvzSfjkGQ="},"chainType":1,"messageKeys":{}}},"pendingPreKey":{"signedKeyId":0,"baseKey":"BWMKxCEMVDfgPsEEzbYG5Onu/qa7ya7hEVztuU0fqyRi","preKeyId":2603125}}},"version":"v1"}