{"_sessions":{"BU3o9DN0SxZHphY0h3dY7+tolb0wEZ8DhB+71aeGnLlv":{"registrationId":308709966,"currentRatchet":{"ephemeralKeyPair":{"pubKey":"BdLYaTy6OvvSe91l25WKPGHpPAQseeCSnP68jiCCo95f","privKey":"QPelrhwrisGJvJUsqMnWS2IaJOVJbGsR1+97aZ/Kkk4="},"lastRemoteEphemeralKey":"BfzecJzDgYiY42KjQL/KoQlYpp7gzMoP6tNw72zU7ScB","previousCounter":0,"rootKey":"Wpg3oZ2luU5BlbpPFW4c9OlHl3dbmTEZaU4xASCfxPE="},"indexInfo":{"baseKey":"BU3o9DN0SxZHphY0h3dY7+tolb0wEZ8DhB+71aeGnLlv","baseKeyType":1,"closed":-1,"used":1735194712623,"created":1735194712623,"remoteIdentityKey":"BYsdp7ABY+mqrvz93WdAHDAWCKeyGB0no8jKRYO6oZ5U"},"_chains":{"BdLYaTy6OvvSe91l25WKPGHpPAQseeCSnP68jiCCo95f":{"chainKey":{"counter":0,"key":"IQDA0sOH0gKmrxD7Dj/1e/mfV6sTxLnAopbLeFNr4k4="},"chainType":1,"messageKeys":{}}},"pendingPreKey":{"signedKeyId":0,"baseKey":"BU3o9DN0SxZHphY0h3dY7+tolb0wEZ8DhB+71aeGnLlv"}}},"version":"v1"}