{"_sessions":{"BTJy/zC8ybOJRJw9aabgfbHKMVtljYgJnX4ZCeGPOPdK":{"registrationId":1118116984,"currentRatchet":{"ephemeralKeyPair":{"pubKey":"BRZPmJtwhE5sxywDKzLscbhGPYKEDXljrt/nvY5iyfJj","privKey":"CHshbaN2apsiEcN1cVmyrj3GlF11HlpGvGlQOMsTl0s="},"lastRemoteEphemeralKey":"BWaprh5RYCCjJqRzVIxG1Ko1SAkbahZioWHqnENAWMtL","previousCounter":0,"rootKey":"ZUo4amRjjbhLFam0+6w2wCdERrkcbtH3zPzMYNeDJMo="},"indexInfo":{"baseKey":"BTJy/zC8ybOJRJw9aabgfbHKMVtljYgJnX4ZCeGPOPdK","baseKeyType":1,"closed":-1,"used":1735192821213,"created":1735192821213,"remoteIdentityKey":"BRUzXKN/c90hJF3v9/sIGakvkuI2hv3GBolxNwxQgatD"},"_chains":{"BRZPmJtwhE5sxywDKzLscbhGPYKEDXljrt/nvY5iyfJj":{"chainKey":{"counter":0,"key":"2YH7Hyz7kfBagUOD9rlB2R4oFwK3OnJY9aSkl8hjyNg="},"chainType":1,"messageKeys":{}}},"pendingPreKey":{"signedKeyId":0,"baseKey":"BTJy/zC8ybOJRJw9aabgfbHKMVtljYgJnX4ZCeGPOPdK","preKeyId":6774841}}},"version":"v1"}