{"_sessions":{"BVYJDWP647V1j0VDQbuOck4G4YY5s7Cr6vkYJXxqNcl6":{"registrationId":130,"currentRatchet":{"ephemeralKeyPair":{"pubKey":"BVGeRXIRPuA95eqYAvcVHLWZqiIuWcdEBMIlRe7c6INL","privKey":"gOOQ0IFv8I6DTzgZa5OF5jfqq8GFlyoW5DXqk5K+5Eg="},"lastRemoteEphemeralKey":"BYP5KHiQbqE/0T+FhKBpEQSZiIQNYJS8Stg1MsoyVVhs","previousCounter":0,"rootKey":"dQcgNf5hu7Yy3vL0BT2PGmd7PFOKuoUzfSr02stnyck="},"indexInfo":{"baseKey":"BVYJDWP647V1j0VDQbuOck4G4YY5s7Cr6vkYJXxqNcl6","baseKeyType":1,"closed":-1,"used":1735192802909,"created":1735192802909,"remoteIdentityKey":"BVEuotL1WSiSlMzYpX2WQlfdWRdQpRIICzrJDQA+0xp/"},"_chains":{"BVGeRXIRPuA95eqYAvcVHLWZqiIuWcdEBMIlRe7c6INL":{"chainKey":{"counter":0,"key":"dZ5WTePP+EGmBAH1D76/p5ezkMRC8ScxYZq3ub9rbD4="},"chainType":1,"messageKeys":{}}},"pendingPreKey":{"signedKeyId":1,"baseKey":"BVYJDWP647V1j0VDQbuOck4G4YY5s7Cr6vkYJXxqNcl6"}}},"version":"v1"}