{"_sessions":{"BdGUo1zoEI0Er8E5imuqFa3h8ci3N2CvLoU8Vs7unNsR":{"registrationId":172,"currentRatchet":{"ephemeralKeyPair":{"pubKey":"BTvZOuu1ClxHJcv2+9X/3iYaZql1/I51fL1XOj7W73wu","privKey":"cHbLJSJVn4t+gHbvt/eByDsCIMO/fIWkDUrsBZfrMGk="},"lastRemoteEphemeralKey":"BfK80wrjZHjOAT5PXV+lkY0i51vKnwUIbYc/Eclhp6oP","previousCounter":0,"rootKey":"QyJchCjAyNMj0QgxUJqJHczmY+YoID8cKBVa//DQ4xg="},"indexInfo":{"baseKey":"BdGUo1zoEI0Er8E5imuqFa3h8ci3N2CvLoU8Vs7unNsR","baseKeyType":1,"closed":-1,"used":1735190177120,"created":1735190177120,"remoteIdentityKey":"BUsMc9p1ZMrIptfV961aqGzLsPab8IoMP5bdJMjCbI8h"},"_chains":{"BTvZOuu1ClxHJcv2+9X/3iYaZql1/I51fL1XOj7W73wu":{"chainKey":{"counter":1,"key":"dL4ABR+nRKNnvdrAHoPdHIrnJya9yZWjTfuZvN73BG4="},"chainType":1,"messageKeys":{}}},"pendingPreKey":{"signedKeyId":1,"baseKey":"BdGUo1zoEI0Er8E5imuqFa3h8ci3N2CvLoU8Vs7unNsR"}}},"version":"v1"}