{"_sessions":{"BaR5+lGzHoVt8R6ayU0Ekrw51GVzfXiEx7nb6sWDDflv":{"registrationId":3822233185,"currentRatchet":{"ephemeralKeyPair":{"pubKey":"BVC31xAgNqgIXJeS9jsZPa5Qsd0VeDRXcKEBkCkH0Xsb","privKey":"kHtjyJEGnZluegI1mBl8f5Tn1+Vo0ZxnE87r/Ci69Eo="},"lastRemoteEphemeralKey":"BTGL4dd0V3Otp2Ce9wnZ7OkxGkUuGBGUBFwEm29RioYC","previousCounter":0,"rootKey":"a2lecWeuIBVUIG8AETCDKPHP2HGKdRcRyoagEaIuVSg="},"indexInfo":{"baseKey":"BaR5+lGzHoVt8R6ayU0Ekrw51GVzfXiEx7nb6sWDDflv","baseKeyType":1,"closed":-1,"used":1735123649319,"created":1735123649319,"remoteIdentityKey":"Ba9ttMvEjkbmt6ujAkF4hay6TnGnZnGOo14StrDk50xb"},"_chains":{"BVC31xAgNqgIXJeS9jsZPa5Qsd0VeDRXcKEBkCkH0Xsb":{"chainKey":{"counter":0,"key":"3fEnNkKev2OTrSlw79Ctc3iS2eCmEEpwTvQeuQyBnrU="},"chainType":1,"messageKeys":{}}},"pendingPreKey":{"signedKeyId":1,"baseKey":"BaR5+lGzHoVt8R6ayU0Ekrw51GVzfXiEx7nb6sWDDflv"}}},"version":"v1"}