{"_sessions":{"BZ9UfioxBpoNb6LvlDvCTKpKQd0gMepWdKCU96z/D4xL":{"registrationId":1522706361,"currentRatchet":{"ephemeralKeyPair":{"pubKey":"BcKNuHmHDPtXNBP0sbKN9VNSmDCUNudxXpNco93crW9t","privKey":"wOvQlr72MoxBNbZeYqm3EARiyOhaf47AjRpZl371o1A="},"lastRemoteEphemeralKey":"Bcicx3KBt6vNhNJVhCr1Bmk9tuAPpVYuFI1SA0l7lEd6","previousCounter":0,"rootKey":"+JRZ0I9M2MlzhNscMf3WLayg73I7kAuj4k/94Yc+Iz4="},"indexInfo":{"baseKey":"BZ9UfioxBpoNb6LvlDvCTKpKQd0gMepWdKCU96z/D4xL","baseKeyType":1,"closed":-1,"used":1735192882903,"created":1735192882903,"remoteIdentityKey":"BW5eY5abmN/5z7ZvKQT9foagMaMAD0o+GxOH9DJtfUhG"},"_chains":{"BcKNuHmHDPtXNBP0sbKN9VNSmDCUNudxXpNco93crW9t":{"chainKey":{"counter":0,"key":"wZFTNQl/iu10FQLhfWiZz5Ms6DmqSsp8dfiIgriEp4A="},"chainType":1,"messageKeys":{}}},"pendingPreKey":{"signedKeyId":6,"baseKey":"BZ9UfioxBpoNb6LvlDvCTKpKQd0gMepWdKCU96z/D4xL","preKeyId":14673619}}},"version":"v1"}