{"_sessions":{"BcbJlGLmUrlo4455mce4ROmDxu8FLfb2XlphINTigOQ7":{"registrationId":69,"currentRatchet":{"ephemeralKeyPair":{"pubKey":"BRm2u2sQPueW9Lc0970O7vzHLqkvh6veOO8xp24q7cME","privKey":"0Ld4Fn2SrX1598Dt//o9vHIOofAUNxmCT4Ao05m4v34="},"lastRemoteEphemeralKey":"BXQVHFWIceTT2NeyIzQ94jB7Ai64RtAxSmBJam6hnQ9D","previousCounter":0,"rootKey":"KqVhnt3S4FmkZhLk3+MVLDRZWx9ue/tU3dqVQI5E4wc="},"indexInfo":{"baseKey":"BcbJlGLmUrlo4455mce4ROmDxu8FLfb2XlphINTigOQ7","baseKeyType":1,"closed":-1,"used":1735192793158,"created":1735192793158,"remoteIdentityKey":"BRvRu2JO55kOBK/wsls/082L7gFab8fWvy2U7jWYXmF4"},"_chains":{"BRm2u2sQPueW9Lc0970O7vzHLqkvh6veOO8xp24q7cME":{"chainKey":{"counter":0,"key":"L77AjqGgMAjItsinxWnaPiNNe4obx80MaEnZTWOdNGk="},"chainType":1,"messageKeys":{}}},"pendingPreKey":{"signedKeyId":1,"baseKey":"BcbJlGLmUrlo4455mce4ROmDxu8FLfb2XlphINTigOQ7"}}},"version":"v1"}