{"_sessions":{"BXNmFaQP3O6EZMRm3kg+sI/xYM3LP/mXSDBszJY+V3Q7":{"registrationId":324389600,"currentRatchet":{"ephemeralKeyPair":{"pubKey":"BVvgNavCFAseVgebxXtdgYBSxTfvoTBhoG1myFYw0y8F","privKey":"cKsFe8qhncwlCxY47KPj1tOkaFq1IEaeVL9MckNNqEE="},"lastRemoteEphemeralKey":"BT51NQkxtKLwARsk37auRXSlxgMpgqoDFxleOQNxqUdK","previousCounter":0,"rootKey":"1O4XHnXrCn/iHrxvTo8QAoEmvwPurFv61dsVpWStCDM="},"indexInfo":{"baseKey":"BXNmFaQP3O6EZMRm3kg+sI/xYM3LP/mXSDBszJY+V3Q7","baseKeyType":1,"closed":1735185640723,"used":1735185638711,"created":1735185638711,"remoteIdentityKey":"BTHvOPBk/3X8MK1g4V5GPC4w4kYyIYlRkdRj3UCkSdZS"},"_chains":{"BVvgNavCFAseVgebxXtdgYBSxTfvoTBhoG1myFYw0y8F":{"chainKey":{"counter":-1,"key":"Ct5O1BCp16yCXatPkKhHA8LqBDAfGQ3qPs7te/qJ/Io="},"chainType":1,"messageKeys":{}}},"pendingPreKey":{"signedKeyId":0,"baseKey":"BXNmFaQP3O6EZMRm3kg+sI/xYM3LP/mXSDBszJY+V3Q7","preKeyId":4550641}},"BSg23N0erbd6XoMj69xwH/QQ1opLFXyR2OughvnLm+t7":{"registrationId":324389600,"currentRatchet":{"ephemeralKeyPair":{"pubKey":"Bdf2S6hm5SiR3FbV63Lzx+Fmlvp9B83uGDD1fhiPXiM6","privKey":"CH14ISZcwyjs7+V0xDbvvQ/OSyI4mvRe8rboXbMnB0I="},"lastRemoteEphemeralKey":"BT51NQkxtKLwARsk37auRXSlxgMpgqoDFxleOQNxqUdK","previousCounter":0,"rootKey":"oD7Tz0iiQVTJRubgy0A3lVJkQuHtFAkdnepfol4f4d4="},"indexInfo":{"baseKey":"BSg23N0erbd6XoMj69xwH/QQ1opLFXyR2OughvnLm+t7","baseKeyType":1,"closed":-1,"used":1735185640721,"created":1735185640721,"remoteIdentityKey":"BTHvOPBk/3X8MK1g4V5GPC4w4kYyIYlRkdRj3UCkSdZS"},"_chains":{"Bdf2S6hm5SiR3FbV63Lzx+Fmlvp9B83uGDD1fhiPXiM6":{"chainKey":{"counter":1,"key":"+SKCsd2Kzu9zUDP5ITWVxy5ZmjbXjl+4vG9WLsQI8As="},"chainType":1,"messageKeys":{}}},"pendingPreKey":{"signedKeyId":0,"baseKey":"BSg23N0erbd6XoMj69xwH/QQ1opLFXyR2OughvnLm+t7","preKeyId":4550656}}},"version":"v1"}