{"_sessions":{"BYkPquiWu7QMOtjwoJL6lgVkd96HV1gDn6xCak9rDvMe":{"registrationId":16053,"currentRatchet":{"ephemeralKeyPair":{"pubKey":"BU56fmzV7/RfmJ//WLwiqdL4PvJYXjEnp9EuSTh1LE9l","privKey":"aBKexS07x2jX5EZiKn4DqLlUG+X/eskc3wqAobFOEEo="},"lastRemoteEphemeralKey":"BUE2WjHz/J8nd8FqMRJcyyku6sVHhfWmTv6332oSR38o","previousCounter":0,"rootKey":"MRlfXTOUDCTQ9LV68FmSIDte3mku2Seay3QoPN4NhCg="},"indexInfo":{"baseKey":"BYkPquiWu7QMOtjwoJL6lgVkd96HV1gDn6xCak9rDvMe","baseKeyType":1,"closed":-1,"used":1735190198665,"created":1735190198665,"remoteIdentityKey":"BQULAr5JsKvZju4UcoQhym4CRVv9e27j5FctcLLjuYMV"},"_chains":{"BU56fmzV7/RfmJ//WLwiqdL4PvJYXjEnp9EuSTh1LE9l":{"chainKey":{"counter":1,"key":"57395po9az7Odqucnl2AKB4srCLJWumlP5olZALQo60="},"chainType":1,"messageKeys":{}}},"pendingPreKey":{"signedKeyId":1,"baseKey":"BYkPquiWu7QMOtjwoJL6lgVkd96HV1gDn6xCak9rDvMe"}}},"version":"v1"}