{"_sessions":{"BadFVo4akpY25daTKT3v8XWH6ADomkvwJfo+GS06GlUj":{"registrationId":198,"currentRatchet":{"ephemeralKeyPair":{"pubKey":"BQMpnuSaUIQXQdAOL+7JdVNnZIDEQlkr5yoOrqnWb/wC","privKey":"IB0QX6cPE61n4iBD1FvSlmy1w+RFd+5xRXQEdj5Y2HU="},"lastRemoteEphemeralKey":"BcaUAKYcW1+oFr/ARjAUV5vBO3N1rnjO2d+7vOulPSFu","previousCounter":0,"rootKey":"CARvZ6xpMahGDoRp3icQLXVMcpGch+NF8YloBNmlfiI="},"indexInfo":{"baseKey":"BadFVo4akpY25daTKT3v8XWH6ADomkvwJfo+GS06GlUj","baseKeyType":1,"closed":-1,"used":1735192851302,"created":1735192851302,"remoteIdentityKey":"BeOdMk5K/k41LBUnNgzvzMWE5f4D6zpDc9dhMj9RYfcS"},"_chains":{"BQMpnuSaUIQXQdAOL+7JdVNnZIDEQlkr5yoOrqnWb/wC":{"chainKey":{"counter":0,"key":"9pRx8wOXzp1tsBgUGs+XX9yYIwROX2/35FUzwXRSgbE="},"chainType":1,"messageKeys":{}}},"pendingPreKey":{"signedKeyId":1,"baseKey":"BadFVo4akpY25daTKT3v8XWH6ADomkvwJfo+GS06GlUj"}}},"version":"v1"}