{"_sessions":{"BQJQtnU8oBcbEadMJ4q65SJknIurYxxHUY7nj74gAdxN":{"registrationId":791681203,"currentRatchet":{"ephemeralKeyPair":{"pubKey":"BTWhL5votUPgjNfGLLfZMb4FhrdwZ8XXQCR4vnEuboQ7","privKey":"cKd4hgQ36dt7ERp8lDP3wcwQLuJo6V+qo5ubljBQ62I="},"lastRemoteEphemeralKey":"Bdo1pG1VMsoJhw8HUcbIp8eYUl6k1+lAJsgZ/k/mNWoX","previousCounter":0,"rootKey":"i6d/x+9zVIMPtQ2ofm0gVk1K4lGbcoM2weH5Uddvb10="},"indexInfo":{"baseKey":"BQJQtnU8oBcbEadMJ4q65SJknIurYxxHUY7nj74gAdxN","baseKeyType":1,"closed":-1,"used":1735190225009,"created":1735190225009,"remoteIdentityKey":"BUgLn5I29+QDtJtRxipsnOsf+E07oSLKoXKZH3P1BtB9"},"_chains":{"BTWhL5votUPgjNfGLLfZMb4FhrdwZ8XXQCR4vnEuboQ7":{"chainKey":{"counter":2,"key":"t4wsjnLsTRNW648P3XFMIu6+CZzYx6NDz6oB+imGHCk="},"chainType":1,"messageKeys":{}}},"pendingPreKey":{"signedKeyId":5,"baseKey":"BQJQtnU8oBcbEadMJ4q65SJknIurYxxHUY7nj74gAdxN","preKeyId":1980154}}},"version":"v1"}