{"_sessions":{"Bchr7gZdIABVTAFUaxATb7XDaeFJiO+yYJ1byeTAfaAo":{"registrationId":242978054,"currentRatchet":{"ephemeralKeyPair":{"pubKey":"BeMa2JYRatzCK0zJUQuGNTKh/e8UFNftVtNk6o1fbrpM","privKey":"iDxG7q+wF4abAg/H5Ahv/2HXUvfcT9ImzyIWweMHAng="},"lastRemoteEphemeralKey":"BeiJAC6TOha6rkSKy38KLXS1MCsQVMck4As5bGd3Ea4L","previousCounter":0,"rootKey":"Ier5rgUxFq32YxZNJQ60k656RmZDzoOVpHt3MO3Wbwo="},"indexInfo":{"baseKey":"Bchr7gZdIABVTAFUaxATb7XDaeFJiO+yYJ1byeTAfaAo","baseKeyType":1,"closed":-1,"used":1735194550389,"created":1735194550389,"remoteIdentityKey":"BddVRYhzhK5NydnatA5EFTuJ4HQoOLDudtuUjctNbVdP"},"_chains":{"BeMa2JYRatzCK0zJUQuGNTKh/e8UFNftVtNk6o1fbrpM":{"chainKey":{"counter":0,"key":"lTtDUoDjwG7oqMcRZ/VdYHdAJzddGJ2BDqIsmE/rhwM="},"chainType":1,"messageKeys":{}}},"pendingPreKey":{"signedKeyId":0,"baseKey":"Bchr7gZdIABVTAFUaxATb7XDaeFJiO+yYJ1byeTAfaAo","preKeyId":6723086}}},"version":"v1"}