{"_sessions":{"BRqri4m8lILuCCBXCs+6LvXfZhMNx7uYI6o3/IN5fGUj":{"registrationId":221,"currentRatchet":{"ephemeralKeyPair":{"pubKey":"BWLBGBupxmXPwdjfqDk+ufJoYnd4bc+N604FyjaRyeQ7","privKey":"4B+m9lZqe2LGwMW4aRtCi3v9s4wiCTlPa9Yg4z/Iom8="},"lastRemoteEphemeralKey":"BUi+De2BsxVJXnuxHhn4nkEfbmgKjLL2+54IzIlTzzI0","previousCounter":0,"rootKey":"FllAKOF222qr88Y2lasbY1R0NvKkmcJGBqb/SWDYA8k="},"indexInfo":{"baseKey":"BRqri4m8lILuCCBXCs+6LvXfZhMNx7uYI6o3/IN5fGUj","baseKeyType":1,"closed":-1,"used":1735190198524,"created":1735190198524,"remoteIdentityKey":"BdqqYXDx0TeCNOWMRlpMBRuoAjWYWPS1FZMDuBRiP8cB"},"_chains":{"BWLBGBupxmXPwdjfqDk+ufJoYnd4bc+N604FyjaRyeQ7":{"chainKey":{"counter":1,"key":"+qZEKbu3saJ/ozwvLEMV1FuTx7Kysr/IUR1k5KlmlaE="},"chainType":1,"messageKeys":{}}},"pendingPreKey":{"signedKeyId":1,"baseKey":"BRqri4m8lILuCCBXCs+6LvXfZhMNx7uYI6o3/IN5fGUj"}}},"version":"v1"}