{"_sessions":{"Bbws6NoGvvk+tmzubHikH7TDfjibAznmVBe6WHJx5tVP":{"registrationId":2117343571,"currentRatchet":{"ephemeralKeyPair":{"pubKey":"BQIGMN5bISl5pqYsu6yOCAzPvBG00EJWjeEMEHoLcGFH","privKey":"YOBrUQ8eyP2hzPoeSOnImLZiX+baUQUqNlRHKszHlGA="},"lastRemoteEphemeralKey":"BYK4P9AKO4/ADhT4hjb61YIdBw2VZAgR8vyB4nJ0beBE","previousCounter":0,"rootKey":"J8KtkXWYnIyJHU++uQdSgZNlgWZohgmzawvpzrvE3+I="},"indexInfo":{"baseKey":"Bbws6NoGvvk+tmzubHikH7TDfjibAznmVBe6WHJx5tVP","baseKeyType":1,"closed":-1,"used":1735190224738,"created":1735190224738,"remoteIdentityKey":"BZUfeYWqcBU/8ATC6b90Tg68G7v2OO+vtXk/pRontIdL"},"_chains":{"BQIGMN5bISl5pqYsu6yOCAzPvBG00EJWjeEMEHoLcGFH":{"chainKey":{"counter":1,"key":"ReTDSBnyrfwhRJBOnYF1Jxig4obABX26+AWByc2RQSw="},"chainType":1,"messageKeys":{}}},"pendingPreKey":{"signedKeyId":4,"baseKey":"Bbws6NoGvvk+tmzubHikH7TDfjibAznmVBe6WHJx5tVP","preKeyId":15349909}}},"version":"v1"}