{"_sessions":{"BebK6hskh4T7az06232WzVMx2Anzd75rC6BKm2Ev+slX":{"registrationId":645769023,"currentRatchet":{"ephemeralKeyPair":{"pubKey":"BVY4S/Pm2pH7f9dupFkYHan16UnFA6x9av9qef5KJaxn","privKey":"IDb8nklnMtIVxZg1TOBAD8ShAoVQQ6pWwQiR1DJDdFQ="},"lastRemoteEphemeralKey":"BarvYvquJGnPnq8MQ2S44NbMG1vIv+lL6BaK4960Qahy","previousCounter":0,"rootKey":"bRd7iK0VV3CwsgrVL4f3U6pD925JM8K2r2ztPCkYI4c="},"indexInfo":{"baseKey":"BebK6hskh4T7az06232WzVMx2Anzd75rC6BKm2Ev+slX","baseKeyType":1,"closed":-1,"used":1735190251391,"created":1735190251391,"remoteIdentityKey":"BYIo+vvLeArAl6E3QlncU8mvnT5Kv1RMH9gJO3+ks78G"},"_chains":{"BVY4S/Pm2pH7f9dupFkYHan16UnFA6x9av9qef5KJaxn":{"chainKey":{"counter":1,"key":"j/0uy1Azxjp/icy6taOEXwJLIPrUHNzfnjnTc1Bo4e0="},"chainType":1,"messageKeys":{}}},"pendingPreKey":{"signedKeyId":0,"baseKey":"BebK6hskh4T7az06232WzVMx2Anzd75rC6BKm2Ev+slX"}}},"version":"v1"}