{"_sessions":{"BZn6L5hPWWUags23UT5CfBt2YW40ZZp/XVkq6+6tRGNS":{"registrationId":1552747644,"currentRatchet":{"ephemeralKeyPair":{"pubKey":"BQHw46ql2GGfewh4awImsmAIGQjRHb5murvHL0kfyhhy","privKey":"2HMWzVuhA0NMofY27u1tFjLXQMWVEDRHbdfT7nJdX30="},"lastRemoteEphemeralKey":"BQ/tmRSmO+V6afAdLtaCD4NYM+QCZRZrIl7emSgoh3Qd","previousCounter":0,"rootKey":"RvC34SbOpobwGtiZAD5sIB2DI1LvGTJaEQXT66f5ezE="},"indexInfo":{"baseKey":"BZn6L5hPWWUags23UT5CfBt2YW40ZZp/XVkq6+6tRGNS","baseKeyType":1,"closed":1735185655705,"used":1735185654937,"created":1735185654937,"remoteIdentityKey":"BQUexlySvgPPPJODS9Hep6dFYdO483/jKOCiaAhwGvcD"},"_chains":{"BQHw46ql2GGfewh4awImsmAIGQjRHb5murvHL0kfyhhy":{"chainKey":{"counter":-1,"key":"2N9TNoALxbYV6YHWVM2GLhxT+pOit1Vt9Np6ICSnFlI="},"chainType":1,"messageKeys":{}}},"pendingPreKey":{"signedKeyId":1,"baseKey":"BZn6L5hPWWUags23UT5CfBt2YW40ZZp/XVkq6+6tRGNS"}},"BenVN66qkrNcUSERVGfmlQJCm65q9Uqh1LNsFHYwfmYy":{"registrationId":1552747644,"currentRatchet":{"ephemeralKeyPair":{"pubKey":"BRKeQvNJtYzFxypzhX++XQlw8jtewFfMTotonj0wMBg+","privKey":"GM3gaZxezBX8a97sPhhTKCsuxWfHW4pe6OLiaudGaW8="},"lastRemoteEphemeralKey":"BQ/tmRSmO+V6afAdLtaCD4NYM+QCZRZrIl7emSgoh3Qd","previousCounter":0,"rootKey":"5ER3UryygJAeJ5BDOY8HdIMm5j6/3GAnmZ4RI29vM5o="},"indexInfo":{"baseKey":"BenVN66qkrNcUSERVGfmlQJCm65q9Uqh1LNsFHYwfmYy","baseKeyType":1,"closed":-1,"used":1735185655704,"created":1735185655704,"remoteIdentityKey":"BQUexlySvgPPPJODS9Hep6dFYdO483/jKOCiaAhwGvcD"},"_chains":{"BRKeQvNJtYzFxypzhX++XQlw8jtewFfMTotonj0wMBg+":{"chainKey":{"counter":1,"key":"N+WhEfs6j4Xdzm/Tlh3xDZnRbB8GYwIc/GLTVrqV+4c="},"chainType":1,"messageKeys":{}}},"pendingPreKey":{"signedKeyId":1,"baseKey":"BenVN66qkrNcUSERVGfmlQJCm65q9Uqh1LNsFHYwfmYy"}}},"version":"v1"}