{"_sessions":{"BSV4sPRGrD2wLIFSEejaeE5RzPOLMpiVKUmKY0lAmnop":{"registrationId":1131257553,"currentRatchet":{"ephemeralKeyPair":{"pubKey":"BSMQMGmDi6Tk4k7oT1izDLaQBMW78PE/ZXNO73ejBzUK","privKey":"sDQmlultfYK1rCPem/hnctlG62bz5DsCVWf2Sz8XYnY="},"lastRemoteEphemeralKey":"BYVtwZIVtOdNcEs6pdc+DYKU08FG/I6BnKOvoRiWRONJ","previousCounter":0,"rootKey":"tuNyqbzcXUt73hdipHaH6PVjAUTdZ3zrEAwYJpvoWQU="},"indexInfo":{"baseKey":"BSV4sPRGrD2wLIFSEejaeE5RzPOLMpiVKUmKY0lAmnop","baseKeyType":1,"closed":-1,"used":1735141697585,"created":1735141697585,"remoteIdentityKey":"BVK/3JWWZDS3pTYdY0BMMjmH/uFob8siBHd3UgmMQJtq"},"_chains":{"BSMQMGmDi6Tk4k7oT1izDLaQBMW78PE/ZXNO73ejBzUK":{"chainKey":{"counter":0,"key":"2cLbmd2pHjzI3qrdPILLJNirBwaZdMcVtu95qAGjzwM="},"chainType":1,"messageKeys":{}}},"pendingPreKey":{"signedKeyId":1,"baseKey":"BSV4sPRGrD2wLIFSEejaeE5RzPOLMpiVKUmKY0lAmnop","preKeyId":10530191}}},"version":"v1"}