{"_sessions":{"BcckpeyN4F9yUlYeMVzdjOTv8uU5icvK+mOfVsgIWQYa":{"registrationId":1633337409,"currentRatchet":{"ephemeralKeyPair":{"pubKey":"BaR2cdoHqyejginmE+8+JRnpdG3Ghk5M6AGnGVoUXPsW","privKey":"GAMMxknMPo/FY2qnuAzYeZURTrvp3VsnRRca2pX+324="},"lastRemoteEphemeralKey":"BQZNOjj6JtNIYDJSegTeHHzo5bYVUabslnThzPPSirAj","previousCounter":0,"rootKey":"LrrBxCcBN29ZP3CpwJXZv4GvVWo9B95ijh0bkZfTvDA="},"indexInfo":{"baseKey":"BcckpeyN4F9yUlYeMVzdjOTv8uU5icvK+mOfVsgIWQYa","baseKeyType":1,"closed":-1,"used":1735189998105,"created":1735189998105,"remoteIdentityKey":"BQnSWk0a+ZgW4OxSKDqNflhnaR5ku/kBei3dwhB2oGJC"},"_chains":{"BaR2cdoHqyejginmE+8+JRnpdG3Ghk5M6AGnGVoUXPsW":{"chainKey":{"counter":3,"key":"5jgmVEoyCOVSgLNLrhcpBadfx5Ar2z2WoaWP1a2qSW0="},"chainType":1,"messageKeys":{}}},"pendingPreKey":{"signedKeyId":4,"baseKey":"BcckpeyN4F9yUlYeMVzdjOTv8uU5icvK+mOfVsgIWQYa"}}},"version":"v1"}