{"_sessions":{"BXC07QQvsPu+YrOXIyIn+BVIfGgzbzvIP0gpNABDTClk":{"registrationId":1811325473,"currentRatchet":{"ephemeralKeyPair":{"pubKey":"BePXhncV6ReB1z8oIeCY0CpijaguQDTDC7j3ifnf5GM1","privKey":"sEV/FOojWserdp/HNm81OvCtdS0po7U6vhGIGFmzuEY="},"lastRemoteEphemeralKey":"BbvnlovLeJQ91NpWQakccN+0i7yNPopQxglL4zAnLaIh","previousCounter":0,"rootKey":"4mn+xHYWtyObbl5/N6k3t3J3wWl0trkAr+vNe1sj3Lk="},"indexInfo":{"baseKey":"BXC07QQvsPu+YrOXIyIn+BVIfGgzbzvIP0gpNABDTClk","baseKeyType":1,"closed":-1,"used":1735190122588,"created":1735190122588,"remoteIdentityKey":"Bcs/8eDgXAZUVtUDYZjQCIkK700X536GJgsBmE9UrTtS"},"_chains":{"BePXhncV6ReB1z8oIeCY0CpijaguQDTDC7j3ifnf5GM1":{"chainKey":{"counter":3,"key":"dsr8PqCZGjcaye1pC5BR92qduRc5BBosi0yXoj1Ve8I="},"chainType":1,"messageKeys":{}}},"pendingPreKey":{"signedKeyId":5,"baseKey":"BXC07QQvsPu+YrOXIyIn+BVIfGgzbzvIP0gpNABDTClk","preKeyId":2163035}}},"version":"v1"}