{"_sessions":{"BeaVM1qWqwRhH/B9e3MXmsCifd+CGNHWBDNZkB2om4d5":{"registrationId":1773731855,"currentRatchet":{"ephemeralKeyPair":{"pubKey":"BY33eASK4NpUTDllzF//pW/k7/R2ME2kllXm56PsExhT","privKey":"sKjMe21OVnBahawyFSkq16S+/BfJo8VZ0E0O3X2mBl0="},"lastRemoteEphemeralKey":"BWe1McC7RZ62zlw2fgDL09ebaPhYXpt3H1tEI0OpwDgs","previousCounter":0,"rootKey":"43uX3F1cvMHs/Qz7vt3QXR04BrAUQxUS6BsIVk/oXmU="},"indexInfo":{"baseKey":"BeaVM1qWqwRhH/B9e3MXmsCifd+CGNHWBDNZkB2om4d5","baseKeyType":1,"closed":-1,"used":1735190113488,"created":1735190113488,"remoteIdentityKey":"BakjBuZer2acSWaiNfL+o7C8wtnbhL16SfVhZ7lkF0Fn"},"_chains":{"BY33eASK4NpUTDllzF//pW/k7/R2ME2kllXm56PsExhT":{"chainKey":{"counter":1,"key":"5b+YtDnweSxq+PH8s2nbStxLhqFG/aracVc1lRMLXkQ="},"chainType":1,"messageKeys":{}}},"pendingPreKey":{"signedKeyId":2,"baseKey":"BeaVM1qWqwRhH/B9e3MXmsCifd+CGNHWBDNZkB2om4d5"}}},"version":"v1"}