{"_sessions":{"BSuoXRe2kXSEoAIDWgj3WouU+ohGSjh6SewN8LOemDpq":{"registrationId":1398951952,"currentRatchet":{"ephemeralKeyPair":{"pubKey":"Bb1Ut3Br4jpWBZ2z87FSVifC6uC8VXTLJch00r2574xG","privKey":"wOm+rzQrfZzXWv0b0qMbqY/ydUM72bouk/+uG/datXM="},"lastRemoteEphemeralKey":"BQ978BmGYm+NKCyYAD7jvYHBgT7hJT1ydzNQ81fP9rQQ","previousCounter":0,"rootKey":"Ec3ZcM8SlVJ+cxrHho8H8EOZmomaQbEE9ioS8hWjLHY="},"indexInfo":{"baseKey":"BSuoXRe2kXSEoAIDWgj3WouU+ohGSjh6SewN8LOemDpq","baseKeyType":1,"closed":-1,"used":1735230315548,"created":1735230315548,"remoteIdentityKey":"BVtKOWMEsVPZlCH/NxviH5u9HRo6eWmMjs6ptTtzPsMX"},"_chains":{"Bb1Ut3Br4jpWBZ2z87FSVifC6uC8VXTLJch00r2574xG":{"chainKey":{"counter":0,"key":"L/w3fbxe+sffAWWGj3kaYnV/9xBlH/2NIRrU+kaiLpk="},"chainType":1,"messageKeys":{}}},"pendingPreKey":{"signedKeyId":595015,"baseKey":"BSuoXRe2kXSEoAIDWgj3WouU+ohGSjh6SewN8LOemDpq","preKeyId":3279}}},"version":"v1"}