{"_sessions":{"Bf821ZvHHUWKFUnXNPx/8epwAuQIXfQcpyqyRvvhXOde":{"registrationId":1396423920,"currentRatchet":{"ephemeralKeyPair":{"pubKey":"BXranr12/96UmLg9NjniB1BLl06GNbZDCDXxH7dTLY1D","privKey":"AHGuD5kx80Ixxh1D7ALHHQ1Pw1gUkZK+338BS3kTgFM="},"lastRemoteEphemeralKey":"BTVD66Ijlqcg35qVvNu50aYnMT/VyzD+IexkeI7gzMgT","previousCounter":0,"rootKey":"NJgoTswtFxD+TT8Qia/s9r0R24vrLsolJUysm9Ccc9Q="},"indexInfo":{"baseKey":"Bf821ZvHHUWKFUnXNPx/8epwAuQIXfQcpyqyRvvhXOde","baseKeyType":1,"closed":-1,"used":1735190079307,"created":1735190079307,"remoteIdentityKey":"BcxrEdLibncFNiUiIEJ72LPafJy517AQZiqoodgiK3IW"},"_chains":{"BXranr12/96UmLg9NjniB1BLl06GNbZDCDXxH7dTLY1D":{"chainKey":{"counter":0,"key":"xzdO72AEbt30qlHjO/PzT6LaSZkSj5UObnk7r4JN7K8="},"chainType":1,"messageKeys":{}}},"pendingPreKey":{"signedKeyId":1,"baseKey":"Bf821ZvHHUWKFUnXNPx/8epwAuQIXfQcpyqyRvvhXOde"}}},"version":"v1"}