{"_sessions":{"BTu14dM01xhUv15A6PeI32I1LYdUzKoozSZIt3YEWkZ8":{"registrationId":202372742,"currentRatchet":{"ephemeralKeyPair":{"pubKey":"BUi/F9D4R6+DOdXA1ZFMbrBQCHIrs2nDWAwhUT2+GaMF","privKey":"2NQathsu73BXwSs2zzlD4gWzEOq7465C49WXyjdinlE="},"lastRemoteEphemeralKey":"BWjyPsRnTN5SLgQExIocb2Ex9s19M9FneurX/3vcIiV6","previousCounter":0,"rootKey":"6ojTyP4RINhu4MnjeXagiblODZfEyL8tdTwNJABA5tc="},"indexInfo":{"baseKey":"BTu14dM01xhUv15A6PeI32I1LYdUzKoozSZIt3YEWkZ8","baseKeyType":1,"closed":-1,"used":1735123665476,"created":1735123665476,"remoteIdentityKey":"BYRNu48ECHizOW5nDmptZScrjGfFJrtk0Uu3arMNiWMw"},"_chains":{"BUi/F9D4R6+DOdXA1ZFMbrBQCHIrs2nDWAwhUT2+GaMF":{"chainKey":{"counter":0,"key":"O22/cUxl4fYJlfyz4WG7wtpZVVyNAWkMJEd7xj1frPE="},"chainType":1,"messageKeys":{}}},"pendingPreKey":{"signedKeyId":17,"baseKey":"BTu14dM01xhUv15A6PeI32I1LYdUzKoozSZIt3YEWkZ8","preKeyId":16263636}}},"version":"v1"}