{"_sessions":{"BRjLpa5XD6bUjeGKTSd62EGjmHWLZHqsAhcElIUT+4hK":{"registrationId":63,"currentRatchet":{"ephemeralKeyPair":{"pubKey":"BaIW8k7D2njzyD4RcziJZWHTZ03zawEVlj5cHu3mKwVG","privKey":"ENfA0X0jcjWoE8gD8WCLp4WNGW/BVMHscFSc6yH7c0c="},"lastRemoteEphemeralKey":"BWGCeJWHHdk7FlSvtqmW+ALUozK/ZnMqxFUpQyVbVbEI","previousCounter":0,"rootKey":"TMvoBTD2ECJpblzvBvg9VlG2Nb0znEFsZyf6LjWnPFY="},"indexInfo":{"baseKey":"BRjLpa5XD6bUjeGKTSd62EGjmHWLZHqsAhcElIUT+4hK","baseKeyType":1,"closed":-1,"used":1735192860434,"created":1735192860434,"remoteIdentityKey":"BcdksjZB3qiATMuIlEs1enTXU+MQsnCawwPot1jQLcQL"},"_chains":{"BaIW8k7D2njzyD4RcziJZWHTZ03zawEVlj5cHu3mKwVG":{"chainKey":{"counter":0,"key":"o4F9TxLuDFE7jOj0iLp+HD8uQDm25FbFEGvpjjBD5Kg="},"chainType":1,"messageKeys":{}}},"pendingPreKey":{"signedKeyId":1,"baseKey":"BRjLpa5XD6bUjeGKTSd62EGjmHWLZHqsAhcElIUT+4hK"}}},"version":"v1"}