{"_sessions":{"BVeIQxAqmpJVBIT4a4i8w9c0iY0iRTZt3yYzy9jhqIxu":{"registrationId":240,"currentRatchet":{"ephemeralKeyPair":{"pubKey":"BY46qEb7PK6/4ayzaTI4236XJQmcs2H+ijCZYXbhdKgd","privKey":"UK3AVH7zprP6NrnFliIBxtDvRXfHsN9Dck5316eEY0M="},"lastRemoteEphemeralKey":"BSgn8sUWci2Sjdz0PRIogeBTtzqtREZeUgha9MHMIK9x","previousCounter":0,"rootKey":"XxnsTYJk1hZlyWM3kFdYa+sSh5tjTDYXPac8qBKZ7vw="},"indexInfo":{"baseKey":"BVeIQxAqmpJVBIT4a4i8w9c0iY0iRTZt3yYzy9jhqIxu","baseKeyType":1,"closed":-1,"used":1735230133241,"created":1735230133241,"remoteIdentityKey":"BUsFTKJZ2MeUzKGao+ndKHmTgNrLWrlzpZAB3108iH94"},"_chains":{"BY46qEb7PK6/4ayzaTI4236XJQmcs2H+ijCZYXbhdKgd":{"chainKey":{"counter":5,"key":"lTjoJL9k6LMbreYhKI7dDGuCaOlYhyqU/8vo2x9xe1c="},"chainType":1,"messageKeys":{}}},"pendingPreKey":{"signedKeyId":1,"baseKey":"BVeIQxAqmpJVBIT4a4i8w9c0iY0iRTZt3yYzy9jhqIxu"}}},"version":"v1"}