{"_sessions":{"BUkLo+fiQsn0cWM5TrGaUoIGfxVbTsr9/Qxf5zmDZAUj":{"registrationId":9006,"currentRatchet":{"ephemeralKeyPair":{"pubKey":"BSeftutQACOJJqFhmm6zu/k2ILGbq+j2Gyxel03zXixo","privKey":"eEpxZ3/kg3bO0WC+GPuo0naDHJr0U3wucbxMFOFYdlY="},"lastRemoteEphemeralKey":"BdZzPEWhrj8q/iDR4D2139dQQ8aeSvBucFbWOnR0c6hf","previousCounter":0,"rootKey":"21FSsys0MSaSd9eozm0B7yj+1Xt1YlSNl796FYyPiA4="},"indexInfo":{"baseKey":"BUkLo+fiQsn0cWM5TrGaUoIGfxVbTsr9/Qxf5zmDZAUj","baseKeyType":1,"closed":-1,"used":1735192846894,"created":1735192846894,"remoteIdentityKey":"BVHtEo05sKvmL5pxANC4sDT9wyt8Tvw6s+O0Rnn93LJu"},"_chains":{"BSeftutQACOJJqFhmm6zu/k2ILGbq+j2Gyxel03zXixo":{"chainKey":{"counter":0,"key":"mSskaQNB5T0gqauHHSUNYgrCwwQcKYByQ9rF3azlStw="},"chainType":1,"messageKeys":{}}},"pendingPreKey":{"signedKeyId":1,"baseKey":"BUkLo+fiQsn0cWM5TrGaUoIGfxVbTsr9/Qxf5zmDZAUj"}}},"version":"v1"}