{"_sessions":{"BRTGSh9lLyH2+e2oFaGJyoLfiEtza7k0mRtsVe7w2n1I":{"registrationId":240,"currentRatchet":{"ephemeralKeyPair":{"pubKey":"Bc7feHq9LhsU2OfOf0e11ebGREHl4b789bFAscU5iF8m","privKey":"aAnTPl6gmAFCI6Uu/r/j/tRgBTEBiSIlBOg/1CXIl0c="},"lastRemoteEphemeralKey":"BX+yOTznGXZKDZQijDVE/yOLQxxs9c9aANhO0px0/xlD","previousCounter":0,"rootKey":"HcoH3qFccXNJkw0st33wc3MuBEQ/HfoljP91TK36Gz0="},"indexInfo":{"baseKey":"BRTGSh9lLyH2+e2oFaGJyoLfiEtza7k0mRtsVe7w2n1I","baseKeyType":1,"closed":-1,"used":1735192851420,"created":1735192851420,"remoteIdentityKey":"BdaxYiq8/svo1K6Y/zGRqDzLKkULs1hSgphDixZ9IC9F"},"_chains":{"Bc7feHq9LhsU2OfOf0e11ebGREHl4b789bFAscU5iF8m":{"chainKey":{"counter":0,"key":"gvvyhNQ/sQJ7IlmCz0KYHr7PDg2vY4F69+WhWNRRw50="},"chainType":1,"messageKeys":{}}},"pendingPreKey":{"signedKeyId":1,"baseKey":"BRTGSh9lLyH2+e2oFaGJyoLfiEtza7k0mRtsVe7w2n1I"}}},"version":"v1"}