{"_sessions":{"BbLsjg0ZLhmmsu2j2sEJq+Jwo1E82t1hbYHikhpiUv0o":{"registrationId":648008264,"currentRatchet":{"ephemeralKeyPair":{"pubKey":"BXwUUtn2zmG6qHkcs/E81QIyoP3THfRJeu/WQG24lT4Y","privKey":"8FH9u2Zxz/QMgjz9dMDvoj6lKlQ0CBgMmTHp8mlk/lA="},"lastRemoteEphemeralKey":"BRDlFJ3PVA7aP5iqtCQQOc++pBfTouI0o0jMDftgCD8C","previousCounter":0,"rootKey":"dFTSON2lliwBIYT6bDvCc0IR1qjS2HD+lFdFTTe5sGY="},"indexInfo":{"baseKey":"BbLsjg0ZLhmmsu2j2sEJq+Jwo1E82t1hbYHikhpiUv0o","baseKeyType":1,"closed":-1,"used":1735190215247,"created":1735190215247,"remoteIdentityKey":"BfqdpI1dzn6jt81LJRG7OnwxwTKMbWCsB9VuaEEW1tB0"},"_chains":{"BXwUUtn2zmG6qHkcs/E81QIyoP3THfRJeu/WQG24lT4Y":{"chainKey":{"counter":1,"key":"qexp3Q6I5+AWp6LGmBzWl6kwE0X2oUUtFkIXpiad0LQ="},"chainType":1,"messageKeys":{}}},"pendingPreKey":{"signedKeyId":6,"baseKey":"BbLsjg0ZLhmmsu2j2sEJq+Jwo1E82t1hbYHikhpiUv0o","preKeyId":3898296}}},"version":"v1"}