{"_sessions":{"BaSjl71F+AlBhQMLTZ5uxnmuNH7/maeTWpioclYBIT0v":{"registrationId":1989204686,"currentRatchet":{"ephemeralKeyPair":{"pubKey":"BeXC/fXBuFUp6Avi+ZtFDDvRHS3KAFo2tO7KXvnjm65s","privKey":"+Mg8BQ0hsq2VpY+SlLzsxmpF6VQ7v5NuCZnvh4IA3ng="},"lastRemoteEphemeralKey":"BZW75Ujsf35aXyXlz+2KlQOBk2QVDy7tV7qgNC44JbhZ","previousCounter":0,"rootKey":"lh0P/TglLTuSMf+HZ6bJ9rIaH42yeDFrsnphJ3Bixd0="},"indexInfo":{"baseKey":"BaSjl71F+AlBhQMLTZ5uxnmuNH7/maeTWpioclYBIT0v","baseKeyType":1,"closed":-1,"used":1735192874679,"created":1735192874679,"remoteIdentityKey":"BeD1X0XvjGpFJ8wEAFUtQhbvRuIUV7G/HB6m3AIYtQEN"},"_chains":{"BeXC/fXBuFUp6Avi+ZtFDDvRHS3KAFo2tO7KXvnjm65s":{"chainKey":{"counter":0,"key":"VLm9T8KiKLo0zP07ra6KkfSCW4sgkFhLG9NIFcrU/Hk="},"chainType":1,"messageKeys":{}}},"pendingPreKey":{"signedKeyId":11,"baseKey":"BaSjl71F+AlBhQMLTZ5uxnmuNH7/maeTWpioclYBIT0v","preKeyId":100079}}},"version":"v1"}