{"_sessions":{"BdcHVTVTFFhKDxESQdsHJj5CFTAGaq4JQdD+ehN0Mb0/":{"registrationId":1053840491,"currentRatchet":{"ephemeralKeyPair":{"pubKey":"BZ8pmue1ilh1rpaGUMxfbdDm3DtCDD+d8TFrwiVA5vQ9","privKey":"yPixJfbGgrcxENK95vPCHjZx5AKRFe5/tsKLf52LQVk="},"lastRemoteEphemeralKey":"BYPtxnAlE7Upm1oWoRed5BUHLFBbSInSaTr+a5dBRIt6","previousCounter":0,"rootKey":"JUfFmozAlvMIc9agH1/aTTnVB3EcTzSw/MQQzvcsjGQ="},"indexInfo":{"baseKey":"BdcHVTVTFFhKDxESQdsHJj5CFTAGaq4JQdD+ehN0Mb0/","baseKeyType":1,"closed":-1,"used":1735194553275,"created":1735194553275,"remoteIdentityKey":"Bbt6Hn3oam26Jv7yiZeIgHH8dCl/R7YZ+U1wklC4YeNe"},"_chains":{"BZ8pmue1ilh1rpaGUMxfbdDm3DtCDD+d8TFrwiVA5vQ9":{"chainKey":{"counter":0,"key":"LmkcGj4UQqxCZTQwGRVhVzhyMdBWTnYo+mijzQ6kQYI="},"chainType":1,"messageKeys":{}}},"pendingPreKey":{"signedKeyId":1,"baseKey":"BdcHVTVTFFhKDxESQdsHJj5CFTAGaq4JQdD+ehN0Mb0/","preKeyId":7472520}}},"version":"v1"}