{"_sessions":{"BVgWaZhnLQHyrDU6zFtyze3gTj280BUcAvEt/mfmHrh+":{"registrationId":1919900413,"currentRatchet":{"ephemeralKeyPair":{"pubKey":"BYukvInIYeQ8MI9vPbRmxjNJ5ZfUUQatYgxW4qb2xGw6","privKey":"yDPSSAGOL/JHONkPtgTfqXuAZqkrCs5r0dJa3sU7+k4="},"lastRemoteEphemeralKey":"BV+d171HMc+QiXHmtxmjBoMccMlutWdKaOdRA6PioogD","previousCounter":0,"rootKey":"AZCFwXA8JRnq/xn/kKSTym+ht2JfrNSjBFw2y6Mo9mE="},"indexInfo":{"baseKey":"BVgWaZhnLQHyrDU6zFtyze3gTj280BUcAvEt/mfmHrh+","baseKeyType":1,"closed":-1,"used":1735123654469,"created":1735123654469,"remoteIdentityKey":"BVJdyQFyHekf7QKR1gUsjm9KIK7HbZJlN1rkpwFg19pB"},"_chains":{"BYukvInIYeQ8MI9vPbRmxjNJ5ZfUUQatYgxW4qb2xGw6":{"chainKey":{"counter":0,"key":"HH+7yAKQfNsC5lmLSTDUHQ4hViId7fjNltr5Fhf9mhk="},"chainType":1,"messageKeys":{}}},"pendingPreKey":{"signedKeyId":3,"baseKey":"BVgWaZhnLQHyrDU6zFtyze3gTj280BUcAvEt/mfmHrh+","preKeyId":7251295}}},"version":"v1"}