{"_sessions":{"BRu4wfbavdqVCFClXx+KGUN7BrgTOJtTD4Q4zNwrNkoh":{"registrationId":1479427824,"currentRatchet":{"ephemeralKeyPair":{"pubKey":"BWf+ptsY/qb6y0REQ3GolQiABwP50kLn0K894TE/KOlW","privKey":"0MgwrA+loaMNiK77xyX+9nTmSNVWlm8yMPaP0nqj3Xc="},"lastRemoteEphemeralKey":"BU3rKfnHjD4khbE0aFC7N0pVC/oCneJ90xx1Os/DiAp0","previousCounter":0,"rootKey":"QqvJ+11afSpRVlBCKzHJvGS+6yfMaffHR4lra0Wez6U="},"indexInfo":{"baseKey":"BRu4wfbavdqVCFClXx+KGUN7BrgTOJtTD4Q4zNwrNkoh","baseKeyType":1,"closed":-1,"used":1735190255661,"created":1735190255661,"remoteIdentityKey":"BZBbrBP55NoKGc+MUdOHIb91zCxOGD+lPdwRNI/Vi05P"},"_chains":{"BWf+ptsY/qb6y0REQ3GolQiABwP50kLn0K894TE/KOlW":{"chainKey":{"counter":2,"key":"C8IuJjsL+vhV19n2pLFQ3THbf+ba1bXlVOjIuo8l/rQ="},"chainType":1,"messageKeys":{}}},"pendingPreKey":{"signedKeyId":0,"baseKey":"BRu4wfbavdqVCFClXx+KGUN7BrgTOJtTD4Q4zNwrNkoh","preKeyId":14658068}}},"version":"v1"}