{"_sessions":{"BUacUDGF2e7psOJOp4pJVYCrNnItObbxifcB2tpiT+UG":{"registrationId":4326,"currentRatchet":{"ephemeralKeyPair":{"pubKey":"BTFTehbTGwXkvIjDjfObrSvZ92O/Jo85ossNJjjLF0Ek","privKey":"6IqNrfyTqsvVaNdHQzQyEe5aZGQkQBpLu/yS0sioGnc="},"lastRemoteEphemeralKey":"BX/T9Yn8dZlgQ4QkSNxl7VN14SHK0gswppSDryFvb20i","previousCounter":0,"rootKey":"AhSIvBKq2yJc+czVlEFivugz2zXlks1TuBKphwMGRhQ="},"indexInfo":{"baseKey":"BUacUDGF2e7psOJOp4pJVYCrNnItObbxifcB2tpiT+UG","baseKeyType":1,"closed":-1,"used":1735123660998,"created":1735123660998,"remoteIdentityKey":"BaQdOx6IeKd+zgeCv+VBi4F+0LEjjbIFS4BVHtoowUcN"},"_chains":{"BTFTehbTGwXkvIjDjfObrSvZ92O/Jo85ossNJjjLF0Ek":{"chainKey":{"counter":0,"key":"mVGhWcV5iVFf+H0iRllId0HbYoUow/RPf1v41rF9ds0="},"chainType":1,"messageKeys":{}}},"pendingPreKey":{"signedKeyId":1,"baseKey":"BUacUDGF2e7psOJOp4pJVYCrNnItObbxifcB2tpiT+UG"}}},"version":"v1"}