{"_sessions":{"BeLoxBuAnkbJfdvmgupmlYyotshAGsOmTnyU7ALZ3cli":{"registrationId":1895012141,"currentRatchet":{"ephemeralKeyPair":{"pubKey":"BfSys0VJ/NMBBk70YPLkD4/RUfueaNFIHlKECbfx+rUV","privKey":"MJ+RsnPN+Uz9s5KuxaP06lDG9m5pkfS/mSEC2VSsxEU="},"lastRemoteEphemeralKey":"Bd5RxyVmZPwftoRgsdzdfQPZubZeTFdAKjO61mavWu8X","previousCounter":0,"rootKey":"GVaWzbqGKwjuRz/13J1F73CZckriUcX85NzurkCUHQY="},"indexInfo":{"baseKey":"BeLoxBuAnkbJfdvmgupmlYyotshAGsOmTnyU7ALZ3cli","baseKeyType":1,"closed":1735193824344,"used":1735192807646,"created":1735192807646,"remoteIdentityKey":"BVbOGWWD9WHCu84QWaTa6EDR6rxP6uT3N9gebqQBO9QP"},"_chains":{"BfSys0VJ/NMBBk70YPLkD4/RUfueaNFIHlKECbfx+rUV":{"chainKey":{"counter":1,"key":"mSjT3JJbfD7obhN61iYLgo7fb2oD2GMQNzt20dzJ50I="},"chainType":1,"messageKeys":{}}},"pendingPreKey":{"signedKeyId":1,"baseKey":"BeLoxBuAnkbJfdvmgupmlYyotshAGsOmTnyU7ALZ3cli","preKeyId":1431045}},"BdZcKF8HenR8y+UKJPPp0DFwTr47oXbQklB7NMHMwkYB":{"registrationId":1895012141,"currentRatchet":{"ephemeralKeyPair":{"pubKey":"BYiAebXiFwEDqIZuG+EfeqU162ItVA7+8NwopFTOKqRt","privKey":"OBpTuWZv+5YcCnW1qcrb33sYewra9H71xUUAh6vM00o="},"lastRemoteEphemeralKey":"Bbr+wZ3yYRFtWcd2moKxxU6J+MWugsWL75dO85VKF8xx","previousCounter":0,"rootKey":"3wm4sf80i39AntzPS5sv9uEstcBZSHghKn+NzZvPIBM="},"indexInfo":{"baseKey":"BdZcKF8HenR8y+UKJPPp0DFwTr47oXbQklB7NMHMwkYB","baseKeyType":2,"closed":-1,"used":1735193824351,"created":1735193824351,"remoteIdentityKey":"BVbOGWWD9WHCu84QWaTa6EDR6rxP6uT3N9gebqQBO9QP"},"_chains":{"Bbr+wZ3yYRFtWcd2moKxxU6J+MWugsWL75dO85VKF8xx":{"chainKey":{"counter":1,"key":"/2lCUYUZZTpmdlGaoffmMNZmISMv5UiwwTvvo+xmXxg="},"chainType":2,"messageKeys":{"0":"d+8FbnNQQZSWewfYNnSmFc7HGvQotyFZzrFVrJiJGNA="}},"BYiAebXiFwEDqIZuG+EfeqU162ItVA7+8NwopFTOKqRt":{"chainKey":{"counter":15,"key":"AOzMHVppGweBMSuXE9+16Nw+eCDIAnnikP4ql2jXWxI="},"chainType":1,"messageKeys":{}}}}},"version":"v1"}