{"_sessions":{"BbGuydUdzP/suVfvniYBTbW/5DgFXqhle5e8oHgdTGsY":{"registrationId":1177187143,"currentRatchet":{"ephemeralKeyPair":{"pubKey":"BQjTQJ9G62wUVVWkmFO/h8F0GNCjrGgtHjEUlOphl/gt","privKey":"uDhG2313Xrp8OqUkkPqnFTpi4lkVNWcouhaeF+Eeiko="},"lastRemoteEphemeralKey":"Bblua9vvieu/7r9gleZzB/mVnQ+f2+hJfXfLWBRX4Fd/","previousCounter":0,"rootKey":"N85GIDHkv9hGr2QIAvlOe1wnqoJMbgnUrck3kugWBTs="},"indexInfo":{"baseKey":"BbGuydUdzP/suVfvniYBTbW/5DgFXqhle5e8oHgdTGsY","baseKeyType":1,"closed":-1,"used":1735230338621,"created":1735230338621,"remoteIdentityKey":"BamFqIf2uURvhiidnXybtEBVWwh/QBj+dqHOOhWbFepY"},"_chains":{"BQjTQJ9G62wUVVWkmFO/h8F0GNCjrGgtHjEUlOphl/gt":{"chainKey":{"counter":0,"key":"rZgGIRixbwb6I7wjQiimwmv6FnUkIVlTedVbmtzrQ3k="},"chainType":1,"messageKeys":{}}},"pendingPreKey":{"signedKeyId":0,"baseKey":"BbGuydUdzP/suVfvniYBTbW/5DgFXqhle5e8oHgdTGsY","preKeyId":12972074}}},"version":"v1"}