{"_sessions":{"BQOco7U7xDRrMZBoEM7b0jn+Y48plmEGDwCjyeuWXKFk":{"registrationId":925467634,"currentRatchet":{"ephemeralKeyPair":{"pubKey":"BV2/JmsXUZeQS3DkRovdLjU5qa4kzWZri7G0iv64+IAM","privKey":"kOEmSSuFQbiykQTZtKVwlDcaMk9PsjFrRQjUuBS8LVc="},"lastRemoteEphemeralKey":"BaEyZKE2kIKZJJ+c+KAgAEZa1WLU+ycRwgpTCiYool91","previousCounter":0,"rootKey":"+KG3WTvODc0gi9NFxBzptJETe2nC9drLRtgKmtULC08="},"indexInfo":{"baseKey":"BQOco7U7xDRrMZBoEM7b0jn+Y48plmEGDwCjyeuWXKFk","baseKeyType":1,"closed":-1,"used":1735123622602,"created":1735123622602,"remoteIdentityKey":"Bf8vW6qvzSJAeMurTrbzsYVk2tHu2h81eBt7WowaR3QE"},"_chains":{"BV2/JmsXUZeQS3DkRovdLjU5qa4kzWZri7G0iv64+IAM":{"chainKey":{"counter":0,"key":"KI8ojq4Ofu05ptu97FlZ/4IePpVkuxq/AW1sZsHD5DA="},"chainType":1,"messageKeys":{}}},"pendingPreKey":{"signedKeyId":2,"baseKey":"BQOco7U7xDRrMZBoEM7b0jn+Y48plmEGDwCjyeuWXKFk","preKeyId":10315312}}},"version":"v1"}