{"_sessions":{"BeHkcr5TsG/m2Vfl7lCrpqBMC1LO9dwyoWw7GbMk2cAW":{"registrationId":371427605,"currentRatchet":{"ephemeralKeyPair":{"pubKey":"BT0/8l/Cabt5A7m8wax6TZT0H/noTKeBtVcksnd6tEw+","privKey":"ULWSFsrYk5m1lKW1uQBTnQ1ngyEowYoj4jmfUt+EBGw="},"lastRemoteEphemeralKey":"BWv0wWhB6hwqup1lC9AO++yE8VWWB9ews+4wzoxYmwA1","previousCounter":0,"rootKey":"TCPV6SJO9vcTHzzoGMTPTD1PQcRsQ18A2E4cc2gG+GM="},"indexInfo":{"baseKey":"BeHkcr5TsG/m2Vfl7lCrpqBMC1LO9dwyoWw7GbMk2cAW","baseKeyType":1,"closed":-1,"used":1735230338687,"created":1735230338687,"remoteIdentityKey":"Bfqo1BfC9K+flm9oJA/13MvurIQXaG+jct2slo3Mu3FG"},"_chains":{"BT0/8l/Cabt5A7m8wax6TZT0H/noTKeBtVcksnd6tEw+":{"chainKey":{"counter":0,"key":"45aGBpEU5+dIBtrJxYlSeBFiP04/E2onVxWER9sR96g="},"chainType":1,"messageKeys":{}}},"pendingPreKey":{"signedKeyId":4,"baseKey":"BeHkcr5TsG/m2Vfl7lCrpqBMC1LO9dwyoWw7GbMk2cAW","preKeyId":15691629}}},"version":"v1"}