{"_sessions":{"BakxagubHGgMguxYmhapEdW1qZMM7uuEYvtm8mc46etT":{"registrationId":170440027,"currentRatchet":{"ephemeralKeyPair":{"pubKey":"BW9+UxUBpFzc6Hw2/BRrK9FBrY4B8YlPC7BaWcdwDsEH","privKey":"sK8ROVDtowRddtiE2YMUI6SpdXU5TNVZGHC34kBxKEA="},"lastRemoteEphemeralKey":"BZOIr5UZkivomDy7/5JIOKnS08I+x7dFSkovtYIZwLUH","previousCounter":0,"rootKey":"QYFpf2e1oyV+Nml+HCan9t765D+BCpSwfCTcNPqRGlQ="},"indexInfo":{"baseKey":"BakxagubHGgMguxYmhapEdW1qZMM7uuEYvtm8mc46etT","baseKeyType":1,"closed":-1,"used":1735123665445,"created":1735123665445,"remoteIdentityKey":"BaTFLPJo3xb7D0udwlDx3vedJSQ5Qyz4znh8Z08iqFgU"},"_chains":{"BW9+UxUBpFzc6Hw2/BRrK9FBrY4B8YlPC7BaWcdwDsEH":{"chainKey":{"counter":0,"key":"wWBW3N1xiusL0Yk36d7wqxTEjODPZMETQET8slrKNAk="},"chainType":1,"messageKeys":{}}},"pendingPreKey":{"signedKeyId":9,"baseKey":"BakxagubHGgMguxYmhapEdW1qZMM7uuEYvtm8mc46etT","preKeyId":3566938}}},"version":"v1"}