{"_sessions":{"BQq6VgLExpZc7sWc3eEvftBixE6OvUbjjBAQ6HP67bUi":{"registrationId":38,"currentRatchet":{"ephemeralKeyPair":{"pubKey":"Bf/AIWiZhgZf2Ugp9Mi2MG/5SGYt9KfWmRew6T/UFIxu","privKey":"QMhbLRe8fulbAfwxViy+UvePAHEckEd+xNzKlorc0HU="},"lastRemoteEphemeralKey":"BX6XgAL1+973nafURMUoOT3NeRuPk9AZyT7LPRzFkY5E","previousCounter":0,"rootKey":"VRIHRUWsVKnhuRlJF1G81y3fB2iNMV5hy+zd0Akqyv4="},"indexInfo":{"baseKey":"BQq6VgLExpZc7sWc3eEvftBixE6OvUbjjBAQ6HP67bUi","baseKeyType":1,"closed":-1,"used":1735190207617,"created":1735190207617,"remoteIdentityKey":"BRh60Jw3gQfX/PMcVVt1QG5F1Dzt0K8Zz/7CNaoCCU4y"},"_chains":{"Bf/AIWiZhgZf2Ugp9Mi2MG/5SGYt9KfWmRew6T/UFIxu":{"chainKey":{"counter":1,"key":"pVIeTXWbbsD/ArsJ+Hhy7aesh6kpnUtiFvfy4yGSNv0="},"chainType":1,"messageKeys":{}}},"pendingPreKey":{"signedKeyId":1,"baseKey":"BQq6VgLExpZc7sWc3eEvftBixE6OvUbjjBAQ6HP67bUi"}}},"version":"v1"}