{"_sessions":{"BbVt84Onlc4jMHObyBYqhUr3fKkASScjwvzDDPAZd+lb":{"registrationId":1022722952,"currentRatchet":{"ephemeralKeyPair":{"pubKey":"BSHWc8w0vlaayd0gdpETlkgKqFdqLTsmNWMyBXUAUsQi","privKey":"6JCQ0D68hJOgFuVKdYr6vjVl69Ku75zEBxIv9XAhYmo="},"lastRemoteEphemeralKey":"BWWmMAZCuUWoSpQAOELnzBvaQfx9qYQHENDdupDhAzAM","previousCounter":0,"rootKey":"/x0L0iU8MfsCEXZglmxI9oOjpfR7Gxo0oKSJi6WQdns="},"indexInfo":{"baseKey":"BbVt84Onlc4jMHObyBYqhUr3fKkASScjwvzDDPAZd+lb","baseKeyType":1,"closed":-1,"used":1735230306635,"created":1735230306635,"remoteIdentityKey":"BTmoSL4+lz3FMSizyfTQJHdfVqjYZ1ioikSa/4QJhHZX"},"_chains":{"BSHWc8w0vlaayd0gdpETlkgKqFdqLTsmNWMyBXUAUsQi":{"chainKey":{"counter":0,"key":"hO4TGwRgQQwWWhxEykvGqvXlRqGtB7RZioK+3kAD5dk="},"chainType":1,"messageKeys":{}}},"pendingPreKey":{"signedKeyId":8,"baseKey":"BbVt84Onlc4jMHObyBYqhUr3fKkASScjwvzDDPAZd+lb","preKeyId":13231905}}},"version":"v1"}