{"_sessions":{"BQY2CtxEWqbKxCpH5nrG2gYSgnvC1PAwZwu2v+0CXXFW":{"registrationId":2086473955,"currentRatchet":{"ephemeralKeyPair":{"pubKey":"BQgtXD/at9yn8nGNCB9I9G6TZZGpleVFrOhw882iIhY9","privKey":"8MNYYkTMTfdN1Q8GYAxrxy1JzZ0wt3rBML6oE11cS1Q="},"lastRemoteEphemeralKey":"BfrpHpYRDGitnojvWolhjVeSxf11BiPprFK4ihksTHph","previousCounter":0,"rootKey":"qumLLKw7/D4MS74dIEq3uxD0ljvsNO+uUOF7ZkzUU1M="},"indexInfo":{"baseKey":"BQY2CtxEWqbKxCpH5nrG2gYSgnvC1PAwZwu2v+0CXXFW","baseKeyType":1,"closed":-1,"used":1735123622628,"created":1735123622628,"remoteIdentityKey":"BUIcg/N0oAfQODiqVxYJR8RNIO3KfnQ2XRG3k01zQNo8"},"_chains":{"BQgtXD/at9yn8nGNCB9I9G6TZZGpleVFrOhw882iIhY9":{"chainKey":{"counter":0,"key":"W+xItpwQPMAv/kKD5W0luxD0tqCI2SpYu8oqYZaK7uA="},"chainType":1,"messageKeys":{}}},"pendingPreKey":{"signedKeyId":0,"baseKey":"BQY2CtxEWqbKxCpH5nrG2gYSgnvC1PAwZwu2v+0CXXFW"}}},"version":"v1"}