{"_sessions":{"BWXI1WwKhl8zUuC9xtseY+bsIwElL5in57DWffCBPZ4z":{"registrationId":139358260,"currentRatchet":{"ephemeralKeyPair":{"pubKey":"BQKG859+NVldd4YEmMNJnWdOJCycUGGrjWUOkcGAyZxd","privKey":"wIMgwBn0iUawhrfyLcZo05LTbIXYQUdMaypu0EZXWko="},"lastRemoteEphemeralKey":"BfLE7OQ8yfb7R+Dazh7sL95rfV3qNOrvy9TKL4W6y9ET","previousCounter":0,"rootKey":"U8GAx8v3PFzsLDk3JLJXmrjtLXdgbrfUNoPG2kxCrvI="},"indexInfo":{"baseKey":"BWXI1WwKhl8zUuC9xtseY+bsIwElL5in57DWffCBPZ4z","baseKeyType":1,"closed":-1,"used":1735123638429,"created":1735123638429,"remoteIdentityKey":"BaNmHhza6wRqgt2+Li+CwTqnPYlJMa5rMohfLiZLc2BB"},"_chains":{"BQKG859+NVldd4YEmMNJnWdOJCycUGGrjWUOkcGAyZxd":{"chainKey":{"counter":0,"key":"VyrkroB8ytaiUqv3MyqRtNm6MNv1t+mWgUcmM178C50="},"chainType":1,"messageKeys":{}}},"pendingPreKey":{"signedKeyId":0,"baseKey":"BWXI1WwKhl8zUuC9xtseY+bsIwElL5in57DWffCBPZ4z"}}},"version":"v1"}