{"_sessions":{"BbrrbFyq8bF1hfsrfOA32T3ENnJLb+I1gCqJA03uaoV4":{"registrationId":904598887,"currentRatchet":{"ephemeralKeyPair":{"pubKey":"Bbf8+MVX+Gx1+NmNS+EpfqlzRQOZvLnb7nIDVjzw2r0L","privKey":"OI5WgqZ4nfoRxZZ46tlo1kxcz6kearPjnMxvOzks7EE="},"lastRemoteEphemeralKey":"BZAcBmpygL48wR5BMy2idboQLFs7u7+5+yauzhzXfFhL","previousCounter":0,"rootKey":"Y+Hu7I3xrqSlZ5SPgPz1kfs4hJYVe79/BZoPjPWhyMs="},"indexInfo":{"baseKey":"BbrrbFyq8bF1hfsrfOA32T3ENnJLb+I1gCqJA03uaoV4","baseKeyType":1,"closed":-1,"used":1735190096141,"created":1735190096141,"remoteIdentityKey":"BbWCfXL5vE/PiW5PrXhpyDMLfRjEVHeXsWl/nz6I66QV"},"_chains":{"Bbf8+MVX+Gx1+NmNS+EpfqlzRQOZvLnb7nIDVjzw2r0L":{"chainKey":{"counter":0,"key":"vjdE3EFp2r2+r6lC6oar2iLEiMBFbF1EvZ5xDqRIbkI="},"chainType":1,"messageKeys":{}}},"pendingPreKey":{"signedKeyId":1,"baseKey":"BbrrbFyq8bF1hfsrfOA32T3ENnJLb+I1gCqJA03uaoV4","preKeyId":10950090}}},"version":"v1"}