{"_sessions":{"BQLKCxxUsVya17MHhWJAJvyxQhd0FvA6GoCCriI9L/EK":{"registrationId":18,"currentRatchet":{"ephemeralKeyPair":{"pubKey":"BWS8faGP9s4wTodCNaTIQkgmIDSLhqW5OBGNnyxswINo","privKey":"wNUsVMtjFZi9I1+13ynoQI5dh2yOKOd4avRjIVZMV0k="},"lastRemoteEphemeralKey":"BcOANbv3z98f0Oe7JYS7h6Qm9AAw46jwSRTyeibIU3tS","previousCounter":0,"rootKey":"8FqDbV4rPmzwhnW7F8cMMiuB4zNWZ5gbpIY4GjAAfvM="},"indexInfo":{"baseKey":"BQLKCxxUsVya17MHhWJAJvyxQhd0FvA6GoCCriI9L/EK","baseKeyType":1,"closed":-1,"used":1735190211836,"created":1735190211836,"remoteIdentityKey":"BaC3UW+jJz87JlTPmpA1OoBYYF4xWGAXSckQm8i0wrY3"},"_chains":{"BWS8faGP9s4wTodCNaTIQkgmIDSLhqW5OBGNnyxswINo":{"chainKey":{"counter":1,"key":"qTYDwJ1rkFvLLQy3lB6rGa0zXiMQG9JikbcTUFZXYCI="},"chainType":1,"messageKeys":{}}},"pendingPreKey":{"signedKeyId":1,"baseKey":"BQLKCxxUsVya17MHhWJAJvyxQhd0FvA6GoCCriI9L/EK"}}},"version":"v1"}