{"_sessions":{"BTZELjoILLz8WgKGnQNIQ90Xf12DdZRA7JfBzKU/1/cU":{"registrationId":183,"currentRatchet":{"ephemeralKeyPair":{"pubKey":"Be5N1Ty6dmnoWyraazGF0SMnXeFqE/bYBU0b5uuB9lNT","privKey":"mC0OXhNGkgffsNaImRKr4wMc23Sf/0QB1Vaqq4Bvilw="},"lastRemoteEphemeralKey":"BZFrBJO6g2ldleth6QSycCVbstHZNsh5Vs6cCby44NJn","previousCounter":0,"rootKey":"c2q8OZi14ApPNIZ1QRCHwo4wV8R0Yr2USCuwso7eTT8="},"indexInfo":{"baseKey":"BTZELjoILLz8WgKGnQNIQ90Xf12DdZRA7JfBzKU/1/cU","baseKeyType":1,"closed":-1,"used":1735194704372,"created":1735194704372,"remoteIdentityKey":"BTXlnoiKIAF4PnMtMjMDPdViydi6dA+QQxj61q3XlsNw"},"_chains":{"Be5N1Ty6dmnoWyraazGF0SMnXeFqE/bYBU0b5uuB9lNT":{"chainKey":{"counter":0,"key":"irWRwuKqwGlyfdxSnkF5sUToUe8s07eH6Sb+Rgzo5mM="},"chainType":1,"messageKeys":{}}},"pendingPreKey":{"signedKeyId":1,"baseKey":"BTZELjoILLz8WgKGnQNIQ90Xf12DdZRA7JfBzKU/1/cU"}}},"version":"v1"}