{"_sessions":{"BZV865+gKItprC72K89UqVD28NNflz4M7DHh3ei5vOBm":{"registrationId":232463039,"currentRatchet":{"ephemeralKeyPair":{"pubKey":"BQ8uKFI7Fb0UZZgV9poqWd6HAdbc+GpJbYn6Gn7fl1wI","privKey":"MKVwiRYcfwzBms0TscHtB+TMr9mu5Dr0uxRUo4sgmWA="},"lastRemoteEphemeralKey":"BXQpZPPjCTl/Eel9IaAWvuZc3Du7OwtFXMYIzx5E+y5+","previousCounter":0,"rootKey":"ed23O1CqBm1KczIHVditGqDSpMHEM6b8SaHbhf3AxRM="},"indexInfo":{"baseKey":"BZV865+gKItprC72K89UqVD28NNflz4M7DHh3ei5vOBm","baseKeyType":1,"closed":-1,"used":1735123654566,"created":1735123654566,"remoteIdentityKey":"BbQ12+Q8mrgaRNsHZtRYPhIJUqicF4k9l1ham9rdQF5K"},"_chains":{"BQ8uKFI7Fb0UZZgV9poqWd6HAdbc+GpJbYn6Gn7fl1wI":{"chainKey":{"counter":0,"key":"xSzqg8pHw3X0JAq9fwgsUJonulOHH7WM26f7f3483h4="},"chainType":1,"messageKeys":{}}},"pendingPreKey":{"signedKeyId":0,"baseKey":"BZV865+gKItprC72K89UqVD28NNflz4M7DHh3ei5vOBm"}}},"version":"v1"}