{"_sessions":{"Bbnws09JpOjjcNOKEeEKMmyKh8UWrkIgHjFCCohAJ5YT":{"registrationId":2016178091,"currentRatchet":{"ephemeralKeyPair":{"pubKey":"BYpd9tW6FwZxJWrEc/Rt+sOAZN3HEWDh4I24D+DYgLpe","privKey":"CPUaZV4MR1/v0lRHl4FCACTJtl7fUoSWy6sBKl91YGM="},"lastRemoteEphemeralKey":"BTzMd1fy5LCIh9wy3nTNWNP10SEOGLjuwn07E56VbsMJ","previousCounter":0,"rootKey":"TQ6bYCTa3B/dDoJ5ihiSmV29JtVSnKHlDPX5gvVcc5w="},"indexInfo":{"baseKey":"Bbnws09JpOjjcNOKEeEKMmyKh8UWrkIgHjFCCohAJ5YT","baseKeyType":1,"closed":-1,"used":1735123656071,"created":1735123656071,"remoteIdentityKey":"BXsSLBwl4XCS7MWUjeTKnimRTZHX4qVdDpkiG75WrtxS"},"_chains":{"BYpd9tW6FwZxJWrEc/Rt+sOAZN3HEWDh4I24D+DYgLpe":{"chainKey":{"counter":0,"key":"1qBlKG2ewGD8XSfDfY28m+bSza3gxwGSAaYK35ZPy5M="},"chainType":1,"messageKeys":{}}},"pendingPreKey":{"signedKeyId":8,"baseKey":"Bbnws09JpOjjcNOKEeEKMmyKh8UWrkIgHjFCCohAJ5YT","preKeyId":5482786}}},"version":"v1"}