{"_sessions":{"BSNy9yc6r394JI6IvwaA6oU75FlXZSGkbJmCnbqv7gBN":{"registrationId":211,"currentRatchet":{"ephemeralKeyPair":{"pubKey":"BU9UR2EK8lCUr8swNIDLiKV7Pc8yvW8WLAeYjVUJwlhx","privKey":"qE7R6W/8MDfY6GeaFuIxPhc5Iayu9uueKYddkOd3+Wc="},"lastRemoteEphemeralKey":"BXWUJUPv2yiZ3y7Jexqc5lrEbYOgRG9TKFHgZw/by0Z0","previousCounter":0,"rootKey":"IYf+MDrRUiiA6IZ3mraRGZAATQ3gifh0zZ2lINChMuQ="},"indexInfo":{"baseKey":"BSNy9yc6r394JI6IvwaA6oU75FlXZSGkbJmCnbqv7gBN","baseKeyType":1,"closed":-1,"used":1735186404798,"created":1735186404798,"remoteIdentityKey":"BYo9/4oQBZDt+7ZdX5Nb8WIlJfgoNi4oZ46bA1s4MOEE"},"_chains":{"BU9UR2EK8lCUr8swNIDLiKV7Pc8yvW8WLAeYjVUJwlhx":{"chainKey":{"counter":23,"key":"608541ZP2VaW+SHQNSmQ1YvHmeYI1a6fpyRI+j3Mnqg="},"chainType":1,"messageKeys":{}}},"pendingPreKey":{"signedKeyId":1,"baseKey":"BSNy9yc6r394JI6IvwaA6oU75FlXZSGkbJmCnbqv7gBN"}}},"version":"v1"}