{"_sessions":{"BZvn2ea7EaD0aQEMJVJ0BvWQMquXJdr5h3vehQCRW1JU":{"registrationId":108301347,"currentRatchet":{"ephemeralKeyPair":{"pubKey":"BbZRqd09AJ742iWy1gCQsnpqalmLL39iEcBpqo/V6FcX","privKey":"2LTm7TJ0WetGsAvCwKAJLQJSp1kn0mn2qkwrZkZOHGs="},"lastRemoteEphemeralKey":"BXaXtF6JzJjX5vCJcjS+CJ3oLqY8xKKZKjN02uSsCX4p","previousCounter":0,"rootKey":"YSpjFR8AT+RUepva/tKDmwqCBWdRmlZpGficYlmz5/Y="},"indexInfo":{"baseKey":"BZvn2ea7EaD0aQEMJVJ0BvWQMquXJdr5h3vehQCRW1JU","baseKeyType":1,"closed":-1,"used":1735190242958,"created":1735190242958,"remoteIdentityKey":"BYFNc0LPjVwPeSWSY6PskZKiNwRT7frkH9rk/Rnj7tMo"},"_chains":{"BbZRqd09AJ742iWy1gCQsnpqalmLL39iEcBpqo/V6FcX":{"chainKey":{"counter":1,"key":"vKHkOBBfcP/+2SK8+A3+tsSkNsmjN8EN75ytfNCqgOc="},"chainType":1,"messageKeys":{}}},"pendingPreKey":{"signedKeyId":1,"baseKey":"BZvn2ea7EaD0aQEMJVJ0BvWQMquXJdr5h3vehQCRW1JU"}}},"version":"v1"}