{"_sessions":{"BZtjesCwZ47FUL6aXWE/WL2w5owM0+NK6kXEABs6e1Eh":{"registrationId":894438146,"currentRatchet":{"ephemeralKeyPair":{"pubKey":"BTejcpwA7kqtQDc31THEy322cxbJRQk0J4U/K0y4kmY/","privKey":"8GpyBPqJk0YaVKM+0n4esGEQhT8Kp+kdqIJ7fMqYMXA="},"lastRemoteEphemeralKey":"BTC5N8KY5aO1S4y/ydqdefDP9LygujIvUuqzt3iP97ha","previousCounter":0,"rootKey":"LvGLNuenYUq2KgViME1NTYgcOnERQi/gtC1Ae6jdz/w="},"indexInfo":{"baseKey":"BZtjesCwZ47FUL6aXWE/WL2w5owM0+NK6kXEABs6e1Eh","baseKeyType":1,"closed":-1,"used":1735190237946,"created":1735190237946,"remoteIdentityKey":"BT38WPo+NEgICMGT3cZ5jqXYx10CcvkIaXS+aSJ4fV9Z"},"_chains":{"BTejcpwA7kqtQDc31THEy322cxbJRQk0J4U/K0y4kmY/":{"chainKey":{"counter":1,"key":"Flkf9Zkblib5kUnqjdgvpqhIFrlamHetV04H/3v/aqU="},"chainType":1,"messageKeys":{}}},"pendingPreKey":{"signedKeyId":1,"baseKey":"BZtjesCwZ47FUL6aXWE/WL2w5owM0+NK6kXEABs6e1Eh","preKeyId":4755760}}},"version":"v1"}