{"_sessions":{"BfEQyLaDMWxLI/q6yursvMGTevgwSnlWnUxhTyR2IQMz":{"registrationId":127,"currentRatchet":{"ephemeralKeyPair":{"pubKey":"BWEt7HHp0XPl/g9nDtylM5lSClro4HLaRT2XBeQ8NVZ8","privKey":"KBlaF6p4GVEYdMiocQPQwRsU5LllvIgbukaRlsDaYUc="},"lastRemoteEphemeralKey":"BQTL/SbqEaSACbi53yZsIVlvS2Q/bNqQ/adHA1pxuiBV","previousCounter":0,"rootKey":"sNZujBhR32YxbprKz0ZsCx96bUejgW8m6NaeaD3hHKk="},"indexInfo":{"baseKey":"BfEQyLaDMWxLI/q6yursvMGTevgwSnlWnUxhTyR2IQMz","baseKeyType":1,"closed":-1,"used":1735192797973,"created":1735192797973,"remoteIdentityKey":"BStiXtfsBOK6wpDtDKvIZzAJoPhHx5MDNQDgLRX/HtJU"},"_chains":{"BWEt7HHp0XPl/g9nDtylM5lSClro4HLaRT2XBeQ8NVZ8":{"chainKey":{"counter":0,"key":"9v4Sn9bPQgvpiY0iO4xkLezQLSyBdt/FnwoovSLkvGU="},"chainType":1,"messageKeys":{}}},"pendingPreKey":{"signedKeyId":1,"baseKey":"BfEQyLaDMWxLI/q6yursvMGTevgwSnlWnUxhTyR2IQMz"}}},"version":"v1"}