{"_sessions":{"BbFR4+W3Li4nPl6Bf/AFdzHUogck5t+i4DnooQ1cwyM5":{"registrationId":192,"currentRatchet":{"ephemeralKeyPair":{"pubKey":"Basn2E6pRG/G8XDpGdBshCly7HUTuKeSdKWlg/58bjsz","privKey":"cOaV1R8GKheIQe2cRoBl6B0vwW7Bfr9p3IV9TSSHlX8="},"lastRemoteEphemeralKey":"BTNJK2orTsejitvB3JBbaUbzJh6nTi+iAq0wvkQIkqkQ","previousCounter":0,"rootKey":"xFZK9b+CrkjfFvxGAHgZOegRqV7E9O78fhcjp1KPt2Q="},"indexInfo":{"baseKey":"BbFR4+W3Li4nPl6Bf/AFdzHUogck5t+i4DnooQ1cwyM5","baseKeyType":1,"closed":-1,"used":1735123649389,"created":1735123649389,"remoteIdentityKey":"Bba0grCB8XQX/KLbXTi/l54rBxS25KplGgvUIpEhzYRL"},"_chains":{"Basn2E6pRG/G8XDpGdBshCly7HUTuKeSdKWlg/58bjsz":{"chainKey":{"counter":0,"key":"8RMObJ9hiMjlASj2z6GhZXkVZhunzOZ/pzbHxCxIjyY="},"chainType":1,"messageKeys":{}}},"pendingPreKey":{"signedKeyId":1,"baseKey":"BbFR4+W3Li4nPl6Bf/AFdzHUogck5t+i4DnooQ1cwyM5","preKeyId":817}}},"version":"v1"}