{"_sessions":{"BSlowe5BB1WFJFv5HNkutsvZerwFuYzSo4ZAvWCeWeFu":{"registrationId":311277216,"currentRatchet":{"ephemeralKeyPair":{"pubKey":"BSFRqbnVuTTnpmtUxGUwkNIruilAWKIQXG/4fuLO47U7","privKey":"MLKGB76g8jQwxN/2mRTf62hrVQul/khIhP7BeZrxCEY="},"lastRemoteEphemeralKey":"BVPVzAFLDueWhp8S1E6IG9DmTCSAbT1H3yrTJWItREBV","previousCounter":0,"rootKey":"GkCpFEVedaxbvUAGhP5UYxEpCKG19ibrBNB23+ImQNo="},"indexInfo":{"baseKey":"BSlowe5BB1WFJFv5HNkutsvZerwFuYzSo4ZAvWCeWeFu","baseKeyType":1,"closed":-1,"used":1735230343313,"created":1735230343313,"remoteIdentityKey":"BY4YvEopYJ0CKhGZYg7QwaJYGfPmnDJGrpGeH8PXTGg2"},"_chains":{"BSFRqbnVuTTnpmtUxGUwkNIruilAWKIQXG/4fuLO47U7":{"chainKey":{"counter":0,"key":"8Dxzw6r7tTl9p3JnHwDs/sXvxtAdN0AqWhESt+ByA98="},"chainType":1,"messageKeys":{}}},"pendingPreKey":{"signedKeyId":1,"baseKey":"BSlowe5BB1WFJFv5HNkutsvZerwFuYzSo4ZAvWCeWeFu"}}},"version":"v1"}