{"_sessions":{"BTSbXKHJlPxPfqOsvAwx41fwPTw+WjGRr4UagqjsiTkc":{"registrationId":278899065,"currentRatchet":{"ephemeralKeyPair":{"pubKey":"BdH58tXDpIljOfmvkYi3mxgDEt/qxExkKodDglIoTi8z","privKey":"CGL9UjdydrwJG6tiYdm/RzH5z29ebGjHlMznecybBGw="},"lastRemoteEphemeralKey":"BXc8IrceLkRukrBuBk4JYkCk3tO4Up8LI+F2Lm88YE9W","previousCounter":0,"rootKey":"XjbTZJzmEPZh6rr2Iwy1gjf3uPS3Dfa/du2YMr8BeB4="},"indexInfo":{"baseKey":"BTSbXKHJlPxPfqOsvAwx41fwPTw+WjGRr4UagqjsiTkc","baseKeyType":1,"closed":-1,"used":1735141697632,"created":1735141697632,"remoteIdentityKey":"BQobv7bDTAzTmEQc30phzTtXkcNxt3Pyo3o/Unanjdpf"},"_chains":{"BdH58tXDpIljOfmvkYi3mxgDEt/qxExkKodDglIoTi8z":{"chainKey":{"counter":0,"key":"tAOW17INP7slPvLinEvedC/sNvasFC0TjXSxNGZVhiw="},"chainType":1,"messageKeys":{}}},"pendingPreKey":{"signedKeyId":6,"baseKey":"BTSbXKHJlPxPfqOsvAwx41fwPTw+WjGRr4UagqjsiTkc","preKeyId":634639}}},"version":"v1"}