{"_sessions":{"BRHOIS1bBXfFREpH4/b+zRKyjNj/Y7aU4y8qWyolDmEt":{"registrationId":2093514248,"currentRatchet":{"ephemeralKeyPair":{"pubKey":"BQ6Oqo5zukLAK0szD0VPYCYdHl46yN2yzH1u8j6zLjlx","privKey":"MLyQPXHZeX8Ts5Wk5+X1T3j4mY/fdNPIFJcfgtRy+3E="},"lastRemoteEphemeralKey":"BS//uXRssetjHQFb/Db6XbGUdX3fKowML1ewIMO1FVo1","previousCounter":0,"rootKey":"36oBWJY+42BQlqg5MsNWcNji2bZcMGnUtiCmxZCum/s="},"indexInfo":{"baseKey":"BRHOIS1bBXfFREpH4/b+zRKyjNj/Y7aU4y8qWyolDmEt","baseKeyType":1,"closed":-1,"used":1735190170802,"created":1735190170802,"remoteIdentityKey":"BW1HFYqW7o/foe55pG2jv6vdrticsY1TrVDos+6iLAsX"},"_chains":{"BQ6Oqo5zukLAK0szD0VPYCYdHl46yN2yzH1u8j6zLjlx":{"chainKey":{"counter":1,"key":"egtIP9om19y1m05Ant1NJ3LioCix019OGYYfZ8BX/EA="},"chainType":1,"messageKeys":{}}},"pendingPreKey":{"signedKeyId":3,"baseKey":"BRHOIS1bBXfFREpH4/b+zRKyjNj/Y7aU4y8qWyolDmEt","preKeyId":10898154}}},"version":"v1"}