{"_sessions":{"BaFTCa96h//K6fAPSMlLBSjmQ7PmtXBpuwIk5yjPewc5":{"registrationId":103,"currentRatchet":{"ephemeralKeyPair":{"pubKey":"BWk/Ct6fN61ga236WHGfCn9LoaVEj/+UsD0rDK3a1TUZ","privKey":"EILs2u+xbHOTdqQWtJebMROHQxVDaK7SlN2xwHrwwVY="},"lastRemoteEphemeralKey":"Bc+4wdQppWxUmfqbWR+/lYBXgF/CXwiooxnS+XB8q/RK","previousCounter":0,"rootKey":"Ni/6iPu3aeUyCUEo//pi9aN07D9P1IUM8jwkN11ABcY="},"indexInfo":{"baseKey":"BaFTCa96h//K6fAPSMlLBSjmQ7PmtXBpuwIk5yjPewc5","baseKeyType":1,"closed":-1,"used":1735217459566,"created":1735217459566,"remoteIdentityKey":"BSt9idFJHu2Li4XbK56uACQl5bmDqzbBzLUVm91otGce"},"_chains":{"BWk/Ct6fN61ga236WHGfCn9LoaVEj/+UsD0rDK3a1TUZ":{"chainKey":{"counter":7,"key":"F2mNBlerNLgGeoO1zpk4zkfY8FebTVZKEnm46voJnFQ="},"chainType":1,"messageKeys":{}}},"pendingPreKey":{"signedKeyId":1,"baseKey":"BaFTCa96h//K6fAPSMlLBSjmQ7PmtXBpuwIk5yjPewc5"}}},"version":"v1"}