{"_sessions":{"BUHyeHQttl7QqSVwcR38/0cOcjOmyYPuqCX4pYZvG0oH":{"registrationId":681863872,"currentRatchet":{"ephemeralKeyPair":{"pubKey":"BQiqlZXo2SthqH+391aHMVytPna74KPemtfcoGaxDnY1","privKey":"CGO73li07nt9mTbQ/hPf/UfZcaoJNX2swBA4nXG/GVg="},"lastRemoteEphemeralKey":"BY6QXkToUCWl7Yk+iWPpZ8y0rwROB7CNAgmLhu0QVWNR","previousCounter":0,"rootKey":"Gho+CPm3tQSziVjS30cG7Vqnk3p0IaZ2f1y62pIMKYY="},"indexInfo":{"baseKey":"BUHyeHQttl7QqSVwcR38/0cOcjOmyYPuqCX4pYZvG0oH","baseKeyType":1,"closed":-1,"used":1735230324997,"created":1735230324997,"remoteIdentityKey":"Bflzsj6+5O7MyrLQ8Qox3IybQQ77M/jYiBJMQXtiEO99"},"_chains":{"BQiqlZXo2SthqH+391aHMVytPna74KPemtfcoGaxDnY1":{"chainKey":{"counter":0,"key":"3n6cCA0ON5GDobeMLtacZG+NbSLdsikZTgA9Kutfrp4="},"chainType":1,"messageKeys":{}}},"pendingPreKey":{"signedKeyId":9,"baseKey":"BUHyeHQttl7QqSVwcR38/0cOcjOmyYPuqCX4pYZvG0oH","preKeyId":11259867}}},"version":"v1"}