{"_sessions":{"BfwY1S/Tu5879/RjG200gtaZQTvzBtNEOcTNtFdYmRsH":{"registrationId":14450,"currentRatchet":{"ephemeralKeyPair":{"pubKey":"Ba8EBPFgf+ZheSlqx11iZsaGm+grycVAqaW//QnwrhgO","privKey":"EH3Gxj/cR56ZqQ+i8t3DUDaa0PsitmC+68EMNEjnF3Y="},"lastRemoteEphemeralKey":"BSVWmPl+oAee6O1iLmcGevbCKNGy9dcuHMyU2tSFc8hM","previousCounter":0,"rootKey":"q8H7jBJ1lbJsIazk8tq3vLdYrtnQvnxOunUe1mttM0M="},"indexInfo":{"baseKey":"BfwY1S/Tu5879/RjG200gtaZQTvzBtNEOcTNtFdYmRsH","baseKeyType":1,"closed":-1,"used":1735123612163,"created":1735123612163,"remoteIdentityKey":"BWsXQNNZmgYI/caWsis+dIqBg9G1Zcqs5gnmkxS08Gcg"},"_chains":{"Ba8EBPFgf+ZheSlqx11iZsaGm+grycVAqaW//QnwrhgO":{"chainKey":{"counter":0,"key":"1D90jLJcIBwTZadGjgCcqo/IbE/JXWKGEwN32rA1IDY="},"chainType":1,"messageKeys":{}}},"pendingPreKey":{"signedKeyId":1,"baseKey":"BfwY1S/Tu5879/RjG200gtaZQTvzBtNEOcTNtFdYmRsH","preKeyId":47}}},"version":"v1"}