{"_sessions":{"BU3b8cER8Ku/jbwXTpOlLflfZo/4ZqFIceQB4cjuzpwV":{"registrationId":281674212,"currentRatchet":{"ephemeralKeyPair":{"pubKey":"BU+IROty00QO48masUcjE3kEvNQCHUX0TQ/d4SDuG7Au","privKey":"cJ2KDQyhLETXEd2ZV65D2PMIjXL7iFDPdk7j5oQU1GE="},"lastRemoteEphemeralKey":"BZWa05ZQPuAyCK0MJD2WNLj6IgvPG/acfpNT90Oa1ORD","previousCounter":0,"rootKey":"99+qY0cZKb3bkdWwGf/EqsvZEaep2QWTeb8X22wkguw="},"indexInfo":{"baseKey":"BU3b8cER8Ku/jbwXTpOlLflfZo/4ZqFIceQB4cjuzpwV","baseKeyType":2,"closed":1735195326140,"used":1735195325764,"created":1735195325764,"remoteIdentityKey":"BYWBAT7l52uaLHsd2881Caa8gC8lFSGqV9ZfcVuS2e9M"},"_chains":{"BZWa05ZQPuAyCK0MJD2WNLj6IgvPG/acfpNT90Oa1ORD":{"chainKey":{"counter":0,"key":"+3A6/pEeClydYFtpZoY8ekvAEcZ2H33ZMCsRCs81M/Y="},"chainType":2,"messageKeys":{}},"BU+IROty00QO48masUcjE3kEvNQCHUX0TQ/d4SDuG7Au":{"chainKey":{"counter":-1,"key":"nofCJxGwMsktoankippoqggFUZ8RUwbVELQ8KTZSVaQ="},"chainType":1,"messageKeys":{}}}},"Ba9iheHohjnNCRXyuHC+09W2XvQkplZsqPMYbN8JpIwl":{"registrationId":281674212,"currentRatchet":{"ephemeralKeyPair":{"pubKey":"BaoN2Kxisa2csnU1oS//8EPlHngzPwDA07hmnE2fwsEA","privKey":"UEC4578lE0LuFAGFYbv8knnHkpYTwClcWA7hpv8v+Hk="},"lastRemoteEphemeralKey":"BRcCXDN8ouFtspbR9rOWVyRvy5saBPXW/HKJT/f1c9J6","previousCounter":0,"rootKey":"9xleGjWRXF2syHPuLjt5ohnV5eYdzgRK5Rv94vFAYF0="},"indexInfo":{"baseKey":"Ba9iheHohjnNCRXyuHC+09W2XvQkplZsqPMYbN8JpIwl","baseKeyType":2,"closed":-1,"used":1735195326149,"created":1735195326149,"remoteIdentityKey":"BYWBAT7l52uaLHsd2881Caa8gC8lFSGqV9ZfcVuS2e9M"},"_chains":{"BRcCXDN8ouFtspbR9rOWVyRvy5saBPXW/HKJT/f1c9J6":{"chainKey":{"counter":0,"key":"Gu3lT+dG5UoP8PSYvm+1CaF7LQBkK8a2Ps1APUVIRwQ="},"chainType":2,"messageKeys":{}},"BaoN2Kxisa2csnU1oS//8EPlHngzPwDA07hmnE2fwsEA":{"chainKey":{"counter":5,"key":"tR5WGggYFKlIEgTY1mVPTjBU/qHPlKKkxyMUkR8eGF0="},"chainType":1,"messageKeys":{}}}}},"version":"v1"}