{"_sessions":{"BSmvnCDutRkE3zGvtE9T/g6RBWOvDcTOPwBjuZgBgsRV":{"registrationId":1527078920,"currentRatchet":{"ephemeralKeyPair":{"pubKey":"BZSi13oFhn2GJXOXBxXqHTwUnO66s5s5pP4ad2acStkK","privKey":"SOAMHVwqVIq/qKfXEOW4YLks/ZOAEBoOlK4330eKdGw="},"lastRemoteEphemeralKey":"Bc+hdI3F9RRCiWvWek2znoNXwAEpHDVj85uhEhO0SoBJ","previousCounter":0,"rootKey":"TBqrkH7cv7u5boe9Bp/7eMcBPzbmSs05FX97vSgxofU="},"indexInfo":{"baseKey":"BSmvnCDutRkE3zGvtE9T/g6RBWOvDcTOPwBjuZgBgsRV","baseKeyType":1,"closed":-1,"used":1735190237797,"created":1735190237797,"remoteIdentityKey":"BdEdxqBPmAWu6nkjSAY49PVuIgcq1pKXeU7dW/RIG+MK"},"_chains":{"BZSi13oFhn2GJXOXBxXqHTwUnO66s5s5pP4ad2acStkK":{"chainKey":{"counter":1,"key":"BDen8Xu7UfQxzqCEIObznWDZbFEjM8lahO3d8ae5ye0="},"chainType":1,"messageKeys":{}}},"pendingPreKey":{"signedKeyId":0,"baseKey":"BSmvnCDutRkE3zGvtE9T/g6RBWOvDcTOPwBjuZgBgsRV"}}},"version":"v1"}