{"_sessions":{"BZh/RE/QIsAGXIQ6Ms+jANAXpTQ7phTw9ZyJZs9/s5kf":{"registrationId":180,"currentRatchet":{"ephemeralKeyPair":{"pubKey":"BVWf2p7x6nPhAKA6x5+PJU3+BjOwJIhVpn58Y7B1MSMW","privKey":"oPyrh8fhwT+dJnzwwfRSvbQaWGhrCqbPT1+Mf8PleVY="},"lastRemoteEphemeralKey":"BYocvcLoy+7fmM7VJ6fOoi7T1MBm5lLMAYZ+tTrZ6WVx","previousCounter":0,"rootKey":"Tgc79nFnl167T91sPbunRXG25ARHCIQ6O/lyj8fNIz4="},"indexInfo":{"baseKey":"BZh/RE/QIsAGXIQ6Ms+jANAXpTQ7phTw9ZyJZs9/s5kf","baseKeyType":1,"closed":-1,"used":1735121451647,"created":1735121451647,"remoteIdentityKey":"BSHdWWX8oitJ6mkuBYXi6YzXVbmxdM3jyejIZQvaP05x"},"_chains":{"BVWf2p7x6nPhAKA6x5+PJU3+BjOwJIhVpn58Y7B1MSMW":{"chainKey":{"counter":5,"key":"4tb1jVM4QNStp6UNtfY0TqgXmKkPyjxLFhPNo0PKRKk="},"chainType":1,"messageKeys":{}}},"pendingPreKey":{"signedKeyId":1,"baseKey":"BZh/RE/QIsAGXIQ6Ms+jANAXpTQ7phTw9ZyJZs9/s5kf"}}},"version":"v1"}