{"_sessions":{"BeR+n73BgN1XdY5ia7AhiHq9lkRYW8XdQzRkR+q2RP5k":{"registrationId":1121325458,"currentRatchet":{"ephemeralKeyPair":{"pubKey":"BR5BGxHeBjFE3XM1SdXfXHn+57BKqVlxk2fRL8UldFgV","privKey":"kJwJtNLsMbNX3AS9paTVw+neI0WA6EoW3VEnnjCPc2o="},"lastRemoteEphemeralKey":"BcZfQyBG4N1DVFinJFfhD72q48SGsRow+Py162e+jAYY","previousCounter":0,"rootKey":"KjzXcsDESK8nrNyy69EFPBcmkW8tpLvu8ukztWILMjE="},"indexInfo":{"baseKey":"BeR+n73BgN1XdY5ia7AhiHq9lkRYW8XdQzRkR+q2RP5k","baseKeyType":1,"closed":1735185656370,"used":1735185655037,"created":1735185655037,"remoteIdentityKey":"BQx2oHOfk13QIDWCwlLVXViRIbAjNzTAA+Esu7yE2rtC"},"_chains":{"BR5BGxHeBjFE3XM1SdXfXHn+57BKqVlxk2fRL8UldFgV":{"chainKey":{"counter":-1,"key":"uznnnXDn81Lu0B9GVgOeC3cdi99rAW1kMtxAXuGNYF8="},"chainType":1,"messageKeys":{}}},"pendingPreKey":{"signedKeyId":1,"baseKey":"BeR+n73BgN1XdY5ia7AhiHq9lkRYW8XdQzRkR+q2RP5k","preKeyId":14962319}},"BXQ4uHTehuq4D8yQ6BJtDWhphqtDSBmbOntQDkMcEw13":{"registrationId":1121325458,"currentRatchet":{"ephemeralKeyPair":{"pubKey":"BThsh6qndremMrgD97aKXthi12uIWbgyaBiRn2r/hRAJ","privKey":"sBLiwtzQULfWWqdb5LY6Z+Mp+xGyZa6pmZh2zCmcrm0="},"lastRemoteEphemeralKey":"BcZfQyBG4N1DVFinJFfhD72q48SGsRow+Py162e+jAYY","previousCounter":0,"rootKey":"CiyWuYtlxaM+LfT2V47zIv3XBAAJigQHP993X9+/ER0="},"indexInfo":{"baseKey":"BXQ4uHTehuq4D8yQ6BJtDWhphqtDSBmbOntQDkMcEw13","baseKeyType":1,"closed":-1,"used":1735185656369,"created":1735185656369,"remoteIdentityKey":"BQx2oHOfk13QIDWCwlLVXViRIbAjNzTAA+Esu7yE2rtC"},"_chains":{"BThsh6qndremMrgD97aKXthi12uIWbgyaBiRn2r/hRAJ":{"chainKey":{"counter":1,"key":"DoMUVk8hD18gdZUhIgPTf46f1TeSjv96v3q9FPnrRPQ="},"chainType":1,"messageKeys":{}}},"pendingPreKey":{"signedKeyId":1,"baseKey":"BXQ4uHTehuq4D8yQ6BJtDWhphqtDSBmbOntQDkMcEw13","preKeyId":14962996}}},"version":"v1"}