{"_sessions":{"Bdy6mR+CnHN0qN0l0q9fUbyvIAwB50CubxXIfUB9VScZ":{"registrationId":529018455,"currentRatchet":{"ephemeralKeyPair":{"pubKey":"BSjAdL00qEOcZQURr1QMhLS+2pyGcF5jcyDJLzfikGQQ","privKey":"sM+wVD3SOHKwJWcGvBEWbdqolP2Llf2L/dJ3nBG1emQ="},"lastRemoteEphemeralKey":"BY4dXJccb7w+ojq/zsbdp45gSHOHJfiekBTWX5xvXIop","previousCounter":0,"rootKey":"iDo0ed5AKqqe4cpCkTAD0iUvCmbCVuGxjspCuj3R4Yc="},"indexInfo":{"baseKey":"Bdy6mR+CnHN0qN0l0q9fUbyvIAwB50CubxXIfUB9VScZ","baseKeyType":1,"closed":-1,"used":1735192874589,"created":1735192874589,"remoteIdentityKey":"BadBYX3bgRqEuztoTXZ9tEyOgDXP1AOlZzsG+GAxpz1q"},"_chains":{"BSjAdL00qEOcZQURr1QMhLS+2pyGcF5jcyDJLzfikGQQ":{"chainKey":{"counter":0,"key":"CPiOWq2qVTSPgVBJXts1MP5bycsb2n5elMggVzTavh4="},"chainType":1,"messageKeys":{}}},"pendingPreKey":{"signedKeyId":7,"baseKey":"Bdy6mR+CnHN0qN0l0q9fUbyvIAwB50CubxXIfUB9VScZ","preKeyId":6478124}}},"version":"v1"}