{"_sessions":{"Bbbua4JCocRcoAmdTHoJV+U10Hr0W5A2BbxShhryZvhw":{"registrationId":3727787499,"currentRatchet":{"ephemeralKeyPair":{"pubKey":"BcCQ0fmO0fZBGXYTqhXTE0ntsgKx05fCqNY1sEODUmsD","privKey":"0E+rFJJaypcr//rlhO/7+3tIqoklPezCPbbNMLvMe3Y="},"lastRemoteEphemeralKey":"BfjdMM0d4q6eIrET153SUQJlTUL7o6TAcX4P3vHKVkNJ","previousCounter":0,"rootKey":"bYejKNqqSEhy2cpWRb/K7HXssZbgAq3m9zhTHh1rB6c="},"indexInfo":{"baseKey":"Bbbua4JCocRcoAmdTHoJV+U10Hr0W5A2BbxShhryZvhw","baseKeyType":1,"closed":-1,"used":1735123602441,"created":1735123602441,"remoteIdentityKey":"Bagrqihty4vA8Cj/5vUzIeDfkXBX/weIneMmeTuGpYoU"},"_chains":{"BcCQ0fmO0fZBGXYTqhXTE0ntsgKx05fCqNY1sEODUmsD":{"chainKey":{"counter":0,"key":"DMn6d3Hw5diXuV9tNvtDYaIEKn4pxa+7U7fzPWZlv0E="},"chainType":1,"messageKeys":{}}},"pendingPreKey":{"signedKeyId":1,"baseKey":"Bbbua4JCocRcoAmdTHoJV+U10Hr0W5A2BbxShhryZvhw"}}},"version":"v1"}