{"_sessions":{"BYzvbbfnydMc63QApy1Y3FThHlyzj5NyqA/YfFs0/Xl+":{"registrationId":252,"currentRatchet":{"ephemeralKeyPair":{"pubKey":"BQqB39nznj/fcv7cZki09/KM87Aaa998qFxVog/zZ6pr","privKey":"EDKQOnTaMXK1RYUfwfitC9sYeZXDqhD2Mr+Z9VCIx3E="},"lastRemoteEphemeralKey":"BS/L1woPeI4g7iLcYJTe8147KTmV9Hp1PfFHVKSotKkx","previousCounter":0,"rootKey":"umuJ6PBFl+96mFPfljg7z3ew+clhaofG9wuX6gmD95E="},"indexInfo":{"baseKey":"BYzvbbfnydMc63QApy1Y3FThHlyzj5NyqA/YfFs0/Xl+","baseKeyType":1,"closed":-1,"used":1735193629971,"created":1735193629971,"remoteIdentityKey":"BdniG1LoQEkGF8sau4DKyiCdJSU1CaSQ37sg1RlZzIA3"},"_chains":{"BQqB39nznj/fcv7cZki09/KM87Aaa998qFxVog/zZ6pr":{"chainKey":{"counter":0,"key":"2ukArodPHXpO+2E5r6eU7WIMcK0ONvz46B1xyVJvfCA="},"chainType":1,"messageKeys":{}}},"pendingPreKey":{"signedKeyId":1,"baseKey":"BYzvbbfnydMc63QApy1Y3FThHlyzj5NyqA/YfFs0/Xl+"}}},"version":"v1"}