{"_sessions":{"BU8DGy02sQksW2vHC0//lzYaR9bYEjzFVtHyxitZHZZ3":{"registrationId":10565,"currentRatchet":{"ephemeralKeyPair":{"pubKey":"BTtq9QCfuVUPnmVfjIn10Vgwd6Y4qKlJnOmAsw5dpIx/","privKey":"+LAI4cglXMYAIvfebspqt2GtI/WNfWg2WhQJ1oeYLHU="},"lastRemoteEphemeralKey":"BR7o0c2dzWjVVnDk483ndfl/TumWCJ/nvsHPso1jnzZk","previousCounter":0,"rootKey":"o/cb3fTTUowCmFfK68SFTJ3W411TpgPJp6sRe32DSLk="},"indexInfo":{"baseKey":"BU8DGy02sQksW2vHC0//lzYaR9bYEjzFVtHyxitZHZZ3","baseKeyType":1,"closed":-1,"used":1735190207421,"created":1735190207421,"remoteIdentityKey":"BQrEAPebYc0VfJerquX0DpgGCgqNBVhiRERkzPWM+a5u"},"_chains":{"BTtq9QCfuVUPnmVfjIn10Vgwd6Y4qKlJnOmAsw5dpIx/":{"chainKey":{"counter":3,"key":"dfeJxQXdtTT1LspZkOvrcqJvQNELxP5SGA88Z1wleRM="},"chainType":1,"messageKeys":{}}},"pendingPreKey":{"signedKeyId":1,"baseKey":"BU8DGy02sQksW2vHC0//lzYaR9bYEjzFVtHyxitZHZZ3","preKeyId":6318}}},"version":"v1"}