{"_sessions":{"Bd2R+greEl259JD37DqPTgXshfnNPEG0tBhHB2pWigsv":{"registrationId":221372206,"currentRatchet":{"ephemeralKeyPair":{"pubKey":"BS3xgyfJoNP6WXeuqJRDFsjlDlFgKfEOoYdofb7Qp3Ej","privKey":"iEpPVEMDIdMFcFzbBpWpJMluMyugjjfOAAvkeD1mOG8="},"lastRemoteEphemeralKey":"BdIyZ3Yf+mvbqVA9gUomiBN5U8qFIp+WmXTVHLRgf3cf","previousCounter":0,"rootKey":"/4VEjTaQ1B/FOxtKQnPAPXPLRbK9iLfI6cxYq8OheIQ="},"indexInfo":{"baseKey":"Bd2R+greEl259JD37DqPTgXshfnNPEG0tBhHB2pWigsv","baseKeyType":1,"closed":-1,"used":1735230306740,"created":1735230306740,"remoteIdentityKey":"BdMwsLyA0oE12K2GR/udnsgmwO/DqRdWpo1abB8in309"},"_chains":{"BS3xgyfJoNP6WXeuqJRDFsjlDlFgKfEOoYdofb7Qp3Ej":{"chainKey":{"counter":0,"key":"dPJan+hToWkVbLy5ZdSvMWOsHYsXUPiJ8kvooCRRrVU="},"chainType":1,"messageKeys":{}}},"pendingPreKey":{"signedKeyId":5,"baseKey":"Bd2R+greEl259JD37DqPTgXshfnNPEG0tBhHB2pWigsv","preKeyId":14463381}}},"version":"v1"}