{"_sessions":{"BcVmnyLG7wnuA/zaKuE/t6XOzcTAgAKJDCSBxcZrPZxs":{"registrationId":110,"currentRatchet":{"ephemeralKeyPair":{"pubKey":"BU+kCcMK9WNgow3oACwGsBhJd+I4+8k1BXTMwQ1NNNFL","privKey":"aNBSsa9+5Zvr2RFhluSVL86ZY+HJLvorqjChbuigD3o="},"lastRemoteEphemeralKey":"BTtsAmvwUKPGyOX0ZMif+6qELx8q1LdTxWz0SUGabLJy","previousCounter":0,"rootKey":"eFrs6E4qj0GytqGZvxRTPVLkUBqYiNUd2ib8e6ACMEk="},"indexInfo":{"baseKey":"BcVmnyLG7wnuA/zaKuE/t6XOzcTAgAKJDCSBxcZrPZxs","baseKeyType":1,"closed":-1,"used":1735192869847,"created":1735192869847,"remoteIdentityKey":"BcnW+Rc5JwoN7gMWsJxFowMxkYvtZH7LR3B1Wzmf2U4L"},"_chains":{"BU+kCcMK9WNgow3oACwGsBhJd+I4+8k1BXTMwQ1NNNFL":{"chainKey":{"counter":0,"key":"Z24SSC+edOtLm3mp7g0AYie+G5HMo8IZGH76lrjgIP0="},"chainType":1,"messageKeys":{}}},"pendingPreKey":{"signedKeyId":1,"baseKey":"BcVmnyLG7wnuA/zaKuE/t6XOzcTAgAKJDCSBxcZrPZxs"}}},"version":"v1"}