{"_sessions":{"BTtN6ogqzOTKsl6EAZNna8uQ2mtPj7cDMvAuQtnSUrw6":{"registrationId":1483612313,"currentRatchet":{"ephemeralKeyPair":{"pubKey":"BeaLG6hLlomJlU+QRA+Z6L3YUIoUS+o+KWm08iS2RkYL","privKey":"IEQvopItjSYfjWVSjgrTsRHtumLXfZw100DNdLsGO2I="},"lastRemoteEphemeralKey":"BXY7tRTBQ7LVsuLet+3QGubuKYRC3IXpWxTxxfvLi0o+","previousCounter":0,"rootKey":"Hz5prc4fiWxqOxi96ZjraZstOI2w9rT8jQ5jyXdvbec="},"indexInfo":{"baseKey":"BTtN6ogqzOTKsl6EAZNna8uQ2mtPj7cDMvAuQtnSUrw6","baseKeyType":1,"closed":-1,"used":1735192874837,"created":1735192874837,"remoteIdentityKey":"BQWRUliiqFiP6tid3TTl7VKkJ6bWPwfZpk9EVVcBlGIJ"},"_chains":{"BeaLG6hLlomJlU+QRA+Z6L3YUIoUS+o+KWm08iS2RkYL":{"chainKey":{"counter":0,"key":"6ESl62YaTKyDWp31Y6DEjbC8HxnzHwidm5JC3KwhHco="},"chainType":1,"messageKeys":{}}},"pendingPreKey":{"signedKeyId":5,"baseKey":"BTtN6ogqzOTKsl6EAZNna8uQ2mtPj7cDMvAuQtnSUrw6","preKeyId":5795237}}},"version":"v1"}