{"_sessions":{"BXWJx7MHCxeV2y2gJov4XJWTa76DVeVA4GwAcMaaHcBl":{"registrationId":1038843218,"currentRatchet":{"ephemeralKeyPair":{"pubKey":"BQrHFucfRr54Tuf55HfI540wAKw7SeA4pyZLm1SyVWMq","privKey":"kMkS4NmAWF+dTJG6/VrGK0L93AfJLIYuHRYhV295OWw="},"lastRemoteEphemeralKey":"BcgwPhu/YqsskBZdDLDuZtGhmaDig8NBmkOz/BdRFTwT","previousCounter":0,"rootKey":"gVnmYFh0KSfkhHpQv5nNbEsahK1vEJcP2NELVy/qSL4="},"indexInfo":{"baseKey":"BXWJx7MHCxeV2y2gJov4XJWTa76DVeVA4GwAcMaaHcBl","baseKeyType":1,"closed":-1,"used":1735141701793,"created":1735141701793,"remoteIdentityKey":"BXc075fCfrVtoX+XYQYMFm+csDbzSe/mpNYFc+IrC5wC"},"_chains":{"BQrHFucfRr54Tuf55HfI540wAKw7SeA4pyZLm1SyVWMq":{"chainKey":{"counter":0,"key":"wN39xICkCxC+0gqrDVIB98nxWgvWullZaup+t/su+tE="},"chainType":1,"messageKeys":{}}},"pendingPreKey":{"signedKeyId":0,"baseKey":"BXWJx7MHCxeV2y2gJov4XJWTa76DVeVA4GwAcMaaHcBl"}}},"version":"v1"}