{"_sessions":{"BeE263R192mosAnIuf9W81TrVTddkdHdbVT/JoqMWsEM":{"registrationId":1162517580,"currentRatchet":{"ephemeralKeyPair":{"pubKey":"Bc5VJoOWH4Z8zOR+S+++YCt9C/Nx5ceZf075JSiutLlq","privKey":"IE6hKRLRomlF64d6p69/duVnEpefBO1BcBJRnUcKo2Y="},"lastRemoteEphemeralKey":"BXH/p9R9yKFxgFilXDZCNIKZCfNBvrLmsaksP2JMX01d","previousCounter":0,"rootKey":"pQV8+VPDG7VU/8DygiaKROnwDA0hxUje58WDDh1hMQA="},"indexInfo":{"baseKey":"BeE263R192mosAnIuf9W81TrVTddkdHdbVT/JoqMWsEM","baseKeyType":1,"closed":-1,"used":1735190237924,"created":1735190237924,"remoteIdentityKey":"BY/y3FS97SOxR1u/JRLQNmGlg93fPN/E5/5cqJ1h0As1"},"_chains":{"Bc5VJoOWH4Z8zOR+S+++YCt9C/Nx5ceZf075JSiutLlq":{"chainKey":{"counter":1,"key":"dud4Z0Kfv7RflPq+NL4S6iRqmpmIUkcKol59FEtB6Qg="},"chainType":1,"messageKeys":{}}},"pendingPreKey":{"signedKeyId":0,"baseKey":"BeE263R192mosAnIuf9W81TrVTddkdHdbVT/JoqMWsEM"}}},"version":"v1"}