{"_sessions":{"BT7cOp/3FlGT2r8kYUXRxmu0oowATOtvARmoDIUG3jdH":{"registrationId":356101409,"currentRatchet":{"ephemeralKeyPair":{"pubKey":"BWnBgguKMPCWdrTwQ1y5YcMZFdsvmFnr7nWB1ws+LKJg","privKey":"sMbjyQ4kdJl1DiGNPtNbN67/e8rdN+FYYDwRi28nLE4="},"lastRemoteEphemeralKey":"BecMPMn+4Ythjlq48JsXpr1C+kv89CJ1ppZWQeX/K98V","previousCounter":0,"rootKey":"ZeZ2onhk0mx/7BTvgkbR+rZ54zNCUUvOuOoUyChDXvY="},"indexInfo":{"baseKey":"BT7cOp/3FlGT2r8kYUXRxmu0oowATOtvARmoDIUG3jdH","baseKeyType":1,"closed":-1,"used":1735230259332,"created":1735230259332,"remoteIdentityKey":"BSRJTwZ8gwpB5Kf6uVTcrjXGZVZ2Yt2UBBRmTlC0XeRK"},"_chains":{"BWnBgguKMPCWdrTwQ1y5YcMZFdsvmFnr7nWB1ws+LKJg":{"chainKey":{"counter":0,"key":"C+1hnQd9p55ecfA1mPKGGk8TjbpxcQRgJvBsmDrSXbM="},"chainType":1,"messageKeys":{}}},"pendingPreKey":{"signedKeyId":44,"baseKey":"BT7cOp/3FlGT2r8kYUXRxmu0oowATOtvARmoDIUG3jdH","preKeyId":7700223}}},"version":"v1"}