{"_sessions":{"BU2/UpQOeO9wSEBLvZETHHU4ifvZb0tJES9OnvYf1YMl":{"registrationId":6886,"currentRatchet":{"ephemeralKeyPair":{"pubKey":"BT+zpbMwjelT0RhYIAmP3jSGnsbguoFdC3zKXroVCN17","privKey":"CB092Wz9xfzEETE/L3ILSaCQ462UrKWV1N4CVl0qTWk="},"lastRemoteEphemeralKey":"BcR9XRLrjAt2vsr+hvh3us+cQruVZE7QoMnybPNAHSx1","previousCounter":0,"rootKey":"gQr/uvQjoj6aI2/tYEIFFFESXsmJctU4hztBRBg5dCs="},"indexInfo":{"baseKey":"BU2/UpQOeO9wSEBLvZETHHU4ifvZb0tJES9OnvYf1YMl","baseKeyType":1,"closed":-1,"used":1735190185801,"created":1735190185801,"remoteIdentityKey":"Ban7nJzsrQycebMTK6gkW2TeJukx9v9bPEfH05AlVvkF"},"_chains":{"BT+zpbMwjelT0RhYIAmP3jSGnsbguoFdC3zKXroVCN17":{"chainKey":{"counter":1,"key":"KnaXyJjPV2DfyKWWilTR5r17BDMy0J0iBEebr+D3tnY="},"chainType":1,"messageKeys":{}}},"pendingPreKey":{"signedKeyId":1,"baseKey":"BU2/UpQOeO9wSEBLvZETHHU4ifvZb0tJES9OnvYf1YMl"}}},"version":"v1"}