{"_sessions":{"BdLS46tvrfwRhE0AlyomD5sy672eS9kGhNXrtzlqsTZQ":{"registrationId":1806469569,"currentRatchet":{"ephemeralKeyPair":{"pubKey":"Bd4PhwvenHWiWIC/OvBBU93upJGQvE5OY2bjhYCNgPRD","privKey":"iPo/111sBQyyVJdvUYlunz/0S/MM36YEEK+JTQjcqVw="},"lastRemoteEphemeralKey":"BTT6sPW4LlVvG0JfjpFrb/1hY8QTFz2vjZa0cD4JO9JM","previousCounter":0,"rootKey":"8OLcEmr2sZ817eX4Nen8H+PNZwkOIMErQqjw2UabeZM="},"indexInfo":{"baseKey":"BdLS46tvrfwRhE0AlyomD5sy672eS9kGhNXrtzlqsTZQ","baseKeyType":1,"closed":-1,"used":1735219049274,"created":1735219049274,"remoteIdentityKey":"BZxvSXEIAXV5oTqAcNlhM4TY32Kzton0WlhlgnpJ2mkJ"},"_chains":{"Bd4PhwvenHWiWIC/OvBBU93upJGQvE5OY2bjhYCNgPRD":{"chainKey":{"counter":0,"key":"aLkqyXJT/FPv8aJT8Fv4EHzuD1dv7ynGfIM9TKscpXk="},"chainType":1,"messageKeys":{}}},"pendingPreKey":{"signedKeyId":0,"baseKey":"BdLS46tvrfwRhE0AlyomD5sy672eS9kGhNXrtzlqsTZQ"}}},"version":"v1"}