{"_sessions":{"BRlJIzFDTQQ7nl0KuMjAKXl6Nsf7fsPPMqiFW9i8b8gl":{"registrationId":56,"currentRatchet":{"ephemeralKeyPair":{"pubKey":"BSxtSdu308TCkbgsRnLN3cI4uqBN8mHMSdWEolGqLKJr","privKey":"EFFnuB3UMUE7YPRK2iaYNMYixfDGgRkAEfr78yWUZmk="},"lastRemoteEphemeralKey":"BYEkm8YPpR4h0TZrzHSjlZk4uaOQE2nOI4ShxzGrH7Nb","previousCounter":0,"rootKey":"2bZSaqW4NCW2VgibqF3VW+i8kVb67g9G6CG9BRD9W60="},"indexInfo":{"baseKey":"BRlJIzFDTQQ7nl0KuMjAKXl6Nsf7fsPPMqiFW9i8b8gl","baseKeyType":1,"closed":-1,"used":1735190148354,"created":1735190148354,"remoteIdentityKey":"BQm/eebbq9wIqkNg659f9IMPYWrRajy/e+hoDxDsaFcd"},"_chains":{"BSxtSdu308TCkbgsRnLN3cI4uqBN8mHMSdWEolGqLKJr":{"chainKey":{"counter":1,"key":"iS5pZbxE0zUoIFyJqnf7g49NK+PwGPJ5HNqdUUKlbVE="},"chainType":1,"messageKeys":{}}},"pendingPreKey":{"signedKeyId":1,"baseKey":"BRlJIzFDTQQ7nl0KuMjAKXl6Nsf7fsPPMqiFW9i8b8gl"}}},"version":"v1"}