{"_sessions":{"BVHCGEV+eeJZVIX/VcZAL+ZVyAdgX+sz2rbrTF59ZU1n":{"registrationId":229208205,"currentRatchet":{"ephemeralKeyPair":{"pubKey":"BY2ahC3K3Kan4TdFxN6Y0B7jwsAhjV0jGcp4gqvnjMRX","privKey":"qPFpPV4cx8Gb2ExThMiseZs82ksVgjzVQBc1n57AcEo="},"lastRemoteEphemeralKey":"BbzIqaQ8DCLLxsL2icaVzFZqy91keJu7vQjACvfAatB8","previousCounter":0,"rootKey":"ebu1va6wFVtFKgkT2TRyG24ML6XTjrggQQ9FhzT6hoM="},"indexInfo":{"baseKey":"BVHCGEV+eeJZVIX/VcZAL+ZVyAdgX+sz2rbrTF59ZU1n","baseKeyType":1,"closed":-1,"used":1735192831678,"created":1735192831678,"remoteIdentityKey":"BV9lpRYGKDhIXCg7pGH/JTKUh8yjyKP+a24CjlwEbHxO"},"_chains":{"BY2ahC3K3Kan4TdFxN6Y0B7jwsAhjV0jGcp4gqvnjMRX":{"chainKey":{"counter":0,"key":"yRaAM8JDCehjc5RJlf8TzsHHj8rpuiXdOQ13oiIUUII="},"chainType":1,"messageKeys":{}}},"pendingPreKey":{"signedKeyId":2,"baseKey":"BVHCGEV+eeJZVIX/VcZAL+ZVyAdgX+sz2rbrTF59ZU1n","preKeyId":6985048}}},"version":"v1"}