{"_sessions":{"BZw6LDIZQQ8YGNjZvX16zoJwlulUsSqerzkN2GP0/wxj":{"registrationId":1504825883,"currentRatchet":{"ephemeralKeyPair":{"pubKey":"BVfOvYXw1CvbqwTiaOIeWGXviYyaj5YXYbF8/vpIBsYx","privKey":"KOj9W4eU0/cgq+NmiAI4HNBw85sie7eizUdNJPXZQWE="},"lastRemoteEphemeralKey":"BeF4zzIruMrMF6DfJZFWT59AkF9tNpzlpVDfgqZm9Ec0","previousCounter":0,"rootKey":"LTNzOpL9AOx/pOv73w3kkLwg2b1B2gFjiyIom9UZY+w="},"indexInfo":{"baseKey":"BZw6LDIZQQ8YGNjZvX16zoJwlulUsSqerzkN2GP0/wxj","baseKeyType":1,"closed":-1,"used":1735216661079,"created":1735216661079,"remoteIdentityKey":"BfK6AEtzEKRNMynXmcsSnMJXVMXG7+w5Jya21KjlZKpc"},"_chains":{"BVfOvYXw1CvbqwTiaOIeWGXviYyaj5YXYbF8/vpIBsYx":{"chainKey":{"counter":0,"key":"CBdaxyZmn4Y4ewofBNOTyOER3YFB7LjDrzydM+HuuvU="},"chainType":1,"messageKeys":{}}},"pendingPreKey":{"signedKeyId":2,"baseKey":"BZw6LDIZQQ8YGNjZvX16zoJwlulUsSqerzkN2GP0/wxj","preKeyId":9995446}}},"version":"v1"}