{"_sessions":{"Bcgl5Lak69fxgCD5mk3Y8z3vzJvYbjD2KI/olzsZqaNR":{"registrationId":79616635,"currentRatchet":{"ephemeralKeyPair":{"pubKey":"BfMB9855/szEroOCQ+HTwLBM94aHdjRx/HtCW+eDxjgz","privKey":"uJqkBCi/gaHxk7Q3SES7b95+vrpEVLLp6KLnW7HCg1I="},"lastRemoteEphemeralKey":"BepsaiFimR5JVUIm1xKqh/uvJ7oOOmI0SnnMycv90MQH","previousCounter":0,"rootKey":"4MEROzYLUYX6mQsREixZs4ujg1PJY0yDYQzJIE8VAjM="},"indexInfo":{"baseKey":"Bcgl5Lak69fxgCD5mk3Y8z3vzJvYbjD2KI/olzsZqaNR","baseKeyType":1,"closed":-1,"used":1735121458439,"created":1735121458439,"remoteIdentityKey":"BVEK8ECF6bz7OdLMJCQq9v0WKk/+o5lT/AA48VnHoN0U"},"_chains":{"BfMB9855/szEroOCQ+HTwLBM94aHdjRx/HtCW+eDxjgz":{"chainKey":{"counter":37,"key":"FffO8CjXAU1CfGyyqoBVYDDF7OLaEjUu0YPeg1RPlMU="},"chainType":1,"messageKeys":{}}},"pendingPreKey":{"signedKeyId":1,"baseKey":"Bcgl5Lak69fxgCD5mk3Y8z3vzJvYbjD2KI/olzsZqaNR"}}},"version":"v1"}