{"_sessions":{"BWo7BpXTXWEwKbh0DzyCk7TpNnI8iL258FOdjLSAi+to":{"registrationId":159,"currentRatchet":{"ephemeralKeyPair":{"pubKey":"BdJ3EggnCHxAiXHEOyywkt0DrOgtJxQb4hPb5d45CIJT","privKey":"CJuWyKPyYCEwO+lMJWv9l2YB1en7uS40k70REAWxfFA="},"lastRemoteEphemeralKey":"Be3SnmIG5urlQbAAA1jyJOrZ9DQuPUttZv6i8+CFITQP","previousCounter":0,"rootKey":"QFc17mcII4oUmoysU4dwSfTA70OA/p7L57i7fygzVzQ="},"indexInfo":{"baseKey":"BWo7BpXTXWEwKbh0DzyCk7TpNnI8iL258FOdjLSAi+to","baseKeyType":1,"closed":-1,"used":1735190153240,"created":1735190153240,"remoteIdentityKey":"BexbkuDuPinrXHIzchjieK0LDxRPYoIlvKYbwziCMvJ3"},"_chains":{"BdJ3EggnCHxAiXHEOyywkt0DrOgtJxQb4hPb5d45CIJT":{"chainKey":{"counter":3,"key":"6aGGGXC4EfYJIZFNrtiwVTwU8NEbColJdTd6mv4f/Aw="},"chainType":1,"messageKeys":{}}},"pendingPreKey":{"signedKeyId":1,"baseKey":"BWo7BpXTXWEwKbh0DzyCk7TpNnI8iL258FOdjLSAi+to"}}},"version":"v1"}