{"_sessions":{"BVbpf9AeIIIXo9xmiea968hjaywPvhXgSM2j+XkWnud0":{"registrationId":625966821,"currentRatchet":{"ephemeralKeyPair":{"pubKey":"BcUnR6yADQzBg1qaKLr4aJTj62TB375L9w/9RwDuIZwn","privKey":"0LbijFAaNle5nLaOI8tvChfnogamDdc5c0tWeNxoNGE="},"lastRemoteEphemeralKey":"BYuDMf84YlEwurRGozEW+2N5/6iuCUDbpRsxevQOhOYu","previousCounter":0,"rootKey":"0gJuu3v0iK4JmI3s6j796w1drqFs+O9vNsp6MIqeR6c="},"indexInfo":{"baseKey":"BVbpf9AeIIIXo9xmiea968hjaywPvhXgSM2j+XkWnud0","baseKeyType":1,"closed":-1,"used":1735230329821,"created":1735230329821,"remoteIdentityKey":"BfwSdO8AOY6IpRjCrLxYkFtT0pIwW6ZTBW2x+4paIEMX"},"_chains":{"BcUnR6yADQzBg1qaKLr4aJTj62TB375L9w/9RwDuIZwn":{"chainKey":{"counter":0,"key":"V0aGpitb8ExXMe1IdNLjhY1pdbQTBwj+cLglKhfzjrU="},"chainType":1,"messageKeys":{}}},"pendingPreKey":{"signedKeyId":5,"baseKey":"BVbpf9AeIIIXo9xmiea968hjaywPvhXgSM2j+XkWnud0","preKeyId":13081180}}},"version":"v1"}