{"_sessions":{"BZt3J1PMVjCjLf6qiAae/QDBmcIPIOgMjENmIKQ1qnR/":{"registrationId":974869942,"currentRatchet":{"ephemeralKeyPair":{"pubKey":"BTbJhLuyDTEgptq+QD5eaQj6CoFE5osqcVeeK9ivtFNB","privKey":"UEqvDM17vvuscbKYrR3EtvdftfZ3NhBYiItb74yk6H8="},"lastRemoteEphemeralKey":"BY0zLaAF/Oj3wv/u/D3Vft64qsmCq6STwl3qdSW0aYhI","previousCounter":0,"rootKey":"T4tD12q6Sj/0Wpx4xWesPLjkeAAL+fQyQvPhcVNKgIQ="},"indexInfo":{"baseKey":"BZt3J1PMVjCjLf6qiAae/QDBmcIPIOgMjENmIKQ1qnR/","baseKeyType":1,"closed":-1,"used":1735121767281,"created":1735121749194,"remoteIdentityKey":"BQHH+cfJvrGu2fZRNFAlQibg68UHLVz7w53yD/A3CNNr"},"_chains":{"BY0zLaAF/Oj3wv/u/D3Vft64qsmCq6STwl3qdSW0aYhI":{"chainKey":{"counter":0,"key":"NefUxn+GiZYrWx4LawElOzoSBWu9O6BKDcWkCfeB03w="},"chainType":2,"messageKeys":{}},"BTbJhLuyDTEgptq+QD5eaQj6CoFE5osqcVeeK9ivtFNB":{"chainKey":{"counter":30,"key":"beiOSa7jEffYy0YxCD4LC+R+cHZCTB6EH/eqfDarm+U="},"chainType":1,"messageKeys":{}}}}},"version":"v1"}