{"_sessions":{"BVk/ajUz6a73PlGSKSdc8X+bHW8NICCuKvv++H02wa4Y":{"registrationId":620725866,"currentRatchet":{"ephemeralKeyPair":{"pubKey":"BTugCrx+6zjoS4LFgnEyuE+O8YHP02ExKEGImzDiDd4G","privKey":"6K2V+tHoqc4cnN/QhpjD9KTvLNixhUnFAp7Wpmpx3UU="},"lastRemoteEphemeralKey":"BerIJioOWDQhJYaZRxLiXTOCT309I4TQAg3BoGgc1Gdf","previousCounter":0,"rootKey":"YjGcEK3eSywj8H8Ui63G9Sxowm0cHlJ/XMfWhTDZgos="},"indexInfo":{"baseKey":"BVk/ajUz6a73PlGSKSdc8X+bHW8NICCuKvv++H02wa4Y","baseKeyType":1,"closed":-1,"used":1735190263090,"created":1735190263090,"remoteIdentityKey":"BfEyODtBFKcx5wd89GFAlspe7T5kCRJu3u9YqK5loBob"},"_chains":{"BTugCrx+6zjoS4LFgnEyuE+O8YHP02ExKEGImzDiDd4G":{"chainKey":{"counter":1,"key":"O5WMYTC0WBWcW9WtA6MuTDiutQv5FRGTP8X9uVwbyao="},"chainType":1,"messageKeys":{}}},"pendingPreKey":{"signedKeyId":2,"baseKey":"BVk/ajUz6a73PlGSKSdc8X+bHW8NICCuKvv++H02wa4Y","preKeyId":14283047}}},"version":"v1"}