{"_sessions":{"BWw1TIJ7uX7vNg2GvYta2yweOSNIG+Z/O6a1C3XbR+RA":{"registrationId":1415780540,"currentRatchet":{"ephemeralKeyPair":{"pubKey":"BTiI74YVb8ReVy2fylJpZVVQvtR7zQ3+6n6hD5byTfRg","privKey":"sFCAyTrGz4n8tzQe5nEIWyowbTYbYJwRI8CaLHI1gFA="},"lastRemoteEphemeralKey":"BZotKEG6HbUB45vvCXptaUWJhRizr2Rr0TSuDGPtmzw2","previousCounter":0,"rootKey":"tbA/QE+C6Va4d8f07gC1puRL9ZpZkOr4HBsLnG/2MXM="},"indexInfo":{"baseKey":"BWw1TIJ7uX7vNg2GvYta2yweOSNIG+Z/O6a1C3XbR+RA","baseKeyType":2,"closed":-1,"used":1735217111276,"created":1735217111276,"remoteIdentityKey":"BbhtYhOIX2aVp/UeqMO95rA4c7orwI1/j190hqsJfgF+"},"_chains":{"BZotKEG6HbUB45vvCXptaUWJhRizr2Rr0TSuDGPtmzw2":{"chainKey":{"counter":3,"key":"Cz4SU27xObGGhJbxbwNRUCTvLZj3VQCi9binEoFlWYQ="},"chainType":2,"messageKeys":{"0":"b9C+omzoY9QBAQ+xTzXIgqhnkOsJiYMxwwQLbpVbaRI=","1":"g0qnN2GwKm7c0CqMpkkEbr10S4VQBNyhvvIwI6ir1cM=","2":"ZXAB7CAt4mXDKh3dG3hSB9T9ggL2EK+AhUr32ehSP0c="}},"BTiI74YVb8ReVy2fylJpZVVQvtR7zQ3+6n6hD5byTfRg":{"chainKey":{"counter":5,"key":"WgvUdQZt+JdRZs14oLHqpUuES7KhoooIu2GxYx2FJog="},"chainType":1,"messageKeys":{}}}}},"version":"v1"}