{"_sessions":{"BXGD4Xp/1t9VCy+P2/NPOQxkp5YE758uvEaZTr5dO19q":{"registrationId":1132746696,"currentRatchet":{"ephemeralKeyPair":{"pubKey":"BSUR04BwGcj2wQxbEd6hoPwXWLJ2MGjCDFfuh2bGmScX","privKey":"aIdW+osEieXtAyvPIq5YFCEWX/asFsQ6XTdpnY4w5Xo="},"lastRemoteEphemeralKey":"BZbTBON2F8EKHR7iwpeVLYAAOZMbcnEFKiDVXfg9NWBb","previousCounter":0,"rootKey":"rAi/ZqQeXy6uJkMWFoHWu5c8yYkbfDqahIh1v6WJfvU="},"indexInfo":{"baseKey":"BXGD4Xp/1t9VCy+P2/NPOQxkp5YE758uvEaZTr5dO19q","baseKeyType":1,"closed":1735185642926,"used":1735185638896,"created":1735185638896,"remoteIdentityKey":"BSl5WypAKjapaUAej5IQeD3dkwbDAD6RnnGBKJLDXZQx"},"_chains":{"BSUR04BwGcj2wQxbEd6hoPwXWLJ2MGjCDFfuh2bGmScX":{"chainKey":{"counter":-1,"key":"tEV8VWY90V2okTJVT+VGH60SgQszDsBJk1ZHfJpHggc="},"chainType":1,"messageKeys":{}}},"pendingPreKey":{"signedKeyId":1,"baseKey":"BXGD4Xp/1t9VCy+P2/NPOQxkp5YE758uvEaZTr5dO19q","preKeyId":3910442}},"BV4XxXk1q2TNf27o15LPKy4gi/qPp/VSQGLQJ/3STtEY":{"registrationId":1132746696,"currentRatchet":{"ephemeralKeyPair":{"pubKey":"BXwruFmJwLb9LlQX95dGCmYMXA57dwslxb7emwHT2+A0","privKey":"AMaz7W3QIXe2iAU95AwLBXamv+ZpzKO4eXCYf9xWeko="},"lastRemoteEphemeralKey":"BZbTBON2F8EKHR7iwpeVLYAAOZMbcnEFKiDVXfg9NWBb","previousCounter":0,"rootKey":"jeIFMaXgwZPr5iY6ftfha4UzW208teaSIzEIjkJesb4="},"indexInfo":{"baseKey":"BV4XxXk1q2TNf27o15LPKy4gi/qPp/VSQGLQJ/3STtEY","baseKeyType":1,"closed":-1,"used":1735185642924,"created":1735185642924,"remoteIdentityKey":"BSl5WypAKjapaUAej5IQeD3dkwbDAD6RnnGBKJLDXZQx"},"_chains":{"BXwruFmJwLb9LlQX95dGCmYMXA57dwslxb7emwHT2+A0":{"chainKey":{"counter":1,"key":"Og6qYZanY4C2J3ngE6oYntCO8uCDje+PJgZh7klVvDI="},"chainType":1,"messageKeys":{}}},"pendingPreKey":{"signedKeyId":1,"baseKey":"BV4XxXk1q2TNf27o15LPKy4gi/qPp/VSQGLQJ/3STtEY","preKeyId":3910550}}},"version":"v1"}