{"_sessions":{"BST/henMWO/RL66hQN7xE6d3db7Lvx2gS9zyMeJ/9sBA":{"registrationId":1465043366,"currentRatchet":{"ephemeralKeyPair":{"pubKey":"BWS2WzPIKHSu2iMa0f88F/TlT9Y+2dz/GCzYgDW18jE5","privKey":"yDpn4BBxGP9KyRdNlnG2r5UVd7qMzthetuuAQ5Im52c="},"lastRemoteEphemeralKey":"BdHJKDGamz/R+b/EwpxznxGOlJAXSyLEUxbxyK0DI99r","previousCounter":0,"rootKey":"GEERNf6yaTr5BE9CzFrtvtPFN8IBpGKNSfR/jkB/OlI="},"indexInfo":{"baseKey":"BST/henMWO/RL66hQN7xE6d3db7Lvx2gS9zyMeJ/9sBA","baseKeyType":1,"closed":-1,"used":1735219049206,"created":1735219049206,"remoteIdentityKey":"BYgwNBWXIJ9rL7Q3YKgu58ECJzg8hhOzPOYeXsOF15pm"},"_chains":{"BWS2WzPIKHSu2iMa0f88F/TlT9Y+2dz/GCzYgDW18jE5":{"chainKey":{"counter":0,"key":"yZBtaC9T8eW/0+LZW/ZmHBR+o2nHVXb2g1ToqxBmb0s="},"chainType":1,"messageKeys":{}}},"pendingPreKey":{"signedKeyId":0,"baseKey":"BST/henMWO/RL66hQN7xE6d3db7Lvx2gS9zyMeJ/9sBA"}}},"version":"v1"}