{"_sessions":{"BRNHWwjXxAwOX6TnNxkd2G/bdUzNXhktv5Udlyggw/UG":{"registrationId":2135770245,"currentRatchet":{"ephemeralKeyPair":{"pubKey":"BZ/8fD+nb73/rd1fbmVDrAXKtKtGDFwahi6BHqpU/fJC","privKey":"GB5/yEexH0UYJZj6gKQ4T2YSRx0xoEUnN4EP1lSOi2o="},"lastRemoteEphemeralKey":"BTFfu5vppT9BW50HwH/eiogtUeo4bWdG/+hvLgbkrlch","previousCounter":0,"rootKey":"gi3FSUpXEs2mUGMkycxhZyKzAZbcCm3abdTYjWz6G/Y="},"indexInfo":{"baseKey":"BRNHWwjXxAwOX6TnNxkd2G/bdUzNXhktv5Udlyggw/UG","baseKeyType":1,"closed":-1,"used":1735123654385,"created":1735123654385,"remoteIdentityKey":"BbxDFrEZLEvfJdaUke0ZsvZMKal2MTHbz1qWNpBoTPB2"},"_chains":{"BZ/8fD+nb73/rd1fbmVDrAXKtKtGDFwahi6BHqpU/fJC":{"chainKey":{"counter":3,"key":"9XHuQWaYzIdZ0sb5w2sq48bFYeG+VzLkEhU1WNaaTY8="},"chainType":1,"messageKeys":{}}},"pendingPreKey":{"signedKeyId":1,"baseKey":"BRNHWwjXxAwOX6TnNxkd2G/bdUzNXhktv5Udlyggw/UG","preKeyId":12442441}}},"version":"v1"}