{"_sessions":{"BSAXO2D44rQCR46HSpMGvgI/UwU47N2tKSBD9ljSkt9i":{"registrationId":279952882,"currentRatchet":{"ephemeralKeyPair":{"pubKey":"BeXjhHoaSKNLvcyWObqhfB+INrhiOEfNRIxytxMP0C8T","privKey":"ELVE7c04moF4X5AC+jZ0s+lTWLTMBabb2Makuj3glVc="},"lastRemoteEphemeralKey":"BVGuQvmv1yMphzjnuWEhtrdRcWFUbIcqe03SzQm8gJEt","previousCounter":0,"rootKey":"zXJV4baq/PMLgAaSB5QyyQkl22juRuuuZpWOFWL20jQ="},"indexInfo":{"baseKey":"BSAXO2D44rQCR46HSpMGvgI/UwU47N2tKSBD9ljSkt9i","baseKeyType":1,"closed":-1,"used":1735190255731,"created":1735190255731,"remoteIdentityKey":"BZLcFcUQrAjbs1KPDoUz+SD9LPWVdkEz44CbYVVo64Ey"},"_chains":{"BeXjhHoaSKNLvcyWObqhfB+INrhiOEfNRIxytxMP0C8T":{"chainKey":{"counter":1,"key":"aw4WGksViYkMhBtwSq5n1WKWrHTmydzLEha7eqlRLjA="},"chainType":1,"messageKeys":{}}},"pendingPreKey":{"signedKeyId":0,"baseKey":"BSAXO2D44rQCR46HSpMGvgI/UwU47N2tKSBD9ljSkt9i","preKeyId":15437994}}},"version":"v1"}