{"_sessions":{"BTCZ6HjVltevdguLZItV1yLBklpABkgaxRnuH+xS0JAY":{"registrationId":1422875087,"currentRatchet":{"ephemeralKeyPair":{"pubKey":"BTKNHzTbtueqXPss3MhFRRFxjk1TQYwvJ5t0qlYwbY1G","privKey":"eKXC1j+hXPTw3WUdbQ15Cuhr8B20tIOakrdu7DacDV0="},"lastRemoteEphemeralKey":"BZfKOcb1+yWjviSd5yHLnwsI9y4lyjEx/Ct/2NlmbZhU","previousCounter":0,"rootKey":"nuIZJkw4mGdtUzaI+GXO9Vm7+HHSmloIKJw7mMVoWis="},"indexInfo":{"baseKey":"BTCZ6HjVltevdguLZItV1yLBklpABkgaxRnuH+xS0JAY","baseKeyType":1,"closed":-1,"used":1735230286576,"created":1735230286576,"remoteIdentityKey":"BSh3pe4eh8/Xa2I9gssKuRfPlbtFF5M5Pi6DnSyJUYRg"},"_chains":{"BTKNHzTbtueqXPss3MhFRRFxjk1TQYwvJ5t0qlYwbY1G":{"chainKey":{"counter":1,"key":"Nru314j9qyz1JTrhy+OkW+86iXVFf+almGAQp/Ghy/8="},"chainType":1,"messageKeys":{}}},"pendingPreKey":{"signedKeyId":28,"baseKey":"BTCZ6HjVltevdguLZItV1yLBklpABkgaxRnuH+xS0JAY","preKeyId":6758382}}},"version":"v1"}