{"_sessions":{"BdjQf/8HtldchYG/1x2eqxHRB/vaZsbb4Y6Ugh5uX9la":{"registrationId":7176,"currentRatchet":{"ephemeralKeyPair":{"pubKey":"BV5VocAup7Ff3RpOwl3mhi8U6tTFf+2rGMgFDQz7teoj","privKey":"WDzEGGs39PExPhegHBRLElXZ9rz/eVvv2tOw5s84ZWw="},"lastRemoteEphemeralKey":"BRVjVOgIxfQBvF0qk2Q4fECip7VWP0cdlRe81nGSnWIB","previousCounter":0,"rootKey":"IZ+e/SlPUZzepNkpX+PxEi1WH825BrV1QiXMO2FbFak="},"indexInfo":{"baseKey":"BdjQf/8HtldchYG/1x2eqxHRB/vaZsbb4Y6Ugh5uX9la","baseKeyType":1,"closed":-1,"used":1735230289671,"created":1735230289671,"remoteIdentityKey":"BRDL4RjG2ke78SbAsfQ/dR54MOaHghcYks7j8myDcVF6"},"_chains":{"BV5VocAup7Ff3RpOwl3mhi8U6tTFf+2rGMgFDQz7teoj":{"chainKey":{"counter":0,"key":"i0XksJesLwgRYd6xQICnlnvnXb+rC5vBZNdl3t5hEMM="},"chainType":1,"messageKeys":{}}},"pendingPreKey":{"signedKeyId":1,"baseKey":"BdjQf/8HtldchYG/1x2eqxHRB/vaZsbb4Y6Ugh5uX9la","preKeyId":899}}},"version":"v1"}