{"_sessions":{"BecEZ1LlZJzMM7+NTQX9TV3w1FQuvPl6KUNYb3AxS2ox":{"registrationId":762808833,"currentRatchet":{"ephemeralKeyPair":{"pubKey":"BTUOyhw1oMJmTNVP8/GAJfL5LKqiRTDVYXOgRBiZj5sr","privKey":"aLyV17px4P+H0H5QzBB6ULxoC5lbGi07FeOv/4RbW0Y="},"lastRemoteEphemeralKey":"BeHzHoNIOXPzhrXTB6CkWqVAO4HkSjBpHV6BL0DII0Y/","previousCounter":0,"rootKey":"o3q1IFYAVA5KWPzMVMnnWAv0JqQNyS7hVUhDUNvt7zw="},"indexInfo":{"baseKey":"BecEZ1LlZJzMM7+NTQX9TV3w1FQuvPl6KUNYb3AxS2ox","baseKeyType":1,"closed":1735231160510,"used":1735121461408,"created":1735121461408,"remoteIdentityKey":"BSnVHpq2lnujIeLs0vfvfXG6NfTigb3oea1PKEzJ/xpx"},"_chains":{"BTUOyhw1oMJmTNVP8/GAJfL5LKqiRTDVYXOgRBiZj5sr":{"chainKey":{"counter":32,"key":"vFG01a6Zi/5TwhG3ZGooFX5NC7jIoRMpxAMlkXg3Tl0="},"chainType":1,"messageKeys":{}}},"pendingPreKey":{"signedKeyId":10,"baseKey":"BecEZ1LlZJzMM7+NTQX9TV3w1FQuvPl6KUNYb3AxS2ox","preKeyId":2843596}},"BZKSINMGmzpdQfBStjKuzypDlY0ZXYlj3gXrP+G5YQtY":{"registrationId":762808833,"currentRatchet":{"ephemeralKeyPair":{"pubKey":"BQlbJtcavvhFsO+gnPvKaE0q52KaZuzEvzpqp9eyr7tM","privKey":"+O7wNZE78HcYpeZv46/LcKViVm1htNB51N4Fvoe/Qkw="},"lastRemoteEphemeralKey":"BbsrqJuRt4UxJBfO4Zx2THuiwousycYGJAWS2kClN6IR","previousCounter":0,"rootKey":"D54fSN/XX6o7kcWqIh4dYLrfFcjSAyshMl8X6F59Lns="},"indexInfo":{"baseKey":"BZKSINMGmzpdQfBStjKuzypDlY0ZXYlj3gXrP+G5YQtY","baseKeyType":2,"closed":-1,"used":1735231160514,"created":1735231160514,"remoteIdentityKey":"BSnVHpq2lnujIeLs0vfvfXG6NfTigb3oea1PKEzJ/xpx"},"_chains":{"BbsrqJuRt4UxJBfO4Zx2THuiwousycYGJAWS2kClN6IR":{"chainKey":{"counter":1,"key":"Beapzp7kf9CAZZrhyxtrj/m/0jhbvm7yDTyHIdur90w="},"chainType":2,"messageKeys":{}},"BQlbJtcavvhFsO+gnPvKaE0q52KaZuzEvzpqp9eyr7tM":{"chainKey":{"counter":-1,"key":"CiT2Zvbft5TvLDF2jESsekjlKtJuQK/DXpzKAJcd7wE="},"chainType":1,"messageKeys":{}}}}},"version":"v1"}