{"_sessions":{"BfBFPKA/KB1NPQGE/Jk8hyQmtlnhR9vQQvDCmtCzJMdJ":{"registrationId":180219353,"currentRatchet":{"ephemeralKeyPair":{"pubKey":"BeHAj2DvAEk4+T5uSkZJ2i7OqaG7E9UEea0G6Ye2fPMj","privKey":"YGn1vWNUmwNWItrmD3MJAovr6wZM6uQbYNwV/++Z7WE="},"lastRemoteEphemeralKey":"BUHS8niNN2Q2BKlBeC7akXqW9SA7grc7Lq3seC07LCxZ","previousCounter":0,"rootKey":"P54kRYzf0GDil7l6RpC4csOi+6yMRKg1bFXYxO3H/uI="},"indexInfo":{"baseKey":"BfBFPKA/KB1NPQGE/Jk8hyQmtlnhR9vQQvDCmtCzJMdJ","baseKeyType":1,"closed":-1,"used":1735230338779,"created":1735230338779,"remoteIdentityKey":"Bfg4mI17k3NxUYYCZHCDoWbLn06dvUNMY8qRJfZVHmMD"},"_chains":{"BeHAj2DvAEk4+T5uSkZJ2i7OqaG7E9UEea0G6Ye2fPMj":{"chainKey":{"counter":0,"key":"TJUbI0/QS5Pm1+LdIo5ecUn7th4vlxP4EhfN4SGxB28="},"chainType":1,"messageKeys":{}}},"pendingPreKey":{"signedKeyId":5,"baseKey":"BfBFPKA/KB1NPQGE/Jk8hyQmtlnhR9vQQvDCmtCzJMdJ","preKeyId":14973570}}},"version":"v1"}