{"_sessions":{"BZTHmxzExoXZQWejTJoDpaq5PP5GpiqoCU1rf6XnCdx5":{"registrationId":85,"currentRatchet":{"ephemeralKeyPair":{"pubKey":"BZrycIvVUMpJvotf5NFfxvu5ZvZ3zd8JGUaF80WK14Yb","privKey":"eNWANvyQkzExig8FyzhcYio/cvsGZsBtn8U0O3+Qn0o="},"lastRemoteEphemeralKey":"BaUB5Y4YjpuqB5MFxUNvtTHkoMVqlTLzh/uxslahIi9F","previousCounter":0,"rootKey":"tlRx4daDslym9yL+WWoiw2kng9uKHgnvHglxhJthdF0="},"indexInfo":{"baseKey":"BZTHmxzExoXZQWejTJoDpaq5PP5GpiqoCU1rf6XnCdx5","baseKeyType":1,"closed":-1,"used":1735219041369,"created":1735219041369,"remoteIdentityKey":"BZh3dYYMlZC19j/DJ15TPsJlVbWFKLFikAWQcwSWEeVF"},"_chains":{"BZrycIvVUMpJvotf5NFfxvu5ZvZ3zd8JGUaF80WK14Yb":{"chainKey":{"counter":0,"key":"1/ZixgqonwbNz2OquLfPA9QkW23orSY0rDS873f1Qlc="},"chainType":1,"messageKeys":{}}},"pendingPreKey":{"signedKeyId":1,"baseKey":"BZTHmxzExoXZQWejTJoDpaq5PP5GpiqoCU1rf6XnCdx5"}}},"version":"v1"}