{"_sessions":{"BWtW5n08ZXJHZVSEblvIQ8vvu6J6QjOZ64fopd9qs7dR":{"registrationId":210,"currentRatchet":{"ephemeralKeyPair":{"pubKey":"BdtQgFFRVUs3Dc6tibZI73IzmzX6HIWOSaLANo3kJmJB","privKey":"sGjCI1nch7Q+cisx4YnW105ypFbma67/GFXDmR1jzXk="},"lastRemoteEphemeralKey":"BTZ5KZSErk0I+L5ICjTyiZmu/sWfkArQGaGkqi7VWGZQ","previousCounter":0,"rootKey":"1OayeIGsX1c34NOlBYjh5F7ILVjds7RMNdjVTDJRuYo="},"indexInfo":{"baseKey":"BWtW5n08ZXJHZVSEblvIQ8vvu6J6QjOZ64fopd9qs7dR","baseKeyType":1,"closed":-1,"used":1735190186038,"created":1735190186038,"remoteIdentityKey":"BbRs/AW1CheNTIt3BGCpNffJRF2Xo5IxFhoAYMq3C0wS"},"_chains":{"BdtQgFFRVUs3Dc6tibZI73IzmzX6HIWOSaLANo3kJmJB":{"chainKey":{"counter":1,"key":"9xHIr8RejOwwrgFCN3p7E6ScjnIEs9kzwEBDORTbkTw="},"chainType":1,"messageKeys":{}}},"pendingPreKey":{"signedKeyId":1,"baseKey":"BWtW5n08ZXJHZVSEblvIQ8vvu6J6QjOZ64fopd9qs7dR"}}},"version":"v1"}