{"_sessions":{"BTDSUcbrYn/2ZFmHis9juGsRwHl6E1bQ4JzW9oUBmRcc":{"registrationId":2144452072,"currentRatchet":{"ephemeralKeyPair":{"pubKey":"BXMapALZIPpSrFvF+UwCu/Hej0nlFQXSZa4PhkPesA1l","privKey":"MMF4YfKLDzqi25FxyUo8ebcUCLVDNpZF6IuenP/rH0U="},"lastRemoteEphemeralKey":"Bb3+DWjRiOwcGMt6e2D/WgOBiEsGlfRT/XtgEf9r/hV5","previousCounter":0,"rootKey":"mvSEYXM2IZhD4HwnI8amz4yTCf+p3Zfmh+mkIiVVS2I="},"indexInfo":{"baseKey":"BTDSUcbrYn/2ZFmHis9juGsRwHl6E1bQ4JzW9oUBmRcc","baseKeyType":1,"closed":-1,"used":1735230324651,"created":1735230324651,"remoteIdentityKey":"BWEzeFWo6UbeFirPEVmYoezvU2PUCn6gZ3kF/EmrAf4n"},"_chains":{"BXMapALZIPpSrFvF+UwCu/Hej0nlFQXSZa4PhkPesA1l":{"chainKey":{"counter":0,"key":"b6qfNYB3TiuJ3Vvje/bu3Gtpt7s1CsPn1Tom25ybhL8="},"chainType":1,"messageKeys":{}}},"pendingPreKey":{"signedKeyId":4,"baseKey":"BTDSUcbrYn/2ZFmHis9juGsRwHl6E1bQ4JzW9oUBmRcc","preKeyId":14060907}}},"version":"v1"}