{"_sessions":{"Be2ayrsPquEUhJRfrKKqeY/yF57TK4NK+bxBiu25qeRn":{"registrationId":39,"currentRatchet":{"ephemeralKeyPair":{"pubKey":"BX+BhRFBfjGhcGmfhCsB1nXGkc5kIDZX+vVZ86S/hBod","privKey":"QKUuytv6lpTLZq/K32fcM/tagf3+wp5i/xW0ybv+2UE="},"lastRemoteEphemeralKey":"BRI3T1GWP+v64BrgF+9jUDtZQRmAtLE53K1qDTEGK69+","previousCounter":0,"rootKey":"MH9ZV61i9aSZJK5YxJvfr8aGq/JiCJQgDBww22Uw6ow="},"indexInfo":{"baseKey":"Be2ayrsPquEUhJRfrKKqeY/yF57TK4NK+bxBiu25qeRn","baseKeyType":1,"closed":-1,"used":1735190105398,"created":1735190105398,"remoteIdentityKey":"BecWmHOHnsV6hFSRbj9ZWswJ4m8rlLeWsBBXY/95p5pL"},"_chains":{"BX+BhRFBfjGhcGmfhCsB1nXGkc5kIDZX+vVZ86S/hBod":{"chainKey":{"counter":3,"key":"6a4mEnyB1MqiTJ292nJelCXS8F8q4qhuuELD1I1cgGM="},"chainType":1,"messageKeys":{}}},"pendingPreKey":{"signedKeyId":1,"baseKey":"Be2ayrsPquEUhJRfrKKqeY/yF57TK4NK+bxBiu25qeRn"}}},"version":"v1"}