{"_sessions":{"BWXqLHxoBShMkKZ4WCMvvc0t48bZ8qKm7ZmjnFma1PJe":{"registrationId":1650236781,"currentRatchet":{"ephemeralKeyPair":{"pubKey":"BWVr+1BIctc3cW7TWbarGvvv14Yc0P+wShWbfySNqN1C","privKey":"APjVqazu3xtvTPWk7a4s5P4CQsenCgEELWJp8k2MWXw="},"lastRemoteEphemeralKey":"BShFfbVoZqoQykI7bwUmg8SGYWfWVsK3GgVhqxbllDJl","previousCounter":0,"rootKey":"2Sv7uYaGjweu2NWa+3q1A2iMxLv7B2hNQeq8BTABn4k="},"indexInfo":{"baseKey":"BWXqLHxoBShMkKZ4WCMvvc0t48bZ8qKm7ZmjnFma1PJe","baseKeyType":1,"closed":-1,"used":1735190255538,"created":1735190255538,"remoteIdentityKey":"BZh4v+QAGd5uUvHy6GoQ7MGbVuHNACSWeXEEWX0gJBsY"},"_chains":{"BWVr+1BIctc3cW7TWbarGvvv14Yc0P+wShWbfySNqN1C":{"chainKey":{"counter":1,"key":"F3ePMBLW0nFBAWoQYwSV0bjVJvbr1yBT7jCHl2j05xs="},"chainType":1,"messageKeys":{}}},"pendingPreKey":{"signedKeyId":0,"baseKey":"BWXqLHxoBShMkKZ4WCMvvc0t48bZ8qKm7ZmjnFma1PJe","preKeyId":12498757}}},"version":"v1"}