{"_sessions":{"BbTHErEZxkfBXK7B7EnRJkbOisq5wQwksWFUu1K90hFa":{"registrationId":1895113088,"currentRatchet":{"ephemeralKeyPair":{"pubKey":"BSEIGgq7egReokgWdOQv7zoXoc5VPo9KPfjWznrCwXsq","privKey":"cCJvbe6RBwCrt4CmXedOQlz5djs7mH68Vnxxvem0jH4="},"lastRemoteEphemeralKey":"BRYMvLlOQAHDpjc5B+SGzFbu6TGcP/IhhRVlP/Mz0uFb","previousCounter":0,"rootKey":"EJOBNBdKwwwag3PG0ZHiwq3GR8Lslo8QV0ziNnLUtz8="},"indexInfo":{"baseKey":"BbTHErEZxkfBXK7B7EnRJkbOisq5wQwksWFUu1K90hFa","baseKeyType":1,"closed":-1,"used":1735230338970,"created":1735230338970,"remoteIdentityKey":"BZgM6GiMolEc2r3Nlvrf6nKTuk3Nfe4cnko63agU56UV"},"_chains":{"BSEIGgq7egReokgWdOQv7zoXoc5VPo9KPfjWznrCwXsq":{"chainKey":{"counter":0,"key":"tCSUldLUiaZYLafwx9OUkrY43pNn8uLtA3VeWbAf+yM="},"chainType":1,"messageKeys":{}}},"pendingPreKey":{"signedKeyId":8829322,"baseKey":"BbTHErEZxkfBXK7B7EnRJkbOisq5wQwksWFUu1K90hFa","preKeyId":4601}}},"version":"v1"}