{"_sessions":{"BaUahDssGEXsgNJXr7JXyWeyteLODJLVh5U7mVaOqD81":{"registrationId":389311863,"currentRatchet":{"ephemeralKeyPair":{"pubKey":"BaHRxydNvAinNwYaGqzuRnvWncotsoK5XubBizM5EnVb","privKey":"4NSXa6+wA+P9qwA7NQr2w7C1NwCQ5d0HYssQu01kJXY="},"lastRemoteEphemeralKey":"BczZtqR9dOZYGJ1vX5d1zXFYBqoZn8E/Rt/uB5EojAEO","previousCounter":0,"rootKey":"SzGcRvSRybmrVGrqWsjTixPHtDZo0SjvnstldmbN0Oc="},"indexInfo":{"baseKey":"BaUahDssGEXsgNJXr7JXyWeyteLODJLVh5U7mVaOqD81","baseKeyType":1,"closed":-1,"used":1735190246931,"created":1735190246931,"remoteIdentityKey":"BTl3PPDIBy+RcgeLoZmISvL+bZeT5E/5SdEK4ZBz69xx"},"_chains":{"BaHRxydNvAinNwYaGqzuRnvWncotsoK5XubBizM5EnVb":{"chainKey":{"counter":1,"key":"jZtHqssKpbndu1pTXRxcXnL0wWwkIqOyE+oL4jdl7sE="},"chainType":1,"messageKeys":{}}},"pendingPreKey":{"signedKeyId":0,"baseKey":"BaUahDssGEXsgNJXr7JXyWeyteLODJLVh5U7mVaOqD81"}}},"version":"v1"}