{"_sessions":{"BbczqgimE5a9R3WeeioIPVrsO8k9lO4dZh+ilx6rZPhz":{"registrationId":651087239,"currentRatchet":{"ephemeralKeyPair":{"pubKey":"BaLyyOUUv7sg0ZM4WLxdDdZRt4IcjfCBJZ+VBEXAvQFi","privKey":"GNU/ot63RzOJDvOfft8Ig13uy67W7YO3PmFYY5eF1mE="},"lastRemoteEphemeralKey":"BdXvn8qkHs3o828MPcp4noWLOtBY6AcIMofE5CP0SSQQ","previousCounter":0,"rootKey":"DIUOf+sB/yvzg97s8I1+dJMZPTot4/22teF1BihnKrA="},"indexInfo":{"baseKey":"BbczqgimE5a9R3WeeioIPVrsO8k9lO4dZh+ilx6rZPhz","baseKeyType":1,"closed":-1,"used":1735190113402,"created":1735190113402,"remoteIdentityKey":"BVvEWaXtwmm8uPMuFgR6iHCcWujr/7/oVPRg5HJATFwz"},"_chains":{"BaLyyOUUv7sg0ZM4WLxdDdZRt4IcjfCBJZ+VBEXAvQFi":{"chainKey":{"counter":1,"key":"zAlnYTtmeH5m1Z4ApZ0Btl2DYaL8rqngMLrudybYfis="},"chainType":1,"messageKeys":{}}},"pendingPreKey":{"signedKeyId":6,"baseKey":"BbczqgimE5a9R3WeeioIPVrsO8k9lO4dZh+ilx6rZPhz","preKeyId":12300967}}},"version":"v1"}