{"_sessions":{"BY0hnJHSc7JnT5O1cCULMtTwi3gGWZl3eSR12SK+Zz1Z":{"registrationId":777423203,"currentRatchet":{"ephemeralKeyPair":{"pubKey":"BQSK590YlLPMg00FkMbTJ/P6rpe8ucx2KxEL+0HCBb8k","privKey":"IHCqaj3UNetpJlSo5x2ccz1xn9dKMCkpPVrqRK88/20="},"lastRemoteEphemeralKey":"BR3bqzaa4KDjcaYi9gJ2UzhvXW0DCqtQtrZRuUE41uZ7","previousCounter":0,"rootKey":"v7KFaymvma5V7fN2405UpDStzhdTPpMDPpX/xbDjjgM="},"indexInfo":{"baseKey":"BY0hnJHSc7JnT5O1cCULMtTwi3gGWZl3eSR12SK+Zz1Z","baseKeyType":1,"closed":-1,"used":1735190157552,"created":1735190157552,"remoteIdentityKey":"BU0dBYDAP3LCcOvOHkbjosMy0N/iLPFM81XvP2HtXvon"},"_chains":{"BQSK590YlLPMg00FkMbTJ/P6rpe8ucx2KxEL+0HCBb8k":{"chainKey":{"counter":1,"key":"N4lRNcacgVrfspLkS/Xc2K/OoAWaiQULaRK/w6pOi5Q="},"chainType":1,"messageKeys":{}}},"pendingPreKey":{"signedKeyId":2,"baseKey":"BY0hnJHSc7JnT5O1cCULMtTwi3gGWZl3eSR12SK+Zz1Z","preKeyId":7327888}}},"version":"v1"}