{"_sessions":{"BYSmjqIGWpC36+O5L3+ydbK5+bXS9+omFww6OkJ7Yt1H":{"registrationId":1863057658,"currentRatchet":{"ephemeralKeyPair":{"pubKey":"BW7GJupU2WOJYpm91tHQjODNjwW6AF4MlLmu3c4GWsMB","privKey":"iHyR6CNAsnMP1Ie+pKGPHa3YINMXNx2IPqQ5b88G234="},"lastRemoteEphemeralKey":"BShpvMaxzytNb8BlvKnu3hdvxT8+Wuioymy589hYMaIH","previousCounter":0,"rootKey":"y8RswJVTxKApQoxy507C8ojoH5pARobZAm4ECg0Inqs="},"indexInfo":{"baseKey":"BYSmjqIGWpC36+O5L3+ydbK5+bXS9+omFww6OkJ7Yt1H","baseKeyType":1,"closed":-1,"used":1735190166572,"created":1735190166572,"remoteIdentityKey":"BRkuhB1kA9N/q7pd0ukHrTN8FXJdDNfScz9TEPjP/bNv"},"_chains":{"BW7GJupU2WOJYpm91tHQjODNjwW6AF4MlLmu3c4GWsMB":{"chainKey":{"counter":1,"key":"SGv+4sJfQBGRdCIZdtVJCnRj96RIzrYNn0w6aF4Dkw4="},"chainType":1,"messageKeys":{}}},"pendingPreKey":{"signedKeyId":1,"baseKey":"BYSmjqIGWpC36+O5L3+ydbK5+bXS9+omFww6OkJ7Yt1H","preKeyId":10352698}}},"version":"v1"}