{"_sessions":{"Ba5ouEnwdwBsp5V0jEsUr3D0YJVfj1yMoL0tAqLfxolO":{"registrationId":48,"currentRatchet":{"ephemeralKeyPair":{"pubKey":"BQw9M0kMwcZ5HFACwmEfqnrAlbIObs9tzejXlT2B8jI8","privKey":"IMqYzF7WFYWwFGPoLqi4IqPrdiDdAZBKSrI7eej9xEs="},"lastRemoteEphemeralKey":"BWKlvJUBiX5QVbiUc0qVTbfEbT6HrJBgmEJU/gnCVr56","previousCounter":0,"rootKey":"qSjOpSR8Y+bJ8gRCKyf+H2a26b2Nh+qmfODutef6SKI="},"indexInfo":{"baseKey":"Ba5ouEnwdwBsp5V0jEsUr3D0YJVfj1yMoL0tAqLfxolO","baseKeyType":1,"closed":-1,"used":1735194704471,"created":1735194704471,"remoteIdentityKey":"BfIazC08Nn9NZbhHergMCo+oqfuya2p0NXYxJrsmxmNx"},"_chains":{"BQw9M0kMwcZ5HFACwmEfqnrAlbIObs9tzejXlT2B8jI8":{"chainKey":{"counter":0,"key":"Ujb/rURJAZllDUruJ3imDgtvnfpLA2dhbEO7ZmmhMu8="},"chainType":1,"messageKeys":{}}},"pendingPreKey":{"signedKeyId":1,"baseKey":"Ba5ouEnwdwBsp5V0jEsUr3D0YJVfj1yMoL0tAqLfxolO"}}},"version":"v1"}