{"_sessions":{"Bbh4nT4NTRfw0GpO3gZ3VU2dHyb3Qt4DlZG3cD4AcVJh":{"registrationId":1679594874,"currentRatchet":{"ephemeralKeyPair":{"pubKey":"BfbspzdZfLoc91KqanztDRG2KsGvw2XWgIVKDHdOtBlr","privKey":"eOOUjVgkLH53Mq4FcIS4LlKUVIA8wiL0/JtglQ/pZX8="},"lastRemoteEphemeralKey":"BXdk5fACGOcXlZe+2oLM7zfvBCPyCojtaAa8Du439hAb","previousCounter":0,"rootKey":"NZZaQBqjO1x0e13ke2k/fzqltMlxVC0GzVUIRTD/e3s="},"indexInfo":{"baseKey":"Bbh4nT4NTRfw0GpO3gZ3VU2dHyb3Qt4DlZG3cD4AcVJh","baseKeyType":1,"closed":-1,"used":1735192883163,"created":1735192883163,"remoteIdentityKey":"Be5DYxXfOHah4nbAPPvu5rZrgpPsROg/8z714ZGcNBIR"},"_chains":{"BfbspzdZfLoc91KqanztDRG2KsGvw2XWgIVKDHdOtBlr":{"chainKey":{"counter":0,"key":"vNgCekB68G51tQ7j9cMsVqhgqKL5Bwi4tvDkatG1lbs="},"chainType":1,"messageKeys":{}}},"pendingPreKey":{"signedKeyId":4,"baseKey":"Bbh4nT4NTRfw0GpO3gZ3VU2dHyb3Qt4DlZG3cD4AcVJh","preKeyId":5773177}}},"version":"v1"}