{"_sessions":{"BeapCPenm6lE2pzTuMYnqJ1XRAI3qnyY28Hdw4MEOJBc":{"registrationId":318752137,"currentRatchet":{"ephemeralKeyPair":{"pubKey":"Bc8fdqVAuLa/hKfdhwNigdF5E8SvzFfu9nY0gm2mEdUs","privKey":"8NigFPBE7ZTUooDmNZCKuMXX2IXQGnXBOIZ8JQR31mY="},"lastRemoteEphemeralKey":"BVdp28sdvnTnbaGPjaPN075ELnztPGUy5qgIWTPJ7CUh","previousCounter":0,"rootKey":"MwMFcdaY5Cx4rtRFPRZke9IA8Jz+eJIxAXyC56YzroA="},"indexInfo":{"baseKey":"BeapCPenm6lE2pzTuMYnqJ1XRAI3qnyY28Hdw4MEOJBc","baseKeyType":1,"closed":-1,"used":1735192864767,"created":1735192864767,"remoteIdentityKey":"BW4gZvao6UT30yygMtbISKHCHVLgmGf0RqSkGQVczxh/"},"_chains":{"Bc8fdqVAuLa/hKfdhwNigdF5E8SvzFfu9nY0gm2mEdUs":{"chainKey":{"counter":0,"key":"dcrJeTlJhZagH2eMFW3hbl51Wv3cJl1QsS/sa683Xq8="},"chainType":1,"messageKeys":{}}},"pendingPreKey":{"signedKeyId":2,"baseKey":"BeapCPenm6lE2pzTuMYnqJ1XRAI3qnyY28Hdw4MEOJBc","preKeyId":28082}}},"version":"v1"}