{"_sessions":{"BbbUObN4dhNIr+kUnz8zAquCamiXYGVLhF0/SbvMAFBM":{"registrationId":141,"currentRatchet":{"ephemeralKeyPair":{"pubKey":"BRKqh/aO5WywMLN9FHY8s6ToE4UIaq0SUAnA+ZN4WAEJ","privKey":"iH1rbmYUf/OUwPnKvxyeEdI+xTKKqORO06YwGbgKtHw="},"lastRemoteEphemeralKey":"BYfymyIYH2eacXQFIGCDkLuic55qJeMWMhW/QsYUgvkp","previousCounter":0,"rootKey":"mIlihMP81lkO/TsECYphI9QsfuXI6NMG0DTKV4xLGTs="},"indexInfo":{"baseKey":"BbbUObN4dhNIr+kUnz8zAquCamiXYGVLhF0/SbvMAFBM","baseKeyType":1,"closed":-1,"used":1735121448398,"created":1735121448398,"remoteIdentityKey":"BeeMmoJ6mW6Jj5ImlwzgTwjz571Hyhjlxdd9DJmgPdIF"},"_chains":{"BRKqh/aO5WywMLN9FHY8s6ToE4UIaq0SUAnA+ZN4WAEJ":{"chainKey":{"counter":33,"key":"Vh+8n0VFz7G7UL7EIPsxNnRvr9UoybyBLQZvPAozAm0="},"chainType":1,"messageKeys":{}}},"pendingPreKey":{"signedKeyId":1,"baseKey":"BbbUObN4dhNIr+kUnz8zAquCamiXYGVLhF0/SbvMAFBM"}}},"version":"v1"}