{"_sessions":{"BVXGWsus97TS+/uv7y2LKaUhtWrimXQG9E/y03os040w":{"registrationId":406709066,"currentRatchet":{"ephemeralKeyPair":{"pubKey":"BYoVGyPc4epcGM6Np0S60OcYvmXc20G11lxIx0jaq/ZD","privKey":"oMqzbdU4Z/Becth2tgXCrNKJl/AvxHIvaa7M9STifmM="},"lastRemoteEphemeralKey":"BUXdXyQV51rjTF5ieXGEaIBloxBHJhao5dAv0G99/S9F","previousCounter":0,"rootKey":"qVlwtNlvqisuXZx3QGB4LGh/uOKfLHlOq/6pSgFztgc="},"indexInfo":{"baseKey":"BVXGWsus97TS+/uv7y2LKaUhtWrimXQG9E/y03os040w","baseKeyType":1,"closed":-1,"used":1735230329689,"created":1735230329689,"remoteIdentityKey":"Be3unlXFmg9Ct6NTfRsLkZk9lGWDrbDwimWWp1yb7z8T"},"_chains":{"BYoVGyPc4epcGM6Np0S60OcYvmXc20G11lxIx0jaq/ZD":{"chainKey":{"counter":0,"key":"261tT9TK/8peVS8TNvoAa2t1GV4NhAvLyvGBPWcypXA="},"chainType":1,"messageKeys":{}}},"pendingPreKey":{"signedKeyId":9,"baseKey":"BVXGWsus97TS+/uv7y2LKaUhtWrimXQG9E/y03os040w","preKeyId":13632510}}},"version":"v1"}