{"_sessions":{"BXK7pS+1zV0GFmb7HiJiIetlT8QhnuCqMIKlH7+D4eFq":{"registrationId":142934549,"currentRatchet":{"ephemeralKeyPair":{"pubKey":"BXjsRSZK5xrVAX2kryEMsfO1z/u+uPA52N/dWAVDSJ0A","privKey":"4LxK9FEdzbwCDJMvBWQ3QGb5ulIc5tzysLR8ZRQse1o="},"lastRemoteEphemeralKey":"BUo2cZR87t9hK0BOemOFN+RkW5X6ofpk2hHtHiFfghY3","previousCounter":0,"rootKey":"dI1e6At4rDurvyCKx3tiN/RV6fPhxceuV1C0am8MNl4="},"indexInfo":{"baseKey":"BXK7pS+1zV0GFmb7HiJiIetlT8QhnuCqMIKlH7+D4eFq","baseKeyType":1,"closed":-1,"used":1735190110736,"created":1735190110736,"remoteIdentityKey":"BYjVF2WQVVyrLt9SA8WcPiWil7/pEIrpaNHS9eJ8G0Qp"},"_chains":{"BXjsRSZK5xrVAX2kryEMsfO1z/u+uPA52N/dWAVDSJ0A":{"chainKey":{"counter":1,"key":"tkqqD3lmpFm8jgjOKKuqBKjQ7f6zaBwzZc3tXfdxlz0="},"chainType":1,"messageKeys":{}}},"pendingPreKey":{"signedKeyId":3,"baseKey":"BXK7pS+1zV0GFmb7HiJiIetlT8QhnuCqMIKlH7+D4eFq","preKeyId":5660671}}},"version":"v1"}