{"_sessions":{"BRGodq6GaHbS93B6aBoHy3s5FmR1yin4Aretdm/v2/FV":{"registrationId":976084021,"currentRatchet":{"ephemeralKeyPair":{"pubKey":"BX2OS/9XIB7md5+leiUDneQ3n9zTwT4fszIRZPKQrzIt","privKey":"SKyPq7TLnOoEVyyH75aixn3RYtBOSPsDpcwFfisoflo="},"lastRemoteEphemeralKey":"BX7V5njTf0a7/LfdeM7V/OpUqFgzqnug9ja9ubAelBd2","previousCounter":0,"rootKey":"Fiq7CCnpm+NDlfuIgXRWzVYSk5aPfAaqEQZCZ3StdZ8="},"indexInfo":{"baseKey":"BRGodq6GaHbS93B6aBoHy3s5FmR1yin4Aretdm/v2/FV","baseKeyType":1,"closed":-1,"used":1735216661112,"created":1735216661112,"remoteIdentityKey":"BW8pv/JOT/ssPwymCW5QPweSkYPRQAYMlU0RMQZDlyt5"},"_chains":{"BX2OS/9XIB7md5+leiUDneQ3n9zTwT4fszIRZPKQrzIt":{"chainKey":{"counter":0,"key":"teeYEZ/Xyc6ka4+RIBP1qO5v375VYJkWCAaBy9EC65o="},"chainType":1,"messageKeys":{}}},"pendingPreKey":{"signedKeyId":0,"baseKey":"BRGodq6GaHbS93B6aBoHy3s5FmR1yin4Aretdm/v2/FV","preKeyId":1443775}}},"version":"v1"}