{"_sessions":{"Bf9JbGGllb7zGcf2L+dtqNfgT96ebx93BOm/47v7dskZ":{"registrationId":903945959,"currentRatchet":{"ephemeralKeyPair":{"pubKey":"BStodn4AGeQ6JhGgBvdb7lG+TAS4TrCk9//Q3gKwutx9","privKey":"YMgmBKLrZXqQjrfgp7UuDV9msjyWK6BaeXKSLp38k2o="},"lastRemoteEphemeralKey":"Bc8ceK4gnaA1a8I4I0/pxPlU3g3IsdE4Ar6Sfm71fpNK","previousCounter":0,"rootKey":"erAMabZUIZL9+BiP8X9hU3MS78Ba4XhBrsxyP2UpEGo="},"indexInfo":{"baseKey":"Bf9JbGGllb7zGcf2L+dtqNfgT96ebx93BOm/47v7dskZ","baseKeyType":1,"closed":-1,"used":1735192834924,"created":1735192834924,"remoteIdentityKey":"BaAWq3XaAsGn7hP93wty3MEQdlCbw9fnlH4TYYyZI3cT"},"_chains":{"BStodn4AGeQ6JhGgBvdb7lG+TAS4TrCk9//Q3gKwutx9":{"chainKey":{"counter":0,"key":"/BJ5ona9qbjcFYz1AJb2RjVLUS8eG3n6VjrVkkV/ork="},"chainType":1,"messageKeys":{}}},"pendingPreKey":{"signedKeyId":2,"baseKey":"Bf9JbGGllb7zGcf2L+dtqNfgT96ebx93BOm/47v7dskZ","preKeyId":7015741}}},"version":"v1"}