{"_sessions":{"Bb94LD5HdSogH9NrbOYvbIiKpXA1FrF+MaOsF8+lLZ5z":{"registrationId":4055397168,"currentRatchet":{"ephemeralKeyPair":{"pubKey":"Bfz9mOeg5vaSpXAjdxkA0+G9iD+9rn70gJ02MvK/DX9X","privKey":"ECTfpipZQ7YKEkDGYPP0BIYlUAnLl83Kowjc0piR82w="},"lastRemoteEphemeralKey":"BSJGSdlsRaw6/DEF/x3ucHLiwoGkT5ATXY09ZoCkMnoA","previousCounter":0,"rootKey":"RhbiSGrApnu6F9YtD0GBVxIJRSST5HKfNvBagn+HRzs="},"indexInfo":{"baseKey":"Bb94LD5HdSogH9NrbOYvbIiKpXA1FrF+MaOsF8+lLZ5z","baseKeyType":1,"closed":-1,"used":1735192797987,"created":1735192797987,"remoteIdentityKey":"BVFU9Pu+8XltjAgLh/jrCmgf4lSKmxbyKeofMKn1Pdcd"},"_chains":{"Bfz9mOeg5vaSpXAjdxkA0+G9iD+9rn70gJ02MvK/DX9X":{"chainKey":{"counter":0,"key":"mxt+d3UzOBbLUKZUtsBcl3lRJg55D5VKwERKeoMMb8E="},"chainType":1,"messageKeys":{}}},"pendingPreKey":{"signedKeyId":1,"baseKey":"Bb94LD5HdSogH9NrbOYvbIiKpXA1FrF+MaOsF8+lLZ5z"}}},"version":"v1"}