{"_sessions":{"BXSQNX0vzsv8TAUaTvW4uEgbZ/cYTK4EK/WQUZJh1t1J":{"registrationId":186,"currentRatchet":{"ephemeralKeyPair":{"pubKey":"BdN80sa63AZvgBeyeLjaVBQHpDjL0zvq2ai0QhGETfl9","privKey":"GCQzIhk1H8+xsM+VLfGzy22jj0Vt24d3LD0K1W5gIVk="},"lastRemoteEphemeralKey":"BVHVJWkXdkO1LGkDH3Xv7LIGKnfyooNIXGbJhbixg1VT","previousCounter":0,"rootKey":"1sZK/bXa6akIu5c3hWODIx6HcA3tCP7kSoUcqj5q7Aw="},"indexInfo":{"baseKey":"BXSQNX0vzsv8TAUaTvW4uEgbZ/cYTK4EK/WQUZJh1t1J","baseKeyType":1,"closed":-1,"used":1735123618076,"created":1735123618076,"remoteIdentityKey":"BTxZ3bQMlGo7YC9j3jgMuK18FFusqA+qAAL9O4T8zCJL"},"_chains":{"BdN80sa63AZvgBeyeLjaVBQHpDjL0zvq2ai0QhGETfl9":{"chainKey":{"counter":2,"key":"s4Z8V/5t+vVhCWPN9LyK4brvDzYBOwrS5n9dZoCen+g="},"chainType":1,"messageKeys":{}}},"pendingPreKey":{"signedKeyId":1,"baseKey":"BXSQNX0vzsv8TAUaTvW4uEgbZ/cYTK4EK/WQUZJh1t1J"}}},"version":"v1"}