{"_sessions":{"BWP3dXjVEPlGvJD2na/QblALUKreiQLc7Ea+KZP/xRgf":{"registrationId":206,"currentRatchet":{"ephemeralKeyPair":{"pubKey":"BbzVAX2hhhXXYGq0d0dPzMoVuF9jyB9AwNamHVzKWRZD","privKey":"uDcFFU9xTAoM3V8+RuoCxU+sVc/WAI8pN3Lb31u7dno="},"lastRemoteEphemeralKey":"Bd4ILsPC8qVjptb9X3Nl34/t142YlZT2+2NR36fKH4NM","previousCounter":0,"rootKey":"2H3hHTbN3sy+DjtnW80aMZPCykeFanRQJeTgknvNOPc="},"indexInfo":{"baseKey":"BWP3dXjVEPlGvJD2na/QblALUKreiQLc7Ea+KZP/xRgf","baseKeyType":1,"closed":-1,"used":1735123622460,"created":1735123622460,"remoteIdentityKey":"Bfbf60FeUpfmymlooi92yaqrGKxaHycd0oV1NDfZLSJr"},"_chains":{"BbzVAX2hhhXXYGq0d0dPzMoVuF9jyB9AwNamHVzKWRZD":{"chainKey":{"counter":0,"key":"5rGBvhq5AwmqObZiEqzMcgL4IAECC0ynv4gLEMNgqwI="},"chainType":1,"messageKeys":{}}},"pendingPreKey":{"signedKeyId":1,"baseKey":"BWP3dXjVEPlGvJD2na/QblALUKreiQLc7Ea+KZP/xRgf"}}},"version":"v1"}