{"_sessions":{"BV+D8hA3aD2xh4iaY09UXpcYvit4dEjwJiabwlDWE0QS":{"registrationId":156466601,"currentRatchet":{"ephemeralKeyPair":{"pubKey":"BXgatQD7ecGTORJR8pIgxPr/eOh8wdxc3jh5K/Js8GE8","privKey":"+EyAr40fNktxaJwKM7TBv7Cw3rUi+fSr3lTeOpIwU1M="},"lastRemoteEphemeralKey":"BXOKkDR5POJHoMyVkGuTXpfzNgZbbbhQhruGjPKaSQo3","previousCounter":0,"rootKey":"an7GZXRDpO39OJhsiu8uCtf3D89e6vyvvQXdGCiB7no="},"indexInfo":{"baseKey":"BV+D8hA3aD2xh4iaY09UXpcYvit4dEjwJiabwlDWE0QS","baseKeyType":1,"closed":-1,"used":1735230333604,"created":1735230333604,"remoteIdentityKey":"BWxclhH1+FHDoqqKJCNiIG9GnlZiWAaNSY4kdRFgzCEc"},"_chains":{"BXgatQD7ecGTORJR8pIgxPr/eOh8wdxc3jh5K/Js8GE8":{"chainKey":{"counter":0,"key":"msGONdfylXXkmPn3GqNdp9yeIJ3ccCQuk+JFJ1LVBi0="},"chainType":1,"messageKeys":{}}},"pendingPreKey":{"signedKeyId":4,"baseKey":"BV+D8hA3aD2xh4iaY09UXpcYvit4dEjwJiabwlDWE0QS","preKeyId":4128481}}},"version":"v1"}