{"_sessions":{"BVdvuO18OT6bNfwKTnmhX0FLFHf2R+Zm6ujmE71Z/Rwn":{"registrationId":1589669462,"currentRatchet":{"ephemeralKeyPair":{"pubKey":"BRlRZVdIRS/zaa4pG6JDTVg3iW9XZNbPNGcYB12haUod","privKey":"cAULdsRf1wDm2Qra6fa6LcAkQXPtXVWFCizzUv2en2o="},"lastRemoteEphemeralKey":"BQs8MTCarva2a7E+ycftBrbn8pozat4lclFpDaGhRh13","previousCounter":0,"rootKey":"tCqki3oytIn/daXWgqn7TXvMVo9b7ebqQ/LKY2jLi4M="},"indexInfo":{"baseKey":"BVdvuO18OT6bNfwKTnmhX0FLFHf2R+Zm6ujmE71Z/Rwn","baseKeyType":1,"closed":-1,"used":1735123618131,"created":1735123618131,"remoteIdentityKey":"BYWTBk4rkjduA8V5VxzMIhbivydUUgzNrQRW4cnntZIm"},"_chains":{"BRlRZVdIRS/zaa4pG6JDTVg3iW9XZNbPNGcYB12haUod":{"chainKey":{"counter":0,"key":"e3Sg7BWJ+mFhrydf6508GZ1xZAJH/kCNi07WKn4ZWUc="},"chainType":1,"messageKeys":{}}},"pendingPreKey":{"signedKeyId":6,"baseKey":"BVdvuO18OT6bNfwKTnmhX0FLFHf2R+Zm6ujmE71Z/Rwn","preKeyId":964387}}},"version":"v1"}