{"_sessions":{"BSyKG23+rB7utyRAnlIZis9fnwOmMGEQbIB1l3s7+scP":{"registrationId":212,"currentRatchet":{"ephemeralKeyPair":{"pubKey":"BVu/z0OlbIP04wCk9Iol5oarfXCwynWIpF3NUGgFV+Rq","privKey":"6M3HvcLBoSTzwMMQJcLNUdSQBhDkH6VbYUmFiVzw71g="},"lastRemoteEphemeralKey":"BT33H8D9SS9jk3aGXYJooC7rF4L2ktrYxk1eIRIC6/c6","previousCounter":0,"rootKey":"dJ+RyJf7TbUS4jwGX1Jv/IRhSiKS0ulX7M7l8ODic1o="},"indexInfo":{"baseKey":"BSyKG23+rB7utyRAnlIZis9fnwOmMGEQbIB1l3s7+scP","baseKeyType":1,"closed":-1,"used":1735192793081,"created":1735192793081,"remoteIdentityKey":"BeU7/Hk+pakXZNhAXmpe7EAzsXSZ16ZSoUez5JHcwS9b"},"_chains":{"BVu/z0OlbIP04wCk9Iol5oarfXCwynWIpF3NUGgFV+Rq":{"chainKey":{"counter":0,"key":"ruvxgH2NOwv2HAqw9429M7Ui9L0OsiQqF/VfSa5Zyfg="},"chainType":1,"messageKeys":{}}},"pendingPreKey":{"signedKeyId":1,"baseKey":"BSyKG23+rB7utyRAnlIZis9fnwOmMGEQbIB1l3s7+scP"}}},"version":"v1"}