{"_sessions":{"BUMfbar7IMnR00yNh/v5NBgsoOinhczpBhbktfPWRq5N":{"registrationId":247,"currentRatchet":{"ephemeralKeyPair":{"pubKey":"BU5rULYqN8Uigcr8kacbtht0PXPApKh3bGKePNEl8X95","privKey":"uP6JaVRlnzsTSXaAQLuv4KNvTqUgLZzy2myui855jks="},"lastRemoteEphemeralKey":"BRI1/qhfJIJHgWjzgspAyaEQnEbiEYmTU33XzHZT7rJl","previousCounter":0,"rootKey":"hBjTFGL+YzrresY4JyxN5pB/qiV5AQi3H2tbok0h2i4="},"indexInfo":{"baseKey":"BUMfbar7IMnR00yNh/v5NBgsoOinhczpBhbktfPWRq5N","baseKeyType":1,"closed":-1,"used":1735123603795,"created":1735123603795,"remoteIdentityKey":"BRa/azPcM5zWcS6TEdWJshC5LSFvWMjXR5YmZxD6oEpP"},"_chains":{"BU5rULYqN8Uigcr8kacbtht0PXPApKh3bGKePNEl8X95":{"chainKey":{"counter":4,"key":"tQGn9bklukTD7T1iSiILpBYHCTXWJCTqF5HoKeRJFtI="},"chainType":1,"messageKeys":{}}},"pendingPreKey":{"signedKeyId":1,"baseKey":"BUMfbar7IMnR00yNh/v5NBgsoOinhczpBhbktfPWRq5N"}}},"version":"v1"}