{"_sessions":{"Bc/NqvvbZR1daJe2JHxILRRhdZfB7eZzlLSvZ9qUWYsT":{"registrationId":104391919,"currentRatchet":{"ephemeralKeyPair":{"pubKey":"BRPfuunNr5G0+fMHZpX6/3emllkYOlesUbnkE2r7Q4po","privKey":"iCnkJ2ufCNers37m4yNbjPj0c4q9dSHv8KvcXyHD1nc="},"lastRemoteEphemeralKey":"BV6NbkmD219/cgKkg1e43JVBPj1hhcSgv3+S2qnoobsh","previousCounter":0,"rootKey":"LKNlWMOMT6rsz34qU9uAxrV9kHG4WCbU6ANF8xzcQzg="},"indexInfo":{"baseKey":"Bc/NqvvbZR1daJe2JHxILRRhdZfB7eZzlLSvZ9qUWYsT","baseKeyType":1,"closed":-1,"used":1735192879316,"created":1735192879316,"remoteIdentityKey":"BaEB6s0Pvf7yaGEn3gCNUN+ZpfzZxUF7cX9XGxapHDpA"},"_chains":{"BRPfuunNr5G0+fMHZpX6/3emllkYOlesUbnkE2r7Q4po":{"chainKey":{"counter":0,"key":"xkGp1hiR/TJXeXiZZ0sZ6lLKris7h6XUXpJgilUsc30="},"chainType":1,"messageKeys":{}}},"pendingPreKey":{"signedKeyId":0,"baseKey":"Bc/NqvvbZR1daJe2JHxILRRhdZfB7eZzlLSvZ9qUWYsT","preKeyId":16402169}}},"version":"v1"}