{"_sessions":{"BeNfstpM5xXceDiRQML1NTbx5pBWR/44UEzUsC1zQGBW":{"registrationId":988174930,"currentRatchet":{"ephemeralKeyPair":{"pubKey":"BTejGYgJWAR1FZZFmCYhvKI6TezYumrPHfYhnnzqpTBo","privKey":"eMbiP0qVVuhZwQm+Efa4Kt1sVuooTmfVFuiYmYrf/X4="},"lastRemoteEphemeralKey":"BaeNn1KGihFEEXgrvjGr6dWMJO3xnY/R5NLeOq1eWKU+","previousCounter":0,"rootKey":"wkGpzoiJA7Hb1RcvdtTrjKlOiG0hfpnYGwX3Ue8JSpA="},"indexInfo":{"baseKey":"BeNfstpM5xXceDiRQML1NTbx5pBWR/44UEzUsC1zQGBW","baseKeyType":1,"closed":-1,"used":1735123654649,"created":1735123654649,"remoteIdentityKey":"BcGvQtT6wQrfufrUTA98Bp2B3E1oPnSt0kqp4oZs5dpK"},"_chains":{"BTejGYgJWAR1FZZFmCYhvKI6TezYumrPHfYhnnzqpTBo":{"chainKey":{"counter":0,"key":"M7Pxxl6IKTH03it7//XSbpkC4ExAg1soHL6LVl0aRsM="},"chainType":1,"messageKeys":{}}},"pendingPreKey":{"signedKeyId":11,"baseKey":"BeNfstpM5xXceDiRQML1NTbx5pBWR/44UEzUsC1zQGBW","preKeyId":2324783}}},"version":"v1"}