{"_sessions":{"BRqkiIbz27+l/ZoAO0Jcar4JWVIrF6649PGV2DPNQ503":{"registrationId":1018078063,"currentRatchet":{"ephemeralKeyPair":{"pubKey":"BWk66U7HsOX20tOkxCgOSVaVVAONmsEmoXeOKtlsUTNh","privKey":"GF5vhRjajuwyCEumWMLt0+QTYBhRTQDMWTah4SDStkk="},"lastRemoteEphemeralKey":"BezwzO13tkHS4RegETla/wt99w8QjQ35mWwXk0bzwDlP","previousCounter":0,"rootKey":"YYfnXKqr39c+bAxcvgkpMb+g4iS5rudl2H8b2GNqPEE="},"indexInfo":{"baseKey":"BRqkiIbz27+l/ZoAO0Jcar4JWVIrF6649PGV2DPNQ503","baseKeyType":1,"closed":-1,"used":1735193625286,"created":1735193625286,"remoteIdentityKey":"Bfm4bEyQoZnOiKJ9EZlxXS7LQDuv/vJtyYPjKHHsDvNi"},"_chains":{"BWk66U7HsOX20tOkxCgOSVaVVAONmsEmoXeOKtlsUTNh":{"chainKey":{"counter":0,"key":"VzhobxuAzGcgFBoKd+l074bhDo5IMiMFS9tppbQQ9XA="},"chainType":1,"messageKeys":{}}},"pendingPreKey":{"signedKeyId":0,"baseKey":"BRqkiIbz27+l/ZoAO0Jcar4JWVIrF6649PGV2DPNQ503"}}},"version":"v1"}