{"_sessions":{"BXJ3VFDtNwl/9sbhlLbTeCEN2jRWagjcnnMlBgDoOUoJ":{"registrationId":1808591757,"currentRatchet":{"ephemeralKeyPair":{"pubKey":"Be2WP/cNXS7PYW1Z73vZlnXlc93khxAS2k+4sOi2hhEj","privKey":"2O0ebqpd5lTXyydhZM+WGYBr0cVfrmZovs+65DTQh3s="},"lastRemoteEphemeralKey":"BZKM9eFeSl0xYhpEMMdHNrk+jJTQKsoqC5mJHD/9J2Jl","previousCounter":0,"rootKey":"Tv75cRRzARCII9ygRu6iRS4++XnqHk8UE93XiZfMtes="},"indexInfo":{"baseKey":"BXJ3VFDtNwl/9sbhlLbTeCEN2jRWagjcnnMlBgDoOUoJ","baseKeyType":1,"closed":-1,"used":1735190126567,"created":1735190126567,"remoteIdentityKey":"BaTtlRPlzwjKoZ8BgUCp5pz64oddbbMjg8fBwgNQdP9G"},"_chains":{"Be2WP/cNXS7PYW1Z73vZlnXlc93khxAS2k+4sOi2hhEj":{"chainKey":{"counter":2,"key":"Rn+qGtr2x7Iajgjob6wGq6+V8nPViIjGnUhO/CaRDhY="},"chainType":1,"messageKeys":{}}},"pendingPreKey":{"signedKeyId":1,"baseKey":"BXJ3VFDtNwl/9sbhlLbTeCEN2jRWagjcnnMlBgDoOUoJ","preKeyId":10184047}}},"version":"v1"}