{"_sessions":{"BeuvkR8jNFH1YQCNM3jA5bqlFbOtcmRrNDnYnjbqtC4M":{"registrationId":182,"currentRatchet":{"ephemeralKeyPair":{"pubKey":"BbWx7vnzItZht7Ey+lIIyT+/KR/FUMyU+BauKqfdfYMm","privKey":"UJbo9q+b6i+83B2wRtdw/Y2ozX37IRHTPEctniDbF2s="},"lastRemoteEphemeralKey":"BW8/2dpbrjvhf1bMZP78k+YqOQD3l28DmgOUEJndWokd","previousCounter":0,"rootKey":"NQNebT/iLF4iWIDc0MdvXmHDl+1XCbPf8be/MBr3Pdc="},"indexInfo":{"baseKey":"BeuvkR8jNFH1YQCNM3jA5bqlFbOtcmRrNDnYnjbqtC4M","baseKeyType":1,"closed":-1,"used":1735121748878,"created":1735121748878,"remoteIdentityKey":"BclDB/o6Bgy5Mac1dkpVmTqaAKSPM/KeGAZ6FUuRS7op"},"_chains":{"BbWx7vnzItZht7Ey+lIIyT+/KR/FUMyU+BauKqfdfYMm":{"chainKey":{"counter":2,"key":"6XMIhN6eH9BpVUN+PTb8YtMGjTgxZyxzCnkEJy2JY8A="},"chainType":1,"messageKeys":{}}},"pendingPreKey":{"signedKeyId":1,"baseKey":"BeuvkR8jNFH1YQCNM3jA5bqlFbOtcmRrNDnYnjbqtC4M"}}},"version":"v1"}