{"_sessions":{"BYYNesEipdrSjsJeLbwbjm36oo5CZ0k/4b9UOwlXimI+":{"registrationId":29,"currentRatchet":{"ephemeralKeyPair":{"pubKey":"BZWFkqFba31jcPbO2fvI/nJt21zJ/3z9OGcHHJsOh498","privKey":"YIhH2sBYTTJl+3FbRXGCH41KatE5R6BvnL1MMf2srmg="},"lastRemoteEphemeralKey":"BYCtku7cOgtasxNc9wV7cWl96XcGhgpfQXgE5MMkaD1f","previousCounter":0,"rootKey":"SP/QhpMPY5CZiBgw3r3mdNGMMog1wU6VkuuEDjOzHVA="},"indexInfo":{"baseKey":"BYYNesEipdrSjsJeLbwbjm36oo5CZ0k/4b9UOwlXimI+","baseKeyType":1,"closed":-1,"used":1735190194532,"created":1735190194532,"remoteIdentityKey":"Bc3FSUa68vOn55AJRGN1Vw380T7Ix7Z588XzllvxcStH"},"_chains":{"BZWFkqFba31jcPbO2fvI/nJt21zJ/3z9OGcHHJsOh498":{"chainKey":{"counter":3,"key":"yQJuWwtBEbOGASHdH0fzUWA1CRIcccvQizjHYpqzHBY="},"chainType":1,"messageKeys":{}}},"pendingPreKey":{"signedKeyId":1,"baseKey":"BYYNesEipdrSjsJeLbwbjm36oo5CZ0k/4b9UOwlXimI+"}}},"version":"v1"}