{"_sessions":{"BcdfwOmnaSWxWyD9Be0QIz0uMqHN2cqdBv1ahQ9qa+8Y":{"registrationId":1065010884,"currentRatchet":{"ephemeralKeyPair":{"pubKey":"BWQvKYn+kTsXJRH4XL6NF3gfNSdQZ+8gpb42+RwFTr5x","privKey":"YCIoR0heRX5nB0aRP+oiSeLzjLQIRSHretqPfcdmcmo="},"lastRemoteEphemeralKey":"BSt9f/fIEtMaSXn9c/OqSnLmiNWtr3IfINPQrSWh1AAo","previousCounter":0,"rootKey":"xshy5iB4zrGWED3mYx0bStGn1o8cdNg2oX9bxNWbmUc="},"indexInfo":{"baseKey":"BcdfwOmnaSWxWyD9Be0QIz0uMqHN2cqdBv1ahQ9qa+8Y","baseKeyType":1,"closed":1735185652463,"used":1735185648634,"created":1735185648634,"remoteIdentityKey":"BSl+B88nqt5U9z4gG7DSQXNPTne9XmJzJG3sRv/zGpUa"},"_chains":{"BWQvKYn+kTsXJRH4XL6NF3gfNSdQZ+8gpb42+RwFTr5x":{"chainKey":{"counter":-1,"key":"p0WC+fIWRlvCLIZLRQZucKErwxg5x9uowssflrH7T7s="},"chainType":1,"messageKeys":{}}},"pendingPreKey":{"signedKeyId":4,"baseKey":"BcdfwOmnaSWxWyD9Be0QIz0uMqHN2cqdBv1ahQ9qa+8Y","preKeyId":10728571}},"BaZ9wEj63GJy67/5fqhNcz7qxyZ9FnZFe/nmhtVb7Opk":{"registrationId":1065010884,"currentRatchet":{"ephemeralKeyPair":{"pubKey":"BYDL14UTgcjzXm/AqivN21SQlxMafcGzNoSyPZUNGDwJ","privKey":"WEBnf9YTaH3tzH/j8qLJxP6kGfgMBBb7af4E1d+7t08="},"lastRemoteEphemeralKey":"BSt9f/fIEtMaSXn9c/OqSnLmiNWtr3IfINPQrSWh1AAo","previousCounter":0,"rootKey":"t/NXG/4A3MkLrtBhPGKLWejpBvA99pX+qDBEjOV+gnY="},"indexInfo":{"baseKey":"BaZ9wEj63GJy67/5fqhNcz7qxyZ9FnZFe/nmhtVb7Opk","baseKeyType":1,"closed":-1,"used":1735185652461,"created":1735185652461,"remoteIdentityKey":"BSl+B88nqt5U9z4gG7DSQXNPTne9XmJzJG3sRv/zGpUa"},"_chains":{"BYDL14UTgcjzXm/AqivN21SQlxMafcGzNoSyPZUNGDwJ":{"chainKey":{"counter":1,"key":"SnH4ZQ9lZeW3AYDFJ6Jn/cT1FqzW0VdW3h6HPjQ/8Ec="},"chainType":1,"messageKeys":{}}},"pendingPreKey":{"signedKeyId":4,"baseKey":"BaZ9wEj63GJy67/5fqhNcz7qxyZ9FnZFe/nmhtVb7Opk","preKeyId":10728740}}},"version":"v1"}