{"_sessions":{"BXRi6sltq5rucyCAANDzNx2S4/TGGwvI8P51P081QrhO":{"registrationId":2267701,"currentRatchet":{"ephemeralKeyPair":{"pubKey":"BVhFY2iPhLJj7poxPSUq+9bPGojaAqMdzBbdQVyYFCwa","privKey":"OPoRdM91f0rkaS7SyYW7cGsZbU8C6KV5tOm77mTtOEw="},"lastRemoteEphemeralKey":"BcO1y3THyx4cN8/49QD6mt4iApN9hFNNEPGUFqRJdNVk","previousCounter":0,"rootKey":"9WUIvdO7LnKr2d845gnE2GTwH+5zDkQllFhvHfnCU+c="},"indexInfo":{"baseKey":"BXRi6sltq5rucyCAANDzNx2S4/TGGwvI8P51P081QrhO","baseKeyType":1,"closed":-1,"used":1735123595652,"created":1735123595652,"remoteIdentityKey":"Bdql1OHtctUfZ+nTezQxgZvD0tBoYJQqqsW0w3T09ToI"},"_chains":{"BVhFY2iPhLJj7poxPSUq+9bPGojaAqMdzBbdQVyYFCwa":{"chainKey":{"counter":0,"key":"ZxpcBf+bau4C8IfvenoEQKlMgM+n2k8o4uIkLi8xqLs="},"chainType":1,"messageKeys":{}}},"pendingPreKey":{"signedKeyId":0,"baseKey":"BXRi6sltq5rucyCAANDzNx2S4/TGGwvI8P51P081QrhO","preKeyId":9843617}}},"version":"v1"}