{"_sessions":{"BSsTZ8bpuGvJSYfXDndnGi6TF7fOBznscZm6fOCiORdb":{"registrationId":843501742,"currentRatchet":{"ephemeralKeyPair":{"pubKey":"BacCb/ZBo7jHWzJjdJ2PuoB8ZeRdV0zDJwaIKAKxRBoK","privKey":"KHD/F4SmiTK7Bc9s6smAi4YCuJjsH7eHbEtKii7wTkk="},"lastRemoteEphemeralKey":"BWS+DKxF567+38jJzLq5GtBE4Jx9Pco6PsB0Uf7jsfMD","previousCounter":0,"rootKey":"Aimg3obe2HCB5NTWpRfZsZzcgG/FUcLX0ecYhTeJjEw="},"indexInfo":{"baseKey":"BSsTZ8bpuGvJSYfXDndnGi6TF7fOBznscZm6fOCiORdb","baseKeyType":1,"closed":-1,"used":1735190130857,"created":1735190130857,"remoteIdentityKey":"BcBLNJcG/ZQ1JDRrrLFI5IZzTTSI4Y04uWDuNhaa7QZD"},"_chains":{"BacCb/ZBo7jHWzJjdJ2PuoB8ZeRdV0zDJwaIKAKxRBoK":{"chainKey":{"counter":1,"key":"Too2Aa5H27x1sltnrFOoeJdVVymdV7a816zCRoiouSc="},"chainType":1,"messageKeys":{}}},"pendingPreKey":{"signedKeyId":3,"baseKey":"BSsTZ8bpuGvJSYfXDndnGi6TF7fOBznscZm6fOCiORdb"}}},"version":"v1"}