{"_sessions":{"BaCtpmazWDHO7ESSx007t+KJA1BaCVm9D1xtamHLUdJh":{"registrationId":520038262,"currentRatchet":{"ephemeralKeyPair":{"pubKey":"BSJXUWBOIwjP0WfW7wKYTJ2wjy4YDzMQU12OqQDVHrAz","privKey":"OE9Thw3lNRIgrWZvkxOQ4gaogfZKHh4hX+4LfzlaFk4="},"lastRemoteEphemeralKey":"BXhQPS98Qwia37KcJmeaFUtmgriLKyKh7Dw0JnLr8Thm","previousCounter":0,"rootKey":"bAqhryKowD1dhcdXyRDEH30mEo8ux61E5IEXHYERzMk="},"indexInfo":{"baseKey":"BaCtpmazWDHO7ESSx007t+KJA1BaCVm9D1xtamHLUdJh","baseKeyType":1,"closed":-1,"used":1735190073040,"created":1735190073040,"remoteIdentityKey":"BbtUajx8Jt1p59aPi1Zmk2chTUT2NUPufGZ1T8KPwF5e"},"_chains":{"BSJXUWBOIwjP0WfW7wKYTJ2wjy4YDzMQU12OqQDVHrAz":{"chainKey":{"counter":0,"key":"OvRSSIQHgkm6GeinOTT2R0K09k/+rFszOoIJJX1LN0k="},"chainType":1,"messageKeys":{}}},"pendingPreKey":{"signedKeyId":0,"baseKey":"BaCtpmazWDHO7ESSx007t+KJA1BaCVm9D1xtamHLUdJh","preKeyId":13915270}}},"version":"v1"}