{"_sessions":{"BWUvLSRXe8LQQnTGCNfvUjxlNwSMJYzgkaUqs6sI7BkK":{"registrationId":1627981956,"currentRatchet":{"ephemeralKeyPair":{"pubKey":"Bf9ZfvppjLpEmyAyCqXExaHBasE4Y0RNo1sjvAbWVRAh","privKey":"eIF9Trew9wXbvcAiDyE3rStykTK5fDSpEicr+pcsnls="},"lastRemoteEphemeralKey":"Bb526wNYxpOqoB8sdjZXaDLZKAJfy87WfyR4wWoOMaR3","previousCounter":0,"rootKey":"J6ZV9yo6jib2iAlPdizBEfRvSDDBS6kg2bS/0rQ6r2Q="},"indexInfo":{"baseKey":"BWUvLSRXe8LQQnTGCNfvUjxlNwSMJYzgkaUqs6sI7BkK","baseKeyType":1,"closed":-1,"used":1735190224905,"created":1735190224905,"remoteIdentityKey":"BUhP+je+38tjr3VJKPk+aNmL6miw4qFxbuNWBnFXL8B7"},"_chains":{"Bf9ZfvppjLpEmyAyCqXExaHBasE4Y0RNo1sjvAbWVRAh":{"chainKey":{"counter":1,"key":"kwaH0AzNzVPYoB6BECzenl7NRlzyLCkA5yrjetNo5Ng="},"chainType":1,"messageKeys":{}}},"pendingPreKey":{"signedKeyId":5,"baseKey":"BWUvLSRXe8LQQnTGCNfvUjxlNwSMJYzgkaUqs6sI7BkK","preKeyId":9301907}}},"version":"v1"}