{"_sessions":{"Bb22sgCFXOO8p7KhjQflz8mxCHOkzslC30yXLNIhl6l1":{"registrationId":32,"currentRatchet":{"ephemeralKeyPair":{"pubKey":"BdRA/RCWBfI4hRvKcJklwDKnQFXVuM+JxtgUrQJv3a9X","privKey":"eNNza2ID0BTOc+p3okaZAal+FdBGbAz+yw5FwaWT/mc="},"lastRemoteEphemeralKey":"BdhO2FHWa4vAMXCnyGntl+RpRH+yE8D4CZB/gRHrkhQm","previousCounter":0,"rootKey":"9dUkSEhcpdC66YQktRk9fci0aLtMGddRzGxYdM7t5d4="},"indexInfo":{"baseKey":"Bb22sgCFXOO8p7KhjQflz8mxCHOkzslC30yXLNIhl6l1","baseKeyType":1,"closed":-1,"used":1735190143711,"created":1735190143711,"remoteIdentityKey":"BYTkPGGYVH/DcTkpwKkOq38r7Y4MpOv1sG3zFX8s905y"},"_chains":{"BdRA/RCWBfI4hRvKcJklwDKnQFXVuM+JxtgUrQJv3a9X":{"chainKey":{"counter":2,"key":"IGXxVyK+sSFZsiBlSJTeRAhHu8MRGVxTUByuTzf0sbQ="},"chainType":1,"messageKeys":{}}},"pendingPreKey":{"signedKeyId":1,"baseKey":"Bb22sgCFXOO8p7KhjQflz8mxCHOkzslC30yXLNIhl6l1"}}},"version":"v1"}