{"_sessions":{"BXvwC6UolyzD0rX1gM+JR6zwZbvfVzQ2+Sx6jmn9/9RE":{"registrationId":1378114469,"currentRatchet":{"ephemeralKeyPair":{"pubKey":"BVn/rK0EqoL6Bde/3HwPvto0v30AwcZIUvQwCiXAnI8h","privKey":"+OllQJ9anWSo+djtptkPnbx/jbxOAC4ttgWW+Kw5yGE="},"lastRemoteEphemeralKey":"BUUK4jh736CiGvrGU8g3Wm36K9oUSlVfCGGirc2sNrRQ","previousCounter":0,"rootKey":"4i/UA1yEw+bJpWI7hiJ4s8b4h7Y67Y+ajNEI7zHbFyw="},"indexInfo":{"baseKey":"BXvwC6UolyzD0rX1gM+JR6zwZbvfVzQ2+Sx6jmn9/9RE","baseKeyType":1,"closed":-1,"used":1735123636863,"created":1735123636863,"remoteIdentityKey":"BZhg7hKMpwsvd4bChFgnpLrdHsC9hfJG6HuEI6eMuQsr"},"_chains":{"BVn/rK0EqoL6Bde/3HwPvto0v30AwcZIUvQwCiXAnI8h":{"chainKey":{"counter":0,"key":"nole+fNkCN/gJp6j8LANUQFtCoJCbbuViuaCQTleGeg="},"chainType":1,"messageKeys":{}}},"pendingPreKey":{"signedKeyId":1,"baseKey":"BXvwC6UolyzD0rX1gM+JR6zwZbvfVzQ2+Sx6jmn9/9RE"}}},"version":"v1"}