{"_sessions":{"BVm/cr62mM2xZW1ETH2uau+dKekgiDXiU4y55u2aQW0k":{"registrationId":955081593,"currentRatchet":{"ephemeralKeyPair":{"pubKey":"BW7e828z0Hk9VthOi3BIOjlZYA61Ea2hRMQ3J2jnWKwd","privKey":"6G+JDeCT3qRCpf46g/TEGwWNvrMW5bfBinUiD2PBN2s="},"lastRemoteEphemeralKey":"BdguqxpxiiF8PXcpIIf+GP7iO7EhJ0iPQCjgdnUyxaMu","previousCounter":0,"rootKey":"+c7azZ/bKKssi0RTwaY87Fm3NyE54Y8D16zLI6ufUdY="},"indexInfo":{"baseKey":"BVm/cr62mM2xZW1ETH2uau+dKekgiDXiU4y55u2aQW0k","baseKeyType":1,"closed":-1,"used":1735230289773,"created":1735230289773,"remoteIdentityKey":"BXlo+8UlqrNCMVcx3Jb14z6iI1AlRXbXki0STxevqA8J"},"_chains":{"BW7e828z0Hk9VthOi3BIOjlZYA61Ea2hRMQ3J2jnWKwd":{"chainKey":{"counter":0,"key":"QAuvw/R3A6HikOtw2ykHgLa8pzXQBmfrWxqvQlJwIns="},"chainType":1,"messageKeys":{}}},"pendingPreKey":{"signedKeyId":27,"baseKey":"BVm/cr62mM2xZW1ETH2uau+dKekgiDXiU4y55u2aQW0k","preKeyId":4503270}}},"version":"v1"}