{"_sessions":{"BcNIi/IJ0rMm4mWUBl+0bmVyR5KS56zNkRDuvzXCzP81":{"registrationId":1874690051,"currentRatchet":{"ephemeralKeyPair":{"pubKey":"BX+qvhhLkvy2DbpmEasSKVZIosNqvGEhT/lLujCm9o8s","privKey":"2H8wGDXCuAvnChK/vpptmh2mHu/CR7OjNAapJOD8708="},"lastRemoteEphemeralKey":"BXLd+e5o9y4SRjsbBv+D9ZJEhDcaK8JPxoz6aHFwKktc","previousCounter":0,"rootKey":"C1PrUogqQhqawDy3TjVrSYBmiajc9x7E7PEO6KmIhss="},"indexInfo":{"baseKey":"BcNIi/IJ0rMm4mWUBl+0bmVyR5KS56zNkRDuvzXCzP81","baseKeyType":1,"closed":-1,"used":1735123618187,"created":1735123618187,"remoteIdentityKey":"BcqPQUOKTKJgSzjjllJ3ixCF4Kq2KzNtb4YbNiPytXk4"},"_chains":{"BX+qvhhLkvy2DbpmEasSKVZIosNqvGEhT/lLujCm9o8s":{"chainKey":{"counter":0,"key":"rXUJw+etWYYOz2BmjS1TVSWuF3iViQ3n2SBbfycH8p8="},"chainType":1,"messageKeys":{}}},"pendingPreKey":{"signedKeyId":0,"baseKey":"BcNIi/IJ0rMm4mWUBl+0bmVyR5KS56zNkRDuvzXCzP81"}}},"version":"v1"}