{"_sessions":{"BZ/cE2CUEhIvUw0PI24mfL1ivBAEuYs4BqgFf+aQcSF3":{"registrationId":51436414,"currentRatchet":{"ephemeralKeyPair":{"pubKey":"BQ/f/FBjbMsw51vrjR3YmGQBenSSRXyId7ZU2zYCuRJE","privKey":"CKnHk35tuBZhUtjXMAMrGRfxisIsczXAGAk++hTSOHA="},"lastRemoteEphemeralKey":"Bav5TwV2cMYbZ0x7rnqdxtH1KJoYI1q+CAEUQXEafthF","previousCounter":0,"rootKey":"tyhTYU9FAwurrN7paqki5L1PhtXr7Ngc51WLaIpJ8F4="},"indexInfo":{"baseKey":"BZ/cE2CUEhIvUw0PI24mfL1ivBAEuYs4BqgFf+aQcSF3","baseKeyType":1,"closed":-1,"used":1735190258624,"created":1735190258624,"remoteIdentityKey":"BRsKJWClIE965BMFZo5i/COIqa2J+XYp8jRn+lyLKmIi"},"_chains":{"BQ/f/FBjbMsw51vrjR3YmGQBenSSRXyId7ZU2zYCuRJE":{"chainKey":{"counter":3,"key":"u89AWfZeu7EfJUmxiaa7a3BBF2LNLyxrFRVY3leG5ZA="},"chainType":1,"messageKeys":{}}},"pendingPreKey":{"signedKeyId":0,"baseKey":"BZ/cE2CUEhIvUw0PI24mfL1ivBAEuYs4BqgFf+aQcSF3","preKeyId":1829707}}},"version":"v1"}