{"_sessions":{"BRUUld4sdgqKsP2BsCOCeZGwOQZtCa7wCJOr40p6xAlr":{"registrationId":7504,"currentRatchet":{"ephemeralKeyPair":{"pubKey":"BUwiCius/w3jj1QNJrMBVdoO1ziNMt4mktD76jeywYEZ","privKey":"KF1iwOB6MYBpJLCgMxENGbrKtfe3m4BKf1waQfuphlk="},"lastRemoteEphemeralKey":"Ba1lZdXE1aVqg/F/QuRK2S0+OHolG21LPOJbIGNWc/9x","previousCounter":0,"rootKey":"VZngH5IcNI61prXMxWa7u/LqCtUPOszbko7eg2NBxj8="},"indexInfo":{"baseKey":"BRUUld4sdgqKsP2BsCOCeZGwOQZtCa7wCJOr40p6xAlr","baseKeyType":1,"closed":1735185631142,"used":1735185630071,"created":1735185630071,"remoteIdentityKey":"BWrJ0jUu8zb9+d4qfys7B0jUcfIJkpYMu4iRXkBWDUFK"},"_chains":{"BUwiCius/w3jj1QNJrMBVdoO1ziNMt4mktD76jeywYEZ":{"chainKey":{"counter":-1,"key":"Ufwg4dCpxqPbAl3QD2C2bfgi46Rw3ymAosyxdCas0TI="},"chainType":1,"messageKeys":{}}},"pendingPreKey":{"signedKeyId":1,"baseKey":"BRUUld4sdgqKsP2BsCOCeZGwOQZtCa7wCJOr40p6xAlr"}},"BdfkwFY0+ROu0pWZBLblsDhitOEhjhPXKrozyVVRpGwP":{"registrationId":7504,"currentRatchet":{"ephemeralKeyPair":{"pubKey":"BeUS4xRD2f/du90U3IkJqFqN6HfxrD66mWpqBYnm5LRd","privKey":"SDMvFTgc7jQa6nRVfmpQknbbJBzRt4qNrfVvc77zy3o="},"lastRemoteEphemeralKey":"Ba1lZdXE1aVqg/F/QuRK2S0+OHolG21LPOJbIGNWc/9x","previousCounter":0,"rootKey":"swG1YgmbuVZXdwud4v+1nQ0JSABm82Mv2aj0uJJcSV0="},"indexInfo":{"baseKey":"BdfkwFY0+ROu0pWZBLblsDhitOEhjhPXKrozyVVRpGwP","baseKeyType":1,"closed":-1,"used":1735185631140,"created":1735185631140,"remoteIdentityKey":"BWrJ0jUu8zb9+d4qfys7B0jUcfIJkpYMu4iRXkBWDUFK"},"_chains":{"BeUS4xRD2f/du90U3IkJqFqN6HfxrD66mWpqBYnm5LRd":{"chainKey":{"counter":1,"key":"LccKvGBwKOyBReIq15fza3tfajcrRdJYginIDdbmyho="},"chainType":1,"messageKeys":{}}},"pendingPreKey":{"signedKeyId":1,"baseKey":"BdfkwFY0+ROu0pWZBLblsDhitOEhjhPXKrozyVVRpGwP"}}},"version":"v1"}