{"_sessions":{"BeZtigFR2FWvoZkHzM+RaWdoCQD28wetaRofHcptosYy":{"registrationId":1926060749,"currentRatchet":{"ephemeralKeyPair":{"pubKey":"BSUJFY+aZYbUX5EAPqf852PFnRCfmmbv4ZHNG8kv2/hp","privKey":"MKJeUwPFb0En1/3iKdUgL/1xj52ra+g0wF8dsq5pxUU="},"lastRemoteEphemeralKey":"Bdkubb7Amn6llUOCciB8CnHU4k/+bhJTi9KUsxmD/Cwd","previousCounter":0,"rootKey":"eAX7q0K77AJhTv1MYzdGPjhh1Pot3AHxHj+peORBNyY="},"indexInfo":{"baseKey":"BeZtigFR2FWvoZkHzM+RaWdoCQD28wetaRofHcptosYy","baseKeyType":1,"closed":-1,"used":1735190263025,"created":1735190263025,"remoteIdentityKey":"BSGgBpMcV8+KUkkOOcEOeK/gK6Q8bhDav82A3Y1GVt19"},"_chains":{"BSUJFY+aZYbUX5EAPqf852PFnRCfmmbv4ZHNG8kv2/hp":{"chainKey":{"counter":1,"key":"JX3Np8UywTRbSuf4cDc6jVdpt/TK7GQrkrMANRBAZz4="},"chainType":1,"messageKeys":{}}},"pendingPreKey":{"signedKeyId":0,"baseKey":"BeZtigFR2FWvoZkHzM+RaWdoCQD28wetaRofHcptosYy","preKeyId":5060225}}},"version":"v1"}