{"_sessions":{"BWHop6xbgYPwHOHBB+U//uQmFUuPie9kmMfu4ZLzVa9J":{"registrationId":506829178,"currentRatchet":{"ephemeralKeyPair":{"pubKey":"Bb7jgRbWHgOFEPXOl7Y/QYT8ROPJz6Lq1gvOoZf/ZSZ3","privKey":"6OIJfKPyytRcdXh+KnPtlyPjGRXHFje+/DUhRp29b1g="},"lastRemoteEphemeralKey":"BQepxEgChALNqST0USv0YbZHNAmboVRFivJZ0T3c/LFW","previousCounter":0,"rootKey":"sQNo0WK+jSNwPth9i19vBuFtrJe14S0SZM6boAhIwL4="},"indexInfo":{"baseKey":"BWHop6xbgYPwHOHBB+U//uQmFUuPie9kmMfu4ZLzVa9J","baseKeyType":1,"closed":-1,"used":1735121512113,"created":1735121512113,"remoteIdentityKey":"BU5OQrCvovS9i0AILmx46dMZIKE5ZxSJp2ljAMN4DUcF"},"_chains":{"Bb7jgRbWHgOFEPXOl7Y/QYT8ROPJz6Lq1gvOoZf/ZSZ3":{"chainKey":{"counter":0,"key":"zDL0DO7rhQyQ/lmTuWlqBExNgjDIKDn7Zb7FJgdjTN8="},"chainType":1,"messageKeys":{}}},"pendingPreKey":{"signedKeyId":9,"baseKey":"BWHop6xbgYPwHOHBB+U//uQmFUuPie9kmMfu4ZLzVa9J","preKeyId":7777841}}},"version":"v1"}