{"_sessions":{"BYrDSoBM2HMAy7opnHvXUjsDb7p96no93FPFLIpIgKt8":{"registrationId":1475836949,"currentRatchet":{"ephemeralKeyPair":{"pubKey":"BTpjcG0lFkiJo6AfZXuSiwg4xtKQOtCDKNfzVAYKyxAn","privKey":"yMKFOA77lATRKXecltdF8bqnXUHWsIf8ezyNj5kFYW4="},"lastRemoteEphemeralKey":"BVxEqWixejXZAGnGIAxxsZwvtNDfqOpuSv8djcKjXPgF","previousCounter":0,"rootKey":"14/rZ7LIHMDEmnFzpya1IzYvSeQF08HcdZHZJxSXrn4="},"indexInfo":{"baseKey":"BYrDSoBM2HMAy7opnHvXUjsDb7p96no93FPFLIpIgKt8","baseKeyType":1,"closed":-1,"used":1735121506887,"created":1735121506887,"remoteIdentityKey":"BalHSG/jSYAlSUWPr3d22jzdl7yLo/2xVRBMc9gXSh1P"},"_chains":{"BTpjcG0lFkiJo6AfZXuSiwg4xtKQOtCDKNfzVAYKyxAn":{"chainKey":{"counter":0,"key":"yxvq1kmeEyOWfJpVS34fyUjR/gitIqMWUoeVNYEwnhw="},"chainType":1,"messageKeys":{}}},"pendingPreKey":{"signedKeyId":3,"baseKey":"BYrDSoBM2HMAy7opnHvXUjsDb7p96no93FPFLIpIgKt8","preKeyId":9501536}}},"version":"v1"}