{"_sessions":{"Bd4if5zn8T/rBFnweOoWnjR1jaNNiqrLmNkNLu2wa8pU":{"registrationId":57496734,"currentRatchet":{"ephemeralKeyPair":{"pubKey":"BctqIDjJdeA+H3LAbTbxXoTc3tcMGPXidoZa3YlZzEM2","privKey":"8MvTqI9oeQBRDZSmCY2M4KCx/HEQ9gwTpCkjs2Pt3XY="},"lastRemoteEphemeralKey":"BTijaF37S4N/l0dCeW/x/hLwR4WYgtuGk6/jlBIz+k4p","previousCounter":0,"rootKey":"Bae9t2Ju5oYOBBrZE2EF5HdZRyXmL2phwE714Map5AM="},"indexInfo":{"baseKey":"Bd4if5zn8T/rBFnweOoWnjR1jaNNiqrLmNkNLu2wa8pU","baseKeyType":1,"closed":-1,"used":1735192775649,"created":1735192775649,"remoteIdentityKey":"BVVy0HUrjiYKsdxKdmrPt4tfN1/nnTKL6C2ykLJYQVs0"},"_chains":{"BctqIDjJdeA+H3LAbTbxXoTc3tcMGPXidoZa3YlZzEM2":{"chainKey":{"counter":0,"key":"cWmr/Lx3KJgvc2cTgDGKMwwsA135tMlszKPIZu305aI="},"chainType":1,"messageKeys":{}}},"pendingPreKey":{"signedKeyId":0,"baseKey":"Bd4if5zn8T/rBFnweOoWnjR1jaNNiqrLmNkNLu2wa8pU"}}},"version":"v1"}