{"_sessions":{"BdwJaCsGKH1fMCY30PVm3TTgUpi5nxtNnF9d6FiMM8wS":{"registrationId":1121366533,"currentRatchet":{"ephemeralKeyPair":{"pubKey":"Beuk1NSrEMpx+Kwu42UhFtJEwGRuhcgsxgEnUzl5ZxY2","privKey":"ePPU2uNDkkGGCLYJKbmsKBb0Ft0EjuOKaiL48UmG1UU="},"lastRemoteEphemeralKey":"BSh+bFoPV4f/lG4IIwXxpyXftxyae25LKrJaD2ZBL6E6","previousCounter":0,"rootKey":"YXBiS+mJkbFtKfFmfxRj+6keEQkiCZx07w7WtFljGY4="},"indexInfo":{"baseKey":"BdwJaCsGKH1fMCY30PVm3TTgUpi5nxtNnF9d6FiMM8wS","baseKeyType":1,"closed":-1,"used":1735141697540,"created":1735141697540,"remoteIdentityKey":"BZvbnTbv4/asFdEOIRUlLG9B4d8SG1OdWebLtn+lLLZb"},"_chains":{"Beuk1NSrEMpx+Kwu42UhFtJEwGRuhcgsxgEnUzl5ZxY2":{"chainKey":{"counter":2,"key":"GusN6Tf9sUUz+M+FEYvpy51a3rSYsTUxG0T+HsjwJl4="},"chainType":1,"messageKeys":{}}},"pendingPreKey":{"signedKeyId":0,"baseKey":"BdwJaCsGKH1fMCY30PVm3TTgUpi5nxtNnF9d6FiMM8wS","preKeyId":9344403}}},"version":"v1"}