{"_sessions":{"BflKSHQBvIRr1WEL+xSL7hJXAJQ2iJwc9wvhA6S0ypZJ":{"registrationId":45,"currentRatchet":{"ephemeralKeyPair":{"pubKey":"Bb2vO76T4zDC8XBsZsO2+/AuxOUiCdgN+kqsWgM9hPdg","privKey":"yDnMHWv/yRjmtsa/Bcc5TrVkuJdzvLIBPiyAr3KAR2o="},"lastRemoteEphemeralKey":"Bdo/8nHH8Bq+jdxWU9aGcDlzTjQ2bQ7k7gjJoKvdFyBm","previousCounter":0,"rootKey":"kK9ylhwKAwJxprdpoGq75hG5s2+k+5+VADLWk9o3mmU="},"indexInfo":{"baseKey":"BflKSHQBvIRr1WEL+xSL7hJXAJQ2iJwc9wvhA6S0ypZJ","baseKeyType":1,"closed":-1,"used":1735190140141,"created":1735190140141,"remoteIdentityKey":"BUe7Sv03EgjjBuOd3FxPlVepOaBD6vr3tlrBEWFethk1"},"_chains":{"Bb2vO76T4zDC8XBsZsO2+/AuxOUiCdgN+kqsWgM9hPdg":{"chainKey":{"counter":1,"key":"NQjP3CgKvDsNByr8EdX86XEQnRkUZqJ+aS5xkm7bSqs="},"chainType":1,"messageKeys":{}}},"pendingPreKey":{"signedKeyId":1,"baseKey":"BflKSHQBvIRr1WEL+xSL7hJXAJQ2iJwc9wvhA6S0ypZJ"}}},"version":"v1"}