{"_sessions":{"BXdMDmcl0xDUvDYKXd7LL1hPg9twX2wlvUd+oaUQZoNV":{"registrationId":1636266235,"currentRatchet":{"ephemeralKeyPair":{"pubKey":"BSgTd94CtQybQvQLGoEO48oYK9d+HL5DlIkoMglhK+oF","privKey":"eDa7ukgIhAfmMQEqateZK8Fy/+Ay6UvTGbuZqSKc+WE="},"lastRemoteEphemeralKey":"BcYd1u9Vc7pJiqMMZTcizteIIELqpb3oSaW7FEqbnWgt","previousCounter":0,"rootKey":"mxTWUjnGREaRj3Gp570IFSbU4bpQ7lUA2Rs4OZ7/8iU="},"indexInfo":{"baseKey":"BXdMDmcl0xDUvDYKXd7LL1hPg9twX2wlvUd+oaUQZoNV","baseKeyType":1,"closed":-1,"used":1735230338633,"created":1735230338633,"remoteIdentityKey":"BeZNV3/0ajWZW0IzWo3psFP0MXQySiJ29VfXxpd0ym1v"},"_chains":{"BSgTd94CtQybQvQLGoEO48oYK9d+HL5DlIkoMglhK+oF":{"chainKey":{"counter":0,"key":"l/4SmClX2l7SxCpTB1voINU83FuIh4vX4J5EelxYLP0="},"chainType":1,"messageKeys":{}}},"pendingPreKey":{"signedKeyId":2,"baseKey":"BXdMDmcl0xDUvDYKXd7LL1hPg9twX2wlvUd+oaUQZoNV","preKeyId":7204883}}},"version":"v1"}