{"_sessions":{"Bfc8HodvdBc0ysyVZR9n2eORARTE3mPWGdadWTfwxKsU":{"registrationId":1224385051,"currentRatchet":{"ephemeralKeyPair":{"pubKey":"Bay5v5AW+g16NEivzckbdSG5hxCfNy7e6DuEtJYmaKJq","privKey":"eI4+vxzZpeqIek2ZXuH/GbEq/ErlULjXYUQQXOwen2E="},"lastRemoteEphemeralKey":"BeLI4snk8M4WIFwB9TwRyRQUoXalyLoj/WeyKf+Y4Ys+","previousCounter":0,"rootKey":"Ol6gPt/BnrwCHJ14/SN3brn9L7WmG3oBxhOO+5/Vbf0="},"indexInfo":{"baseKey":"Bfc8HodvdBc0ysyVZR9n2eORARTE3mPWGdadWTfwxKsU","baseKeyType":1,"closed":-1,"used":1735230329658,"created":1735230329658,"remoteIdentityKey":"BYZ3Xoy5GCUSyxzKl8JLcV+tNPoxtTrWn1XltEz+17Uw"},"_chains":{"Bay5v5AW+g16NEivzckbdSG5hxCfNy7e6DuEtJYmaKJq":{"chainKey":{"counter":0,"key":"y4FBN5nb6hG8PGh054koLzr8C3m49hGIHcYo9Jtb9KY="},"chainType":1,"messageKeys":{}}},"pendingPreKey":{"signedKeyId":18,"baseKey":"Bfc8HodvdBc0ysyVZR9n2eORARTE3mPWGdadWTfwxKsU","preKeyId":7960333}}},"version":"v1"}