{"_sessions":{"BR0J3D6PFvzD0m2870fRINI953Jrh6A5x7X1NkP0tM5R":{"registrationId":719701992,"currentRatchet":{"ephemeralKeyPair":{"pubKey":"BY2AaN5vk2zC5Y1wEUOHrIQ1SANVmwHHHxvsI/zVBy9c","privKey":"aDj7GCfqK9gT16sf/WCEwSt7u8Drdx0Rm4xILY1INl4="},"lastRemoteEphemeralKey":"BZ6P+1ppi4DQpzNRLFSQIvb6Raf8ho5aubTY0XQL8EYs","previousCounter":0,"rootKey":"fAKC4+prfXbugZR/+qYsEtO5v7b6SkBYVITrfVIs9Po="},"indexInfo":{"baseKey":"BR0J3D6PFvzD0m2870fRINI953Jrh6A5x7X1NkP0tM5R","baseKeyType":1,"closed":-1,"used":1735189994318,"created":1735189994318,"remoteIdentityKey":"BZOhrz/Y8F+JggDqMDeU+N463U/wthtGqgql4q6KyDMb"},"_chains":{"BY2AaN5vk2zC5Y1wEUOHrIQ1SANVmwHHHxvsI/zVBy9c":{"chainKey":{"counter":0,"key":"GvrDIsX8mP36sdhNhecpKK906BP9Ww5lD+1us+MOp1o="},"chainType":1,"messageKeys":{}}},"pendingPreKey":{"signedKeyId":10421994,"baseKey":"BR0J3D6PFvzD0m2870fRINI953Jrh6A5x7X1NkP0tM5R","preKeyId":5992}}},"version":"v1"}