{"_sessions":{"BVxo7YvD7gyEfmLd4eK4vDgXzyEMOmeMxCcR0eZCIARz":{"registrationId":618385103,"currentRatchet":{"ephemeralKeyPair":{"pubKey":"BZdrW/zprReRLL5zj9/TNia/ZQNveItJXtrvsqTzEBQ8","privKey":"kLZ4qmuZq9vFpbbv4zCq5L7LuQ62OuCoc7fyHmtzOXE="},"lastRemoteEphemeralKey":"BTc2EtvlEsKSYv/KWKd4sIN2D5L+gs+jGyn+scU1K/hf","previousCounter":0,"rootKey":"q2TgYGhN/8eOckviNkVcGzpbpimPkH7OYVKzBWa+hic="},"indexInfo":{"baseKey":"BVxo7YvD7gyEfmLd4eK4vDgXzyEMOmeMxCcR0eZCIARz","baseKeyType":1,"closed":-1,"used":1735219058416,"created":1735219058416,"remoteIdentityKey":"BSmKsSysu0ZtEkNFQbxy81UqtuGGzrqkqadChH1OS5Jx"},"_chains":{"BZdrW/zprReRLL5zj9/TNia/ZQNveItJXtrvsqTzEBQ8":{"chainKey":{"counter":0,"key":"vuR28KQo6+HmkdDHcd5UCBcYJC8DAspefg7RVCda964="},"chainType":1,"messageKeys":{}}},"pendingPreKey":{"signedKeyId":3,"baseKey":"BVxo7YvD7gyEfmLd4eK4vDgXzyEMOmeMxCcR0eZCIARz","preKeyId":7333399}}},"version":"v1"}