{"_sessions":{"BbWNZrLaKDmjA1K/kWR8YfJAnsT1MWLBhyR9rD/rUslE":{"registrationId":2028973235,"currentRatchet":{"ephemeralKeyPair":{"pubKey":"BaWf8PirwDUUDp4s8kUCPKE++CS8l6muXwv6jLgP6zlA","privKey":"uODh447WB+zIvFrWH5WGxlN2Z3XBOj0SkAn3hdukWk8="},"lastRemoteEphemeralKey":"BRbHovC9qfvCay0LbGiBJtKo4UE+hDwaHnLLD5dk36xw","previousCounter":0,"rootKey":"9cYzH4cXZg6+VzA7ea6Km9fYk5zPIH4jTqCyDm6VGoQ="},"indexInfo":{"baseKey":"BbWNZrLaKDmjA1K/kWR8YfJAnsT1MWLBhyR9rD/rUslE","baseKeyType":1,"closed":-1,"used":1735123638402,"created":1735123638402,"remoteIdentityKey":"BXWwIwIsH80W7Aw5/49hHLC3HLJoU9YWYtWUWAi2YVZ1"},"_chains":{"BaWf8PirwDUUDp4s8kUCPKE++CS8l6muXwv6jLgP6zlA":{"chainKey":{"counter":0,"key":"JlC7sDQBQBupBuqN7NnQZkcOnqXtCxEkBLZvb7J0ilk="},"chainType":1,"messageKeys":{}}},"pendingPreKey":{"signedKeyId":1,"baseKey":"BbWNZrLaKDmjA1K/kWR8YfJAnsT1MWLBhyR9rD/rUslE"}}},"version":"v1"}