{"_sessions":{"BTtljd5wkkAkQQXvcfyLTnQ+fp5Wv0vD+nPk++4jYdll":{"registrationId":251,"currentRatchet":{"ephemeralKeyPair":{"pubKey":"BXVM6cbIA+LLjDE4Bv07sHqZ5/+GGhOgMk7fGI9RQORK","privKey":"CMSxreziZ4+ommVrqnsmQnwQoQYZnYr4SmGf/Y2RJmc="},"lastRemoteEphemeralKey":"BRadfD3+MhxoExXVdNz/hdM1YOaRDddsgDo9xT2xzLBf","previousCounter":0,"rootKey":"MQ9NUhAn/rphFdJwcvIcrACEB4nyDBqFnbD3uoB4v7M="},"indexInfo":{"baseKey":"BTtljd5wkkAkQQXvcfyLTnQ+fp5Wv0vD+nPk++4jYdll","baseKeyType":1,"closed":-1,"used":1735190207555,"created":1735190207555,"remoteIdentityKey":"BTUo9bE5kRY4IJKpre0MoETWdgkOUVdSkljy5QshmrlP"},"_chains":{"BXVM6cbIA+LLjDE4Bv07sHqZ5/+GGhOgMk7fGI9RQORK":{"chainKey":{"counter":1,"key":"Djqp7FFwEwFIn8s8au/JxzFRhUVPHRpzUHxV7jk8Qpg="},"chainType":1,"messageKeys":{}}},"pendingPreKey":{"signedKeyId":1,"baseKey":"BTtljd5wkkAkQQXvcfyLTnQ+fp5Wv0vD+nPk++4jYdll"}}},"version":"v1"}