{"_sessions":{"BapjLHdzYt9nLa86+4n6R6yC9JH1spOLAubOTLvbEnZ1":{"registrationId":221,"currentRatchet":{"ephemeralKeyPair":{"pubKey":"BYvqOUEyhCxdbKrmWgtXbHjfMslpJSARU4thPTBF8v0A","privKey":"OBmTqLzH7+A5VtGco6S8xTklhnpTgrKsBkn+9eVyH0M="},"lastRemoteEphemeralKey":"BbxHQRB98NZdvntnfsKgl6zu6SfZ4/BBHBFP7T3zRj97","previousCounter":0,"rootKey":"Xn0XJO2oExlP4VsfQR7Actt62m4ydGZnOZx8kg0WJK8="},"indexInfo":{"baseKey":"BapjLHdzYt9nLa86+4n6R6yC9JH1spOLAubOTLvbEnZ1","baseKeyType":1,"closed":-1,"used":1735192797922,"created":1735192797922,"remoteIdentityKey":"BS5+C7SoPAgWNVpUXkkeXD8lP+b9/dSCzUeHp5Kpx6Z7"},"_chains":{"BYvqOUEyhCxdbKrmWgtXbHjfMslpJSARU4thPTBF8v0A":{"chainKey":{"counter":0,"key":"AZ6lTGU06ERPgNjFG8COh3on5JthF+X/ARANQkmkRTU="},"chainType":1,"messageKeys":{}}},"pendingPreKey":{"signedKeyId":1,"baseKey":"BapjLHdzYt9nLa86+4n6R6yC9JH1spOLAubOTLvbEnZ1","preKeyId":347}}},"version":"v1"}