{"_sessions":{"BfW22Q8Ho+viXRjaSYUwNWjIC3JMraw6azhLYZ11Di8j":{"registrationId":1071079870,"currentRatchet":{"ephemeralKeyPair":{"pubKey":"BeeaJ3qWZERiCT6c7epUwDPeq2ur/fnEQsCY9r0XXsZ8","privKey":"IG8Mlc2Ur3dUim2XKOx5UvSqOt8fnXdLPx7N3Floqm4="},"lastRemoteEphemeralKey":"BY497uECjuKTEqXvKucWmhRK0+57F2AlluumehJe4JVi","previousCounter":0,"rootKey":"21MSqWU+xmsTxL44nHEhWh51nuKUQMXFQejMEyjTi8g="},"indexInfo":{"baseKey":"BfW22Q8Ho+viXRjaSYUwNWjIC3JMraw6azhLYZ11Di8j","baseKeyType":1,"closed":-1,"used":1735192816536,"created":1735192816536,"remoteIdentityKey":"BY7RhUtnLnVfKV/ndOxFLCZjhSnYL+HoEhRvliQ+MIcf"},"_chains":{"BeeaJ3qWZERiCT6c7epUwDPeq2ur/fnEQsCY9r0XXsZ8":{"chainKey":{"counter":0,"key":"bar0bx+XBSJTX8fVjbep7o2ysKj9ap3xc6zwfcsc14Q="},"chainType":1,"messageKeys":{}}},"pendingPreKey":{"signedKeyId":0,"baseKey":"BfW22Q8Ho+viXRjaSYUwNWjIC3JMraw6azhLYZ11Di8j","preKeyId":3591167}}},"version":"v1"}