{"_sessions":{"BVDntC8RA2ims79I5Vxtx84efPvv4CqufyjUXzFB1ZlJ":{"registrationId":416774917,"currentRatchet":{"ephemeralKeyPair":{"pubKey":"BcV8up27zhUYpEP/Wvrlt/L2BpqFqI2kqxmCSvnIwwE4","privKey":"kK36+uGiddG/ZCs6ExDPEG1va/ITNv7hF6lD6Dyd730="},"lastRemoteEphemeralKey":"BbSk/bjlU4oOmpspbRHQqDh8zRGA+gkTtxRSuttGQXob","previousCounter":0,"rootKey":"TmzPyLeKopZ2nFhzdJ/VaDWG38YgdMZSgqlNZlRkpO4="},"indexInfo":{"baseKey":"BVDntC8RA2ims79I5Vxtx84efPvv4CqufyjUXzFB1ZlJ","baseKeyType":1,"closed":-1,"used":1735190161748,"created":1735190161748,"remoteIdentityKey":"BYokvjXmc7YIBsxDvRsdiTZQx/98JtDCPiq9Hk7tb49Y"},"_chains":{"BcV8up27zhUYpEP/Wvrlt/L2BpqFqI2kqxmCSvnIwwE4":{"chainKey":{"counter":4,"key":"yaRFn2VHeiw36pbc41m89+pa0lmjW0k3US7fMg9XfgQ="},"chainType":1,"messageKeys":{}}},"pendingPreKey":{"signedKeyId":1,"baseKey":"BVDntC8RA2ims79I5Vxtx84efPvv4CqufyjUXzFB1ZlJ","preKeyId":6307952}}},"version":"v1"}