{"_sessions":{"BWNFgDMvpPCwoPHugGBpR+b+PP450vVyPTRSOEePLiUT":{"registrationId":233,"currentRatchet":{"ephemeralKeyPair":{"pubKey":"Bc9vh7lEasYOChB2JdHNi9vc2HACa5URzBOM8qYEnu9D","privKey":"AKctfyjR6u9eva9KoeqFYx/qfGot3HaS0fjxu4WoqFo="},"lastRemoteEphemeralKey":"BQHd3gt5xDAHrgZut7wlOIzCXVrrILDQhphETm0i1DN8","previousCounter":0,"rootKey":"bYVRjCNIfcex+9XI43y58Xuh778NDyo+W66kMiA5K+I="},"indexInfo":{"baseKey":"BWNFgDMvpPCwoPHugGBpR+b+PP450vVyPTRSOEePLiUT","baseKeyType":1,"closed":-1,"used":1735190198439,"created":1735190198439,"remoteIdentityKey":"BelKO7H/GjTfP2HAv7O7xjRMzzyT3HrnV+8UgGSakDNa"},"_chains":{"Bc9vh7lEasYOChB2JdHNi9vc2HACa5URzBOM8qYEnu9D":{"chainKey":{"counter":1,"key":"BuMR/knuI6Hp4sSE+SLlKaI5bWaosLx6YzmRtRP6RRg="},"chainType":1,"messageKeys":{}}},"pendingPreKey":{"signedKeyId":1,"baseKey":"BWNFgDMvpPCwoPHugGBpR+b+PP450vVyPTRSOEePLiUT"}}},"version":"v1"}