{"_sessions":{"BfH7IgWp6f/tg8VUfT7gd5ihv4yME1wv7FtBFubZ20NK":{"registrationId":1662446062,"currentRatchet":{"ephemeralKeyPair":{"pubKey":"BaCz05si0x34jawEtX3EPnq/nA3vXHDZlCjVTUlu+T5C","privKey":"0LCz5zEO5zdsK+tp2TR391qho54XcrpdSx4wNkdoTEw="},"lastRemoteEphemeralKey":"BRdStzmh1Cj3tSfDd+lxacxJTvu+F/YlfEjMZb7XdLgZ","previousCounter":0,"rootKey":"lzmdFm6w+9U/cDW4PqHXBQBi2gvU9llyP21lkFhvzh8="},"indexInfo":{"baseKey":"BfH7IgWp6f/tg8VUfT7gd5ihv4yME1wv7FtBFubZ20NK","baseKeyType":1,"closed":-1,"used":1735190130973,"created":1735190130973,"remoteIdentityKey":"BaIG1upvBN//lL8jRmW7NN8oC4kkNbRlQTueIMnOzp5y"},"_chains":{"BaCz05si0x34jawEtX3EPnq/nA3vXHDZlCjVTUlu+T5C":{"chainKey":{"counter":1,"key":"m2yH7oGd4/sUa9bWOgSIGQ3/mjYpotYBdtR3jlwKScg="},"chainType":1,"messageKeys":{}}},"pendingPreKey":{"signedKeyId":19,"baseKey":"BfH7IgWp6f/tg8VUfT7gd5ihv4yME1wv7FtBFubZ20NK","preKeyId":8301862}}},"version":"v1"}