{"_sessions":{"BbZgsQoC5pJyLZ0og3mrwc76XpZEx6fnFx+gO4YnDKx3":{"registrationId":229,"currentRatchet":{"ephemeralKeyPair":{"pubKey":"BXlaQPLQuZOFmG/rKWwtJJdPBc+V2pX83GiYsB/2SR56","privKey":"YKImVmkuhA3NaMCHbQxGpDWrZVC+SEn9VdKSVEHpxHA="},"lastRemoteEphemeralKey":"BcVn2Od4dLBWntF9kaHo9kNlHUiXau4/ASA23p5D0nwa","previousCounter":0,"rootKey":"MpsXG3kNmBdGYfbdfTl8P92jHGkohgnC14asAUoaCcY="},"indexInfo":{"baseKey":"BbZgsQoC5pJyLZ0og3mrwc76XpZEx6fnFx+gO4YnDKx3","baseKeyType":1,"closed":-1,"used":1735121510609,"created":1735121510609,"remoteIdentityKey":"BSQRAp5eQG8HtkLu66htP17YA6yWOjSDStpI0oT2yT5H"},"_chains":{"BXlaQPLQuZOFmG/rKWwtJJdPBc+V2pX83GiYsB/2SR56":{"chainKey":{"counter":0,"key":"i2o2K505EhU9HZRDbg1BDtVnhSH4a8cPa/Hlvq+Q9To="},"chainType":1,"messageKeys":{}}},"pendingPreKey":{"signedKeyId":1,"baseKey":"BbZgsQoC5pJyLZ0og3mrwc76XpZEx6fnFx+gO4YnDKx3"}}},"version":"v1"}