{"_sessions":{"BdDoeLAp55S8p9YCGdwYTsuWtlZ+/po2QMtdoEI4hD9n":{"registrationId":1774335392,"currentRatchet":{"ephemeralKeyPair":{"pubKey":"BYjcsfStOQiLJF5gum9+EOTYswxId7CppWPhbvgEEXos","privKey":"oP3XSxSh6DScGfu+FB8aVPTIi+nDwEpSvttWAmCPB0g="},"lastRemoteEphemeralKey":"BWwpUnXDalDL8kFlvZ+NDDWMtofwdhiuS35ZZpnlF2o9","previousCounter":0,"rootKey":"D1M5iVi/2PRZsIPlA+mlCdbdlZyxgu8Zs9jHXYWN++o="},"indexInfo":{"baseKey":"BdDoeLAp55S8p9YCGdwYTsuWtlZ+/po2QMtdoEI4hD9n","baseKeyType":1,"closed":-1,"used":1735190133167,"created":1735190133167,"remoteIdentityKey":"BcjQaa+cxsbD6lKjIzeZTHjp5QBL0QankZRBfVJ5brpc"},"_chains":{"BYjcsfStOQiLJF5gum9+EOTYswxId7CppWPhbvgEEXos":{"chainKey":{"counter":1,"key":"MowTrbhAW6XHXbX1XraqrVimFWK7VNzFe/auHIlH1Rk="},"chainType":1,"messageKeys":{}}},"pendingPreKey":{"signedKeyId":0,"baseKey":"BdDoeLAp55S8p9YCGdwYTsuWtlZ+/po2QMtdoEI4hD9n","preKeyId":6483716}}},"version":"v1"}