{"_sessions":{"BVV42AQMWrBn+BwI51ApsyPDDitwfl0aMD7QnzMZgUEv":{"registrationId":186413301,"currentRatchet":{"ephemeralKeyPair":{"pubKey":"Baw3bmhzjiB2W47aT/Sg0Ez9Yemtu7N+1SI09Y+lrYsq","privKey":"YPU5ZVk42R4uu8nyhRYS00JU+cqyevq7fjCApuVPKUk="},"lastRemoteEphemeralKey":"BV6RLpKuV2VPj93uonef9c3E2FH4sutaMd84RN7QJGhB","previousCounter":0,"rootKey":"eq9bgnkyrpsibaULgkuHf+dfRFO6Ohk2RelvpN7JaaA="},"indexInfo":{"baseKey":"BVV42AQMWrBn+BwI51ApsyPDDitwfl0aMD7QnzMZgUEv","baseKeyType":1,"closed":1735231237050,"used":1735231235558,"created":1735231235558,"remoteIdentityKey":"BWxKvt+MpsPDUOR2+4ug2OE/mjWEgsc2ZpVWn8ylM0Ug"},"_chains":{"Baw3bmhzjiB2W47aT/Sg0Ez9Yemtu7N+1SI09Y+lrYsq":{"chainKey":{"counter":0,"key":"BWOh7Op2wBp5bmMn18N/gQaJ6ZsIMtVH9TWAdgkjrCQ="},"chainType":1,"messageKeys":{}}},"pendingPreKey":{"signedKeyId":2850953,"baseKey":"BVV42AQMWrBn+BwI51ApsyPDDitwfl0aMD7QnzMZgUEv"}},"BW7L6TIobt0Nw9A60faZjUdO4EeiV2c9Ei5UosHq8QUB":{"registrationId":1903552231,"currentRatchet":{"ephemeralKeyPair":{"pubKey":"BUjfD7KCjeJGL8IPiYRLWmcW+1gVhBDMY3F+aDQwAfJ2","privKey":"YB8HpvMFabRCuPQ/UTKM8w+060PUP4kxcjPIWjPPPGo="},"lastRemoteEphemeralKey":"BWXhGak3zdbW+pfdHpROMXEieEvgGJj6LYX8SncYsH1O","previousCounter":0,"rootKey":"7ApQTU1EVOgWli1fkk9c+IiQ9UdRdwdyuXP/NYNUfxM="},"indexInfo":{"baseKey":"BW7L6TIobt0Nw9A60faZjUdO4EeiV2c9Ei5UosHq8QUB","baseKeyType":1,"closed":-1,"used":1735231237047,"created":1735231237047,"remoteIdentityKey":"BbVPJHpla+DQjW8TKVhylm8N5p9495o++WsUZ0xGYdQz"},"_chains":{"BUjfD7KCjeJGL8IPiYRLWmcW+1gVhBDMY3F+aDQwAfJ2":{"chainKey":{"counter":0,"key":"KD7krnZy5bbuSBiwrnx/f+rZYM5dDjeDA76d8JXqVvo="},"chainType":1,"messageKeys":{}}},"pendingPreKey":{"signedKeyId":14844449,"baseKey":"BW7L6TIobt0Nw9A60faZjUdO4EeiV2c9Ei5UosHq8QUB"}}},"version":"v1"}