{"_sessions":{"BTI+cQCUXM0p2ZsToYp4iZornwexzc87ofehK/fyc+1M":{"registrationId":101,"currentRatchet":{"ephemeralKeyPair":{"pubKey":"BerSvkRgtECGcP8HEKuH+NdnxUYs16T+JXHhUQvZygRJ","privKey":"GGz+wBgKRYiXxo0wZa3GFz+nqqrI9Mt7eekreg8RH2M="},"lastRemoteEphemeralKey":"Bam8RZnAW8WjEUhZ3ajqe93ejS9/DujeVWp3Ts+n15t9","previousCounter":0,"rootKey":"SylC5pD+FTapknYM/KuliOb+i5A+SytRE2puNXrwJtU="},"indexInfo":{"baseKey":"BTI+cQCUXM0p2ZsToYp4iZornwexzc87ofehK/fyc+1M","baseKeyType":1,"closed":-1,"used":1735190207322,"created":1735190207322,"remoteIdentityKey":"BTCQXPOgvqspnuDHQ+HqEQQwdfw40G0/eWEEypGz5dV6"},"_chains":{"BerSvkRgtECGcP8HEKuH+NdnxUYs16T+JXHhUQvZygRJ":{"chainKey":{"counter":3,"key":"BG2USaW0G3op8fOFIolkPwn+WpVhTXxaM8yxLW34I0A="},"chainType":1,"messageKeys":{}}},"pendingPreKey":{"signedKeyId":1,"baseKey":"BTI+cQCUXM0p2ZsToYp4iZornwexzc87ofehK/fyc+1M"}}},"version":"v1"}