{"_sessions":{"BWrrq/H0lsI+gtsEGqo7dQuChxrjlE1RYBWHEhzMohRx":{"registrationId":931189132,"currentRatchet":{"ephemeralKeyPair":{"pubKey":"Bf+oV32YUYk6HIptLPerlZv3N0LBEFP8dt7cO93haA8F","privKey":"UPWCIIIjHo4NOm/C7MTGVXHvCU9znnhZv4VOTT4QYns="},"lastRemoteEphemeralKey":"BYexP0TAG4jCCKDXEtNtcJyqTAOJpIVlNWAumIUKIcs/","previousCounter":0,"rootKey":"KJn1GDSf8zhGbyYWXdDOEc0MW5PRTHx3JJGVVfMzvfc="},"indexInfo":{"baseKey":"BWrrq/H0lsI+gtsEGqo7dQuChxrjlE1RYBWHEhzMohRx","baseKeyType":1,"closed":-1,"used":1735190233644,"created":1735190233644,"remoteIdentityKey":"BfqpInhYVwPGXnAY/6eZnBEya/yExQctriW1rJjjfcEe"},"_chains":{"Bf+oV32YUYk6HIptLPerlZv3N0LBEFP8dt7cO93haA8F":{"chainKey":{"counter":3,"key":"21O6dh2GgfDqtsMbiVy/TzQLyvsUcUpi22TeYf1kMms="},"chainType":1,"messageKeys":{}}},"pendingPreKey":{"signedKeyId":0,"baseKey":"BWrrq/H0lsI+gtsEGqo7dQuChxrjlE1RYBWHEhzMohRx"}}},"version":"v1"}