{"_sessions":{"Bcv/TUDq1T9Jwa4OOGm3OA5XJ4RubZ5XcdsAANkqWhAU":{"registrationId":1356420372,"currentRatchet":{"ephemeralKeyPair":{"pubKey":"BSZjJqFwMjL0FPO6+O6coco1zg2nxc4eZugQ4XoLytAT","privKey":"oFvWtkOoFLBYmLCUouUWWKzxl9cHgpzrgMBRcWNhJkc="},"lastRemoteEphemeralKey":"BZNhAHzGkam2+uioObPw75HaJ4E0yUV/JDU4/JE6IXxs","previousCounter":0,"rootKey":"lUxv+rpG0GPhG+K6b5YQtF1TQOkc4yrD9fikZEXFSdM="},"indexInfo":{"baseKey":"Bcv/TUDq1T9Jwa4OOGm3OA5XJ4RubZ5XcdsAANkqWhAU","baseKeyType":2,"closed":-1,"used":1735121838740,"created":1735121838740,"remoteIdentityKey":"BTLprnM2I6nUnrkuN5IR7WeYm1Cs5HN/Yt/mRi44P7kZ"},"_chains":{"BZNhAHzGkam2+uioObPw75HaJ4E0yUV/JDU4/JE6IXxs":{"chainKey":{"counter":0,"key":"VXefWTTkgi6V3wqjwjIKQrR9n8ZzsZZycqnGqrrFKms="},"chainType":2,"messageKeys":{}},"BSZjJqFwMjL0FPO6+O6coco1zg2nxc4eZugQ4XoLytAT":{"chainKey":{"counter":-1,"key":"P2Z/eoqRY69r1xyTdL3flKROvMhhKe2KMElHLEC1ZJ4="},"chainType":1,"messageKeys":{}}}}},"version":"v1"}