{"_sessions":{"Bf0IG+uzbMsvIJdSGvEtHR2pEwmQppyNPdXzqZU1rL5y":{"registrationId":1097411596,"currentRatchet":{"ephemeralKeyPair":{"pubKey":"BVPFytRf/GYjKoEzWeVZSCnfBo7Gz7cEsV3kpkuO7MAI","privKey":"SCuor9CCCm/HB/J8HO5AeYbsssSp7YZoNj1g8Twk3n8="},"lastRemoteEphemeralKey":"BVZvGKip8m9J/0IT3sZqX6gFA3aRUHg3gttW12W/Hl4A","previousCounter":0,"rootKey":"58i3jgYFl084OsQKSrLYpHUR8VOHDuI+HrCXlzlQvSA="},"indexInfo":{"baseKey":"Bf0IG+uzbMsvIJdSGvEtHR2pEwmQppyNPdXzqZU1rL5y","baseKeyType":1,"closed":-1,"used":1735192821239,"created":1735192821239,"remoteIdentityKey":"BYEDL8xv1d2HrKgHPPTaH9n1Lt/dXNnpi18nq8CDOHto"},"_chains":{"BVPFytRf/GYjKoEzWeVZSCnfBo7Gz7cEsV3kpkuO7MAI":{"chainKey":{"counter":0,"key":"7/O/M1R6kcq/3TlKyBGrGU4mM2KfoVIsVfHRKvUVb9Y="},"chainType":1,"messageKeys":{}}},"pendingPreKey":{"signedKeyId":2,"baseKey":"Bf0IG+uzbMsvIJdSGvEtHR2pEwmQppyNPdXzqZU1rL5y","preKeyId":4651438}}},"version":"v1"}