{"_sessions":{"BaKMjaLCIYLhyV0H3kF378cLxezk91R8bHr9gM0wwWpU":{"registrationId":1532493394,"currentRatchet":{"ephemeralKeyPair":{"pubKey":"BWF1RC/4kEJ4/jque7uMCn58Nh0Kk8sXf7Dg4BY267oK","privKey":"QMnK6jTpxVvcxXndtmjcRwnvU+oAglkNkvDlY8ONO1o="},"lastRemoteEphemeralKey":"BbmJEGDp3RXgWbszsNLQIUTbN5OBaK0yLEDzM0XrCNQb","previousCounter":0,"rootKey":"nHxSUOGVdIHEzpt0x3a9y81/Uxb5iypWFwzCYhDzMoA="},"indexInfo":{"baseKey":"BaKMjaLCIYLhyV0H3kF378cLxezk91R8bHr9gM0wwWpU","baseKeyType":1,"closed":1735185641444,"used":1735185638778,"created":1735185638778,"remoteIdentityKey":"BdeWOzgxMQKhZ1/SwVxRZC3Y4mrzKAwNMZdnbdjLiCIG"},"_chains":{"BWF1RC/4kEJ4/jque7uMCn58Nh0Kk8sXf7Dg4BY267oK":{"chainKey":{"counter":-1,"key":"q/rfz0tYjzNfmLY9Ia19w4K4bTmpHivfKajs/MEuNmw="},"chainType":1,"messageKeys":{}}},"pendingPreKey":{"signedKeyId":0,"baseKey":"BaKMjaLCIYLhyV0H3kF378cLxezk91R8bHr9gM0wwWpU","preKeyId":2820601}},"BTytclvKvsHQnTUnTjFv2/nWQdwg+SucZYBRH5W6xT9z":{"registrationId":1532493394,"currentRatchet":{"ephemeralKeyPair":{"pubKey":"BfQlTMo3lwMWWOAo621rdAYin6xEijlIuS4C+aOfofUa","privKey":"cM1uQJmW/xTtvr9T09LoXclahIkN0ELPiu0wnOqXjWQ="},"lastRemoteEphemeralKey":"BbmJEGDp3RXgWbszsNLQIUTbN5OBaK0yLEDzM0XrCNQb","previousCounter":0,"rootKey":"Wdbkp1t60slO64kYMf/YCAP7eH7fMWXNh33srvbH6dM="},"indexInfo":{"baseKey":"BTytclvKvsHQnTUnTjFv2/nWQdwg+SucZYBRH5W6xT9z","baseKeyType":1,"closed":-1,"used":1735185641443,"created":1735185641443,"remoteIdentityKey":"BdeWOzgxMQKhZ1/SwVxRZC3Y4mrzKAwNMZdnbdjLiCIG"},"_chains":{"BfQlTMo3lwMWWOAo621rdAYin6xEijlIuS4C+aOfofUa":{"chainKey":{"counter":1,"key":"C80qh9sRoakhJrjrnU/+k870P+DLXMX0GVW+qzLxoD4="},"chainType":1,"messageKeys":{}}},"pendingPreKey":{"signedKeyId":0,"baseKey":"BTytclvKvsHQnTUnTjFv2/nWQdwg+SucZYBRH5W6xT9z","preKeyId":2820277}}},"version":"v1"}