{"_sessions":{"BeZLfk5tQqdQ7dK9lM697XEHtHMpzlxS7NKYNoRNFzNZ":{"registrationId":1190900451,"currentRatchet":{"ephemeralKeyPair":{"pubKey":"Bbt8tSy+VKsiBhMvTMtccMtJV/MjxHX7oad3iz9OFX8z","privKey":"wFt8qMUwQeqZblBa1VVkgpgHmVu3wPdPhkmPec62GEg="},"lastRemoteEphemeralKey":"BX/pPiHTs0bBeGnSKsO8ibEEePThmUT2DNG2nS03kRFR","previousCounter":0,"rootKey":"y/99X8WZK9aIq0vcFGg/qbyWx2V+MUMyhCimV9iugOU="},"indexInfo":{"baseKey":"BeZLfk5tQqdQ7dK9lM697XEHtHMpzlxS7NKYNoRNFzNZ","baseKeyType":1,"closed":-1,"used":1735190242813,"created":1735190242813,"remoteIdentityKey":"BeIk8+4hp6kOx1UoS+HvrlKNBnN1+jG215yrCu5BcD85"},"_chains":{"Bbt8tSy+VKsiBhMvTMtccMtJV/MjxHX7oad3iz9OFX8z":{"chainKey":{"counter":1,"key":"T4qrnhoDpsackO8eQgyQo2KUhU+DXC50jRjvSmUq1vo="},"chainType":1,"messageKeys":{}}},"pendingPreKey":{"signedKeyId":0,"baseKey":"BeZLfk5tQqdQ7dK9lM697XEHtHMpzlxS7NKYNoRNFzNZ","preKeyId":14603730}}},"version":"v1"}