{"_sessions":{"BVPDYanBY9rldOCSXf8EbjXwEXgz2KyZclvadwtYj1ZQ":{"registrationId":1269616942,"currentRatchet":{"ephemeralKeyPair":{"pubKey":"BXf6NaQ3dLn77ogasIwZXy1s1ME426NMrvZMLoSkQxkg","privKey":"8L3r6Nn8yVyn1beSucwHHOW1Z++B07uI0oj0PdgmhEw="},"lastRemoteEphemeralKey":"BSJAzhuowEqbpnAjDwyVDEvgFUKDBI95K9DJk/2XAIIQ","previousCounter":0,"rootKey":"XnT0WPajwDi+1ONldXTjul0rSe1hJnv78I8cyzXTfZs="},"indexInfo":{"baseKey":"BVPDYanBY9rldOCSXf8EbjXwEXgz2KyZclvadwtYj1ZQ","baseKeyType":1,"closed":-1,"used":1735121752038,"created":1735121752038,"remoteIdentityKey":"BQebEgv5O/w4FPpeSSIvIq+p+qQUqbFaDdremJNdQ3IE"},"_chains":{"BXf6NaQ3dLn77ogasIwZXy1s1ME426NMrvZMLoSkQxkg":{"chainKey":{"counter":0,"key":"xIt2dSXooe+3YPGiS2P1ZkoVYOJSjRLXziM/6y0v1t4="},"chainType":1,"messageKeys":{}}},"pendingPreKey":{"signedKeyId":0,"baseKey":"BVPDYanBY9rldOCSXf8EbjXwEXgz2KyZclvadwtYj1ZQ","preKeyId":3562045}}},"version":"v1"}