{"_sessions":{"BbrTgzk0snRucCsmR4KtUIq1+YlKjwuboeJgDIqMqNM9":{"registrationId":528885843,"currentRatchet":{"ephemeralKeyPair":{"pubKey":"BeEfOOnizJwJ7XMDFTauLNSovn2SRY0a48D1BpkjnQBX","privKey":"qEiLQRcZ7GlIsbomsO1aVlFlKFPQhFMkdE3RGknmb30="},"lastRemoteEphemeralKey":"BS1I03Uy1B3l5e+jvUK9wbHlfQC7i9O+RtFZIa5er3M8","previousCounter":0,"rootKey":"t0wBPxDrtXEcp3BAfeatScWhJm9tYFgJ7Ke6afPyJTE="},"indexInfo":{"baseKey":"BbrTgzk0snRucCsmR4KtUIq1+YlKjwuboeJgDIqMqNM9","baseKeyType":1,"closed":-1,"used":1735190263144,"created":1735190263144,"remoteIdentityKey":"BcZsGMs9fOJeGqaJejllhXpHOsNDIrNZwC4kUzdOc3cI"},"_chains":{"BeEfOOnizJwJ7XMDFTauLNSovn2SRY0a48D1BpkjnQBX":{"chainKey":{"counter":1,"key":"kh8nfE1b2x0yJlURATzHrn228UYjr5D0cG96l3IaCtA="},"chainType":1,"messageKeys":{}}},"pendingPreKey":{"signedKeyId":0,"baseKey":"BbrTgzk0snRucCsmR4KtUIq1+YlKjwuboeJgDIqMqNM9"}}},"version":"v1"}