{"_sessions":{"BeQx/prktZUYAUCeo+Ckgss5BVUKpKGQKZQQKlRnMPxU":{"registrationId":569896759,"currentRatchet":{"ephemeralKeyPair":{"pubKey":"BYd3lY8ZDMlUzCayv5Kx0Qq5ELMUOB1zjwTh5Fvtsv9p","privKey":"+OvWM/JTB7wu4ovSoe4QZohqQYHYC6jjTBRftuPlOkc="},"lastRemoteEphemeralKey":"BSnOY70tKLHauo2YDb+sBDm/R3AjiCf5U3BfLGCw2H1K","previousCounter":0,"rootKey":"eH78HbDYRq5iUlQKfdY/TJOrbolhn1ZCBLnag9oG0dI="},"indexInfo":{"baseKey":"BeQx/prktZUYAUCeo+Ckgss5BVUKpKGQKZQQKlRnMPxU","baseKeyType":1,"closed":-1,"used":1735192834939,"created":1735192834939,"remoteIdentityKey":"BdOBdzPWdYvjyADBPpP0D82RtMrokohr7yHGNIvgmX53"},"_chains":{"BYd3lY8ZDMlUzCayv5Kx0Qq5ELMUOB1zjwTh5Fvtsv9p":{"chainKey":{"counter":0,"key":"/K8P/rhvs9gZZ1lNXvjT6iNF4WKZFurVr6h9nrqap18="},"chainType":1,"messageKeys":{}}},"pendingPreKey":{"signedKeyId":3,"baseKey":"BeQx/prktZUYAUCeo+Ckgss5BVUKpKGQKZQQKlRnMPxU","preKeyId":6772149}}},"version":"v1"}