{"_sessions":{"BQb3E1bVDxd+0L4MF8bcl/FOey4ucccJ0Di/H93abSJo":{"registrationId":194410684,"currentRatchet":{"ephemeralKeyPair":{"pubKey":"Bf2SfMarREXEsXrgYPmNtr1cwcSNsxpKNmmBLfjnY6oe","privKey":"eNN5q9U86DsXAqkjhjg5dFfJ7Ov/LYituyoUH37TXWk="},"lastRemoteEphemeralKey":"BQFxi3+0vBDrgn2pKhBa5cL7rTdxMZYr7o2njOdfHoZL","previousCounter":0,"rootKey":"DiZB8i3TtxDmQeEQRyg/14EHU3Wn4ZoOuOK1LGJaFkM="},"indexInfo":{"baseKey":"BQb3E1bVDxd+0L4MF8bcl/FOey4ucccJ0Di/H93abSJo","baseKeyType":1,"closed":-1,"used":1735192841906,"created":1735192841906,"remoteIdentityKey":"BTw9DNSGvPzIN6+xPJfqYD9decYRPA7RiP6dsibnDrYR"},"_chains":{"Bf2SfMarREXEsXrgYPmNtr1cwcSNsxpKNmmBLfjnY6oe":{"chainKey":{"counter":0,"key":"a+e7UTihF5VYcXsAeC2V6dWNmUl6KyKXogJaWwdvbA0="},"chainType":1,"messageKeys":{}}},"pendingPreKey":{"signedKeyId":0,"baseKey":"BQb3E1bVDxd+0L4MF8bcl/FOey4ucccJ0Di/H93abSJo","preKeyId":4989213}}},"version":"v1"}