{"_sessions":{"BbVuCwiw2zEba5zHiTECJHVgnibzN0In/3o1zLzHRctE":{"registrationId":2005600764,"currentRatchet":{"ephemeralKeyPair":{"pubKey":"Ba+9GZRvdGHnHznVb9gto1HIWhQr+GZA2PiueBVNK2I/","privKey":"CNAIsLSiJalZISR5CuNlEiAOXLi18I7TcU7Kz7a4dWM="},"lastRemoteEphemeralKey":"BQY9PcUhaDNBIjq6OPxsMB/WlQpcw7Yg4litDoEADs9E","previousCounter":0,"rootKey":"dHzWA/BfRokRj+uwmh7lK1f5IGzoq7HxtuFuSDRzBqA="},"indexInfo":{"baseKey":"BbVuCwiw2zEba5zHiTECJHVgnibzN0In/3o1zLzHRctE","baseKeyType":1,"closed":-1,"used":1735193631231,"created":1735193631231,"remoteIdentityKey":"BWzAGaOC2Vaz9ldiRACI7zFoR2r9jwS40vnKbKj4mbtV"},"_chains":{"Ba+9GZRvdGHnHznVb9gto1HIWhQr+GZA2PiueBVNK2I/":{"chainKey":{"counter":0,"key":"ka+JWC/HwfWOyV2eryB6wyq02hqo+bFfAyr2oyzWwHQ="},"chainType":1,"messageKeys":{}}},"pendingPreKey":{"signedKeyId":8,"baseKey":"BbVuCwiw2zEba5zHiTECJHVgnibzN0In/3o1zLzHRctE","preKeyId":8324284}}},"version":"v1"}