{"_sessions":{"BaXy//k0NR19LSA3C5EpOHVOz4RU1TNTMNs3WeJxaxtC":{"registrationId":1934990513,"currentRatchet":{"ephemeralKeyPair":{"pubKey":"BefPfgxCzFdCxCZaQzHhMJX9PWoOi/7qjSOyv0ZmxEg3","privKey":"OBuoTDpU3do5VH+RR9lnvjtSD7T6H0zEMiZdRS5g2Hc="},"lastRemoteEphemeralKey":"BbAFCss0qUBH3T3eynCWImgJJN9UW/HS+kP6hjoYoQJt","previousCounter":0,"rootKey":"5rKehnEbIrIov6+XOZpt1D4wqRiqeyvBFkpMewRrFLY="},"indexInfo":{"baseKey":"BaXy//k0NR19LSA3C5EpOHVOz4RU1TNTMNs3WeJxaxtC","baseKeyType":1,"closed":-1,"used":1735219053659,"created":1735219053659,"remoteIdentityKey":"BRWxzo/TmvTH/iu6sO+FqLxsjccS8louicxr/XeKlx9y"},"_chains":{"BefPfgxCzFdCxCZaQzHhMJX9PWoOi/7qjSOyv0ZmxEg3":{"chainKey":{"counter":0,"key":"Fei2NRHApNh5DyWjgns4o9L7KSi3UtG0LtgJHKBqtvI="},"chainType":1,"messageKeys":{}}},"pendingPreKey":{"signedKeyId":5,"baseKey":"BaXy//k0NR19LSA3C5EpOHVOz4RU1TNTMNs3WeJxaxtC","preKeyId":16098879}}},"version":"v1"}