{"_sessions":{"BXjnU5FBTzmEFv/bTe/mvhUCuBfHLnkWnp6mfIYZdvBf":{"registrationId":1811662936,"currentRatchet":{"ephemeralKeyPair":{"pubKey":"BdtXISUbjruiTHRPbRbJ+BPZByI+Lz+gZShtGWfsEKJE","privKey":"aDL+6Xkm4Nz3h17VJW1oOe2pq1Cd46aYh9wUB2JlpG8="},"lastRemoteEphemeralKey":"BT07PduvXyDs9YvnbBkI0X9IqazR0GIBXqXSruClRJBX","previousCounter":0,"rootKey":"dUtXcLciXjKGCoj/94Y7mg1VKRybFLspHJG8Cgxu0LM="},"indexInfo":{"baseKey":"BXjnU5FBTzmEFv/bTe/mvhUCuBfHLnkWnp6mfIYZdvBf","baseKeyType":1,"closed":1735185648938,"used":1735185648261,"created":1735185648261,"remoteIdentityKey":"Bb/umD3k1MHME26a5QGhmRkU5LH5r8zuIo3ih2Hfk8Jt"},"_chains":{"BdtXISUbjruiTHRPbRbJ+BPZByI+Lz+gZShtGWfsEKJE":{"chainKey":{"counter":-1,"key":"wkyLRyUED7Pp+o1EZTNKezbfmsRQs9SFOU+pYcOOqy4="},"chainType":1,"messageKeys":{}}},"pendingPreKey":{"signedKeyId":0,"baseKey":"BXjnU5FBTzmEFv/bTe/mvhUCuBfHLnkWnp6mfIYZdvBf","preKeyId":12508637}},"BZynkaKfzEcUh9qYW/HNvVJPBllKp6BHgBxtzGHC/VJ7":{"registrationId":1811662936,"currentRatchet":{"ephemeralKeyPair":{"pubKey":"BfvX9/e700v37hrsJUv0D1Yc4OZFz5jiVMxW7P789Mcc","privKey":"6M1E2TqhzX/RvLovxWrJvf2Che2ZdsxmYMOUgL1eqkE="},"lastRemoteEphemeralKey":"BT07PduvXyDs9YvnbBkI0X9IqazR0GIBXqXSruClRJBX","previousCounter":0,"rootKey":"lLfVKHIHZAKmWpoIixe110ocUeURqfzw/WfQC/68wmA="},"indexInfo":{"baseKey":"BZynkaKfzEcUh9qYW/HNvVJPBllKp6BHgBxtzGHC/VJ7","baseKeyType":1,"closed":-1,"used":1735185648936,"created":1735185648936,"remoteIdentityKey":"Bb/umD3k1MHME26a5QGhmRkU5LH5r8zuIo3ih2Hfk8Jt"},"_chains":{"BfvX9/e700v37hrsJUv0D1Yc4OZFz5jiVMxW7P789Mcc":{"chainKey":{"counter":1,"key":"HfQNfyspgE3OslyxaKklTD/ocfas3s+Y7fY/eaLBWTA="},"chainType":1,"messageKeys":{}}},"pendingPreKey":{"signedKeyId":0,"baseKey":"BZynkaKfzEcUh9qYW/HNvVJPBllKp6BHgBxtzGHC/VJ7","preKeyId":12508584}}},"version":"v1"}