{"_sessions":{"BWNGGZiY2mMH3yN53vZhYS6Enuc+Mt13JuiBUmo2mfke":{"registrationId":255,"currentRatchet":{"ephemeralKeyPair":{"pubKey":"BY/igDjaQVXU1ThcRLNqQiNyAD9E1zrzN8LQes5Fas08","privKey":"OAIlVemeNmiVpY7Fspk4U3iCUl+n0U0PMu5ABCx0ElA="},"lastRemoteEphemeralKey":"BfOfx2ParM1uRfgaFYqjc9lCD17ZhEdBH5OE7bdffQN3","previousCounter":0,"rootKey":"FA1AoSLp7Slrft0ClTNspQ3qhd+kDJHmuo3AMb58aQE="},"indexInfo":{"baseKey":"BWNGGZiY2mMH3yN53vZhYS6Enuc+Mt13JuiBUmo2mfke","baseKeyType":1,"closed":-1,"used":1735190153288,"created":1735190153288,"remoteIdentityKey":"BR0zO4+61Q1g1Jiqhle+1St0SQqGF3pOTiDxC6Tp1kUF"},"_chains":{"BY/igDjaQVXU1ThcRLNqQiNyAD9E1zrzN8LQes5Fas08":{"chainKey":{"counter":1,"key":"k13q846wHTTVJ6VEyiDZKatbGYtWDiRcojFuQAKFhUU="},"chainType":1,"messageKeys":{}}},"pendingPreKey":{"signedKeyId":1,"baseKey":"BWNGGZiY2mMH3yN53vZhYS6Enuc+Mt13JuiBUmo2mfke"}}},"version":"v1"}