{"_sessions":{"BeLcQ/HIPkQ/UsMaez4R8BybqF+2xsA9HAOyKVm1xZ8N":{"registrationId":87,"currentRatchet":{"ephemeralKeyPair":{"pubKey":"BURHaijLCgHe6JdlODRT5mFT9I0Jfa8zHIPQVcllBcFU","privKey":"eHFiQD86kZz34GXWYwXhZcgEBDKusGRDFOHiDIDjbnA="},"lastRemoteEphemeralKey":"BYI9g8jshKKAWkurWUy5LmZwHdwUhH4SJyZDtRwocT8v","previousCounter":0,"rootKey":"G1iDGj9uNZHdnfwhUGgMMklsV9aIb7RFFygpHI2fVFk="},"indexInfo":{"baseKey":"BeLcQ/HIPkQ/UsMaez4R8BybqF+2xsA9HAOyKVm1xZ8N","baseKeyType":1,"closed":-1,"used":1735190271805,"created":1735190271805,"remoteIdentityKey":"BaroGoybDqkfG0uE9aP4rJfZJ3UbBFGRRcsA4wQgWZUg"},"_chains":{"BURHaijLCgHe6JdlODRT5mFT9I0Jfa8zHIPQVcllBcFU":{"chainKey":{"counter":1,"key":"/q4BcGjqCouKboro5ToHYAy7cfe6Vh2jaEzRwHLxu2o="},"chainType":1,"messageKeys":{}}},"pendingPreKey":{"signedKeyId":1,"baseKey":"BeLcQ/HIPkQ/UsMaez4R8BybqF+2xsA9HAOyKVm1xZ8N"}}},"version":"v1"}