{"_sessions":{"BYRNkexenCF5ozXpWos9bjIzc8WwkQC0s/LMY37hdZY9":{"registrationId":10121,"currentRatchet":{"ephemeralKeyPair":{"pubKey":"BQS/D2XgNKp5VUfZFeQ87Ii7M78qTijHbifYHiQNK/Fb","privKey":"EFz+9PuxYrRWlF1eK3wNVHv4wscZkgDJHAD2Ny7lwFw="},"lastRemoteEphemeralKey":"BYGcz51heRqq/PT23jcaQ40xocLuitZ5cYbUbfZb5LZd","previousCounter":0,"rootKey":"23f9FFe5Z3RR+nSQgtrM7B9B/wOXTMBnIxqKXDLABGo="},"indexInfo":{"baseKey":"BYRNkexenCF5ozXpWos9bjIzc8WwkQC0s/LMY37hdZY9","baseKeyType":1,"closed":-1,"used":1735121448467,"created":1735121448467,"remoteIdentityKey":"BeKd1hcfDcacT/7qiUfpo/wVeixsgNwoGny/8vlMwhdq"},"_chains":{"BQS/D2XgNKp5VUfZFeQ87Ii7M78qTijHbifYHiQNK/Fb":{"chainKey":{"counter":32,"key":"WTXD5GJ1pXO62i63V5V5ElKysOClgN1DOYSJQ8Q9hPE="},"chainType":1,"messageKeys":{}}},"pendingPreKey":{"signedKeyId":1,"baseKey":"BYRNkexenCF5ozXpWos9bjIzc8WwkQC0s/LMY37hdZY9"}}},"version":"v1"}