{"_sessions":{"BVKAiF20iIzHtgWXOGiHJ0J0eaFzFpF8j0SKDQrfPMd0":{"registrationId":582485440,"currentRatchet":{"ephemeralKeyPair":{"pubKey":"Bd3U3aAkS3RfzlFNYp48kiQJ5LEep9kTe9G5iRM003sp","privKey":"MDvcep7wuZDYbT0NhAS/YeBh8wOzglo3nkWhtkvDsHc="},"lastRemoteEphemeralKey":"BasuDIyJ/DiztB/9VYbJaI/WW4daSzgHUH9uEPZGwCZY","previousCounter":0,"rootKey":"DqAmjUrFZHBZ88+n6opRhPDhdK3GeRTfpnTF/2DmNgw="},"indexInfo":{"baseKey":"BVKAiF20iIzHtgWXOGiHJ0J0eaFzFpF8j0SKDQrfPMd0","baseKeyType":1,"closed":-1,"used":1735190093262,"created":1735190093262,"remoteIdentityKey":"BXpOoIeGv7x+hg1yqAggEGm0bEWpL3ckPFfKesqzfeJU"},"_chains":{"Bd3U3aAkS3RfzlFNYp48kiQJ5LEep9kTe9G5iRM003sp":{"chainKey":{"counter":0,"key":"k21pkzouogyqZ2TJbAGig0g4QCQpYobyZiHNNiFzyvw="},"chainType":1,"messageKeys":{}}},"pendingPreKey":{"signedKeyId":1,"baseKey":"BVKAiF20iIzHtgWXOGiHJ0J0eaFzFpF8j0SKDQrfPMd0"}}},"version":"v1"}