{"_sessions":{"BdCypZHsJ6EEddmhOgrip/SxYY3BYfgHV65j5KvJldcs":{"registrationId":1336559728,"currentRatchet":{"ephemeralKeyPair":{"pubKey":"BSUFqrUdGI65fgc77FbKQdxIMqO8lXXEzcE/kvMGVXVX","privKey":"YONwqKY9QRWYhFFwhOMWPDE2InOsbnjsyAYu+VzIwFc="},"lastRemoteEphemeralKey":"BcBHLB2fYBclZgaonQgcrTgzP2qeGzWL23Apx8UF/3tF","previousCounter":0,"rootKey":"96mZZy6zk8L4iXx85cR2GrlaECVj1fVf6z1Fw5Gb+sE="},"indexInfo":{"baseKey":"BdCypZHsJ6EEddmhOgrip/SxYY3BYfgHV65j5KvJldcs","baseKeyType":1,"closed":-1,"used":1735192820991,"created":1735192820991,"remoteIdentityKey":"BZEQUBP9p2vsHqKh8upRd3LV39b4PEeu3H3MLYA6qKgO"},"_chains":{"BSUFqrUdGI65fgc77FbKQdxIMqO8lXXEzcE/kvMGVXVX":{"chainKey":{"counter":0,"key":"SIpKJbjJGaS/UR4MBAheQ2qTS1vJWd6SPy57uvt4bbg="},"chainType":1,"messageKeys":{}}},"pendingPreKey":{"signedKeyId":0,"baseKey":"BdCypZHsJ6EEddmhOgrip/SxYY3BYfgHV65j5KvJldcs"}}},"version":"v1"}