{"_sessions":{"BXzdbag4eAyFvu68SYPquFrBgUnENYSFoaG0jwsItyk6":{"registrationId":1928126545,"currentRatchet":{"ephemeralKeyPair":{"pubKey":"BSembUEhqhmL7AixcCnozOKKNHMJ/crpa+WicWpzFRAx","privKey":"aHHzEt3aO5GKzrOutoNP4v7iW+kRL08ywL1c3eEYCGs="},"lastRemoteEphemeralKey":"BaZcD3aTKNCwXVW+ysGxtcapX5hh+2hS4S2EiI+c1NRo","previousCounter":0,"rootKey":"hWcobf8MsEWnJ9bi6pwlmF4njtawsiOf3rDXR7Oc1AQ="},"indexInfo":{"baseKey":"BXzdbag4eAyFvu68SYPquFrBgUnENYSFoaG0jwsItyk6","baseKeyType":1,"closed":-1,"used":1735195318409,"created":1735195318409,"remoteIdentityKey":"BcIgx+jKErRysBUoGNCotcvWa1SvZPdvzxvbPKmrDPUa"},"_chains":{"BSembUEhqhmL7AixcCnozOKKNHMJ/crpa+WicWpzFRAx":{"chainKey":{"counter":0,"key":"I9Qj4T3Ck85GWWkV5tgY6TBVhD9h1rQ2EOPfV2G8Yoc="},"chainType":1,"messageKeys":{}}},"pendingPreKey":{"signedKeyId":17,"baseKey":"BXzdbag4eAyFvu68SYPquFrBgUnENYSFoaG0jwsItyk6","preKeyId":1185153}}},"version":"v1"}