{"_sessions":{"BV3cuxDbmtfHSRBIas3zIpCzQsbDDHWodqxWYCp7ylY/":{"registrationId":170,"currentRatchet":{"ephemeralKeyPair":{"pubKey":"BSwp/wn8jicOiYU0h3FzuJWIPBWMXAA9d2HJu7Q6PlVz","privKey":"WHnMjEhrkVLXefSOrakaAQUqF0Iv8NWyYlGIOJugUFA="},"lastRemoteEphemeralKey":"Ba62jZKAF9E0+/WLyM7XMvb22G26ENVuzcHdhK20oHtm","previousCounter":0,"rootKey":"BZqymdyKNzEsZ/PivlubNS2vtoC06riK+1l0HYhq3Wg="},"indexInfo":{"baseKey":"BV3cuxDbmtfHSRBIas3zIpCzQsbDDHWodqxWYCp7ylY/","baseKeyType":1,"closed":-1,"used":1735190211770,"created":1735190211770,"remoteIdentityKey":"Bf1ky9RqMOieWI4Mt+B4d2JbT1RSDPSW6FJAbXPSiMh2"},"_chains":{"BSwp/wn8jicOiYU0h3FzuJWIPBWMXAA9d2HJu7Q6PlVz":{"chainKey":{"counter":1,"key":"7Vs0d4B/1BBLMa40fSW/KGWHH62praBmNMdrKKthCxo="},"chainType":1,"messageKeys":{}}},"pendingPreKey":{"signedKeyId":1,"baseKey":"BV3cuxDbmtfHSRBIas3zIpCzQsbDDHWodqxWYCp7ylY/"}}},"version":"v1"}