{"_sessions":{"BakmPVy6nXmc3JpERaa/FLpchAEQCuOTXjkXTZ5xkP07":{"registrationId":1997360591,"currentRatchet":{"ephemeralKeyPair":{"pubKey":"BWa3yzPfDrCBPrK57GpTTkmSTe1UGQecA2vjKVdY1vEH","privKey":"uDonEA1JIVulSKVBIHd80ENXGI0hrHtncwYoPuWXdl4="},"lastRemoteEphemeralKey":"Ba6W/Ss13g+JcFC0KfCILyXT7olPx4wpXWEHgLyBduY/","previousCounter":0,"rootKey":"1EWsWiOBKSrAQxO0IMgeV99hTtegfCdx2pFpfwa1SQc="},"indexInfo":{"baseKey":"BakmPVy6nXmc3JpERaa/FLpchAEQCuOTXjkXTZ5xkP07","baseKeyType":1,"closed":-1,"used":1735192882938,"created":1735192882938,"remoteIdentityKey":"BUUYBZBKsiIdm0R3CicFpV4kWpudkr/Cpoj4khvTOuEl"},"_chains":{"BWa3yzPfDrCBPrK57GpTTkmSTe1UGQecA2vjKVdY1vEH":{"chainKey":{"counter":0,"key":"sPUf+1LNf15aGJoJ2hXk5ddCrmUejdf8UTIc81q4k7Q="},"chainType":1,"messageKeys":{}}},"pendingPreKey":{"signedKeyId":15,"baseKey":"BakmPVy6nXmc3JpERaa/FLpchAEQCuOTXjkXTZ5xkP07","preKeyId":4301881}}},"version":"v1"}