{"_sessions":{"BfvATchsCTbrCaSmYD9nUCJ3ozsAf9OHVPWDyMeHZl01":{"registrationId":42155917,"currentRatchet":{"ephemeralKeyPair":{"pubKey":"BW7MMCJl1pCmIGWfWhvWVVRO6oExSmXos8/BeegeyRNk","privKey":"GNd8T+u8eHHeunAGygcoYGgzIHTE4RtsTKt++cwMpGM="},"lastRemoteEphemeralKey":"BTJJ8smt+ufoRrzW2Nyd0kZ6hHc0Vf5sEGD3j6zQl0tK","previousCounter":0,"rootKey":"onsKPth8NWm2iYvYq9jA2EdkjoqommzuvJsZ+rEXqGs="},"indexInfo":{"baseKey":"BfvATchsCTbrCaSmYD9nUCJ3ozsAf9OHVPWDyMeHZl01","baseKeyType":1,"closed":-1,"used":1735193622114,"created":1735193622114,"remoteIdentityKey":"BURFHrQDktOQyaYAoCdVnR70Ay23SajTCl5mHfY/w+4Z"},"_chains":{"BW7MMCJl1pCmIGWfWhvWVVRO6oExSmXos8/BeegeyRNk":{"chainKey":{"counter":0,"key":"M4OS1uftf4kkZjNaJFRQbf6hrLuaahZeK3KMOG51mMg="},"chainType":1,"messageKeys":{}}},"pendingPreKey":{"signedKeyId":5,"baseKey":"BfvATchsCTbrCaSmYD9nUCJ3ozsAf9OHVPWDyMeHZl01","preKeyId":12411491}}},"version":"v1"}