{"_sessions":{"BYc+Y8zfBVkgQ3AKJdUvQSqTThQNQCybuOhJLScQ3y5a":{"registrationId":52,"currentRatchet":{"ephemeralKeyPair":{"pubKey":"BR9ifJ2URAiOstDAI8W6kPKqz5P02TnG+gTP0g+ghERI","privKey":"QAHnsuHzTaMYPm7JNMoxmOXi0RgFnjKU7yzm5q7vKW4="},"lastRemoteEphemeralKey":"BcjyEEfpDK3WpfQqBmcj2WLhdvkecqtKSJs0356qyfAl","previousCounter":0,"rootKey":"FM4Vt8Zuo+B7HHpjd2/g4lHv1inIkA/RnxdNUZDZcJI="},"indexInfo":{"baseKey":"BYc+Y8zfBVkgQ3AKJdUvQSqTThQNQCybuOhJLScQ3y5a","baseKeyType":1,"closed":-1,"used":1735194708955,"created":1735194708955,"remoteIdentityKey":"BclRMaz+1/zT3LuJARCz4D7kB+Mm9G4C37uqrmNUJDRS"},"_chains":{"BR9ifJ2URAiOstDAI8W6kPKqz5P02TnG+gTP0g+ghERI":{"chainKey":{"counter":0,"key":"TyYIzg/1HjQQE8SDuCQOtKUxIddclyN/yn+qJFi+Y24="},"chainType":1,"messageKeys":{}}},"pendingPreKey":{"signedKeyId":1,"baseKey":"BYc+Y8zfBVkgQ3AKJdUvQSqTThQNQCybuOhJLScQ3y5a"}}},"version":"v1"}