{"_sessions":{"BYftr3QiavTPi7Fuiky3QpLHVmSHhZE7tMKMVFeMMUlb":{"registrationId":176,"currentRatchet":{"ephemeralKeyPair":{"pubKey":"BUDsNfNTnI4vZFgVNvdv4f4zMinuAsHvwA3+AqzKqhI0","privKey":"qJ6Uf+b2CEvgnK3bhOeSeRsAg1we3ISW2FdR6bruWks="},"lastRemoteEphemeralKey":"BXYXayKir0738RHLAqdc8df/d5BW8BNp6u4FI0q/+kt9","previousCounter":0,"rootKey":"tNqNaYoST4pOwpI6+gNgu2MIMZ7cK0TK/tFFJrhqczY="},"indexInfo":{"baseKey":"BYftr3QiavTPi7Fuiky3QpLHVmSHhZE7tMKMVFeMMUlb","baseKeyType":1,"closed":1735121470480,"used":1735121451714,"created":1735121451714,"remoteIdentityKey":"BdP8SMOv6hwpgaQMC7BWVaGAlBGFonS1hblv0gWm9kZZ"},"_chains":{"BUDsNfNTnI4vZFgVNvdv4f4zMinuAsHvwA3+AqzKqhI0":{"chainKey":{"counter":0,"key":"iJmj4UNxAJFyg3rf4+4X1GZ64qHq5vA7mVFOmE4Vrvs="},"chainType":1,"messageKeys":{}}},"pendingPreKey":{"signedKeyId":1,"baseKey":"BYftr3QiavTPi7Fuiky3QpLHVmSHhZE7tMKMVFeMMUlb","preKeyId":93}},"BeF2TZJGoXh/bB++vaNWQ47ps5Rckdo6vh4NBW1KM4wu":{"registrationId":176,"currentRatchet":{"ephemeralKeyPair":{"pubKey":"BWCMNqc9etzPrpIZ20ypsXnRrCrd5vUVsXo9PPnAPzIy","privKey":"GJgP6/q16iB5eaVqfvEwEaCfRR6l7CubCR/Vi01QzV8="},"lastRemoteEphemeralKey":"BdnSfq2I1Jl4K6419Orsb0wxX91Ehi4v3a6WUQPO46Ue","previousCounter":0,"rootKey":"9xaBSmiKC1NysXuEaifHtZ+k3grDInpqD/zjokQxzcM="},"indexInfo":{"baseKey":"BeF2TZJGoXh/bB++vaNWQ47ps5Rckdo6vh4NBW1KM4wu","baseKeyType":2,"closed":1735121671060,"used":1735121470489,"created":1735121470489,"remoteIdentityKey":"BdP8SMOv6hwpgaQMC7BWVaGAlBGFonS1hblv0gWm9kZZ"},"_chains":{"BdnSfq2I1Jl4K6419Orsb0wxX91Ehi4v3a6WUQPO46Ue":{"chainKey":{"counter":1,"key":"bnRjkoqbIG87rN6LvQqcku36aZIEZaLxPjgjxRpWiN4="},"chainType":2,"messageKeys":{"0":"dhlRMP0bg6yEBcNBeBlkLIzQXJ1A7gTQoZdEFqJVjZ4="}},"BWCMNqc9etzPrpIZ20ypsXnRrCrd5vUVsXo9PPnAPzIy":{"chainKey":{"counter":-1,"key":"sGLqjCEgvhDbelZDK/QVDoFv1DgrCL7TfBebJDusXDA="},"chainType":1,"messageKeys":{}}}},"BQzCwBjnWsCfml5mYgu3Dppnc+6LVyO5P5WI2KE+KA4n":{"registrationId":176,"currentRatchet":{"ephemeralKeyPair":{"pubKey":"BXnjde+zkwm+AdmhFsVNJORmSXRnBhNZrTJyOGiJz4h1","privKey":"YDmmD0vH4z2eWqjA8pYYRxhcN0uwygWyk/r26WwThk8="},"lastRemoteEphemeralKey":"BUXSwU6rgkvnMyiIU94yLcLb+ReizwmezOAkAGO61WFe","previousCounter":2,"rootKey":"UcFoI3pPaoQJuicW+BXJIWZWfeCByLXouXmoj7az2E8="},"indexInfo":{"baseKey":"BQzCwBjnWsCfml5mYgu3Dppnc+6LVyO5P5WI2KE+KA4n","baseKeyType":2,"closed":1735123219498,"used":1735121798106,"created":1735121671067,"remoteIdentityKey":"BdP8SMOv6hwpgaQMC7BWVaGAlBGFonS1hblv0gWm9kZZ"},"_chains":{"BbzaaLpzPC/N9+OY7YG4RQrnCxUJzcsPVb34l3A5FAA7":{"chainKey":{"counter":1},"chainType":2,"messageKeys":{"0":"0chgaU/vpXiypxfe7nH1fJjzLBALf3/4rRkQ8XPGyjE="}},"BUXSwU6rgkvnMyiIU94yLcLb+ReizwmezOAkAGO61WFe":{"chainKey":{"counter":1,"key":"FiSVnodD+hy9aMK6IP9kFtOHwB3G59Lj0slO31Mum1o="},"chainType":2,"messageKeys":{}},"BXnjde+zkwm+AdmhFsVNJORmSXRnBhNZrTJyOGiJz4h1":{"chainKey":{"counter":0,"key":"bIUwHDINKZgWEYo28jYaHdOFek0yO/3bWzEOQipiBeg="},"chainType":1,"messageKeys":{}}}},"BRxAdc5Dcf+Ut+Jrx903rKe0+ROzzuLOhw9O477w9sIy":{"registrationId":176,"currentRatchet":{"ephemeralKeyPair":{"pubKey":"BZbPWnNH68bjlcIaxn0CIPXYffWLTdCU2+1aiDOfB3lf","privKey":"oCyaHgjqYDcqclbwVNh4vEKlNfUlTB74yMzIWL2BoFQ="},"lastRemoteEphemeralKey":"BRUPQLCVSxJmSRJ6Ngy9YQvYaOChyBT3H5dE5dJTN28a","previousCounter":0,"rootKey":"dF+KWw4WmSH2tbzahhZV4sc7snzscwtSoLOS0ZzHtCk="},"indexInfo":{"baseKey":"BRxAdc5Dcf+Ut+Jrx903rKe0+ROzzuLOhw9O477w9sIy","baseKeyType":2,"closed":1735123220576,"used":1735123219501,"created":1735123219501,"remoteIdentityKey":"BdP8SMOv6hwpgaQMC7BWVaGAlBGFonS1hblv0gWm9kZZ"},"_chains":{"BRUPQLCVSxJmSRJ6Ngy9YQvYaOChyBT3H5dE5dJTN28a":{"chainKey":{"counter":5,"key":"Yr+aCX97IiBQ457CD+FOxpGyVx0vOMgbK6U0W+sbhcg="},"chainType":2,"messageKeys":{"0":"nmE2aL3UEu7P4UsYzvd3Gndjs7KTDrYz+7o9YinGQhk=","1":"dmei4C2v9F+Umb3WHhkRavdNiWXRKy4ssbuu6GCSg1Q="}},"BZbPWnNH68bjlcIaxn0CIPXYffWLTdCU2+1aiDOfB3lf":{"chainKey":{"counter":-1,"key":"dOmoLRiFU14JFsqlYXEKjA+NdxkCh41XCxm0pauxXCM="},"chainType":1,"messageKeys":{}}}},"BY7XA/PrQfshhIhhZpto9wGkYPjqkbXFplOh5ee11lwP":{"registrationId":176,"currentRatchet":{"ephemeralKeyPair":{"pubKey":"BfIdVQKjsXOk9zjoLpLSeI6CVi5mkDn9f33gr16KnF4p","privKey":"gN9k/UAj9qWznXgOhsmEUgDjhHnwS3M7qQyPhh3yx1Y="},"lastRemoteEphemeralKey":"BVyON+pBo4E8ODpikWTHK+LDyFy7KhIPti/P4d3xDK5j","previousCounter":0,"rootKey":"h91rsKtI/nIE7HG5pb83cBRfvKlx2NlSi2vfSJXe/d4="},"indexInfo":{"baseKey":"BY7XA/PrQfshhIhhZpto9wGkYPjqkbXFplOh5ee11lwP","baseKeyType":2,"closed":-1,"used":1735124133525,"created":1735123220579,"remoteIdentityKey":"BdP8SMOv6hwpgaQMC7BWVaGAlBGFonS1hblv0gWm9kZZ"},"_chains":{"Bd4gHQaFADxDkYPMNbnmj+SQidJQncvLszR87kyV/BI8":{"chainKey":{"counter":20},"chainType":2,"messageKeys":{"0":"D1d+PV9xWPFIZwVioXRm+nymuxTbbhZo8No1SqYsJtM=","4":"5Oh+9M/+NP7g/KT3uZG9KW5/yYX9Bafzv2NThVp9aKQ=","6":"68efpjBxS1+q9I8m+N5Po4NLckwE/sJXH/78vE9NlFA=","7":"cMSZGuU+b3O2meuxTtWFzO1adBkg2FOtz1+Wm8zTNQ0=","8":"5+VDKmppA9MVOTOiuwy0d+r7m0YeRZSzsqSEmezsSfE=","9":"qhyM+jb96ix8agjJnkOFZmdQCrtP9g3ezhJ4TpkJphA=","10":"HBr77F1UoSWuxlldQAH2zkQ55CFNUX7mcJHafYscuPc=","11":"qlGv5mxLU5D48ODqBBsP6ooii8CQiJnKqqKIdRydEgA=","12":"nhfAlWY5KDZD1HG+MZHGAdpezw6MmGF4BwW2q4bYDG4=","13":"rsTU3TOU7EHUIDPcawDH5fFex5wZhqy0NEFYNDbxRVU=","14":"/D1e+mKqmPK5VZtUh/BgllSDlwN/J2l+rYr72SffYwk=","15":"OrQYB6TJeCYAkJRGI4zxFCTUTILYKcOgiXKCNsPcdGU=","16":"S+0mtFZ2+21lrOAD5RyPlSuaiYK6EvOQTppQ/euDpYY="}},"BVyON+pBo4E8ODpikWTHK+LDyFy7KhIPti/P4d3xDK5j":{"chainKey":{"counter":1,"key":"obDpOh8MyFhEyLbHGrpPNEIvjXk/dY/QgYGfUMijqXU="},"chainType":2,"messageKeys":{}},"BfIdVQKjsXOk9zjoLpLSeI6CVi5mkDn9f33gr16KnF4p":{"chainKey":{"counter":0,"key":"SABLobHwbXdyKH/doLIpuKb+uxUGWZEWNxMI/7emepY="},"chainType":1,"messageKeys":{}}}}},"version":"v1"}