{"_sessions":{"BV7WiaPp/rR1TPCOo5hbaFLs6A5InBTUQg7d0I0L73hS":{"registrationId":1410078932,"currentRatchet":{"ephemeralKeyPair":{"pubKey":"BcHRMiGK/Vhw1Rkt/tSXKuv1gcIf76NlU2NYUQNmG3kw","privKey":"uHZoqYwfVfPvsOevUS6wnSvuBiet6RBq+fgqQGtgw00="},"lastRemoteEphemeralKey":"BZc04o2dog+3e+bCV4J0cZnMXXssqRcpSo70PZ4Xlj8c","previousCounter":0,"rootKey":"sgLM2/0aH+ixIzO8hd5w0zxD5gvHvVbeBKTKNaNuB94="},"indexInfo":{"baseKey":"BV7WiaPp/rR1TPCOo5hbaFLs6A5InBTUQg7d0I0L73hS","baseKeyType":2,"closed":-1,"used":1735216596311,"created":1735216596311,"remoteIdentityKey":"BWEQJmzAfQZiMeuK56NmbJnFGISgh2YM/pmPok6JEetu"},"_chains":{"BZc04o2dog+3e+bCV4J0cZnMXXssqRcpSo70PZ4Xlj8c":{"chainKey":{"counter":4,"key":"K0SL/D53T59vezfoaNOaAO/yif1NEvEycoUOBesl8C8="},"chainType":2,"messageKeys":{"0":"lH6YQMGVHYjr5dqqtnnqlR7k89bpScaXY7kGPx748Yk=","1":"qSPEpu/hJg8/QvxABpSW0qWQal4dKm2IfTV9gMrx4qU=","2":"ZN2yQYc1B/M5CBw/c3ujGcTgoV8Rin4FnV27iXvMvtk=","3":"3NqkhKn0zjRRZURDUOHaO1Qj60Jm9eZ5LelcGHTbdUY="}},"BcHRMiGK/Vhw1Rkt/tSXKuv1gcIf76NlU2NYUQNmG3kw":{"chainKey":{"counter":5,"key":"Og773hvgfBYHAR8VnfTosvMM1jm24n0Pcc0lLaqWR/k="},"chainType":1,"messageKeys":{}}}}},"version":"v1"}