{"_sessions":{"BSnCioTQmmsoaWanFkG2XGC8tV1b1/VGrOOLdK7GkBJR":{"registrationId":591924888,"currentRatchet":{"ephemeralKeyPair":{"pubKey":"BdCnej8f9YUKjBVt4S5Ee9WcIi00L1uMDfQt2QPwAiBk","privKey":"EOUedWVTXLgnwQaKVTooWoHtxMeQg1lxXLAM5QJkXlU="},"lastRemoteEphemeralKey":"BYdyaFOKkQl07gfFg9XXgt64Dc+F8E+/F7Hqcps60glS","previousCounter":0,"rootKey":"MJW/mDchKGT7uOQrl1+N01FeCXXcyV9B8iCBQqTWiI4="},"indexInfo":{"baseKey":"BSnCioTQmmsoaWanFkG2XGC8tV1b1/VGrOOLdK7GkBJR","baseKeyType":1,"closed":-1,"used":1735190220491,"created":1735190220491,"remoteIdentityKey":"BQskmhTIKOMXAUWY0mkxgRK/+l0Q9vm6NMppMMHArsxZ"},"_chains":{"BdCnej8f9YUKjBVt4S5Ee9WcIi00L1uMDfQt2QPwAiBk":{"chainKey":{"counter":1,"key":"Q2BHCFsmA8aVv7M+wMJ3ZVSjozA0zg5wHNlg2Y7JRTg="},"chainType":1,"messageKeys":{}}},"pendingPreKey":{"signedKeyId":1,"baseKey":"BSnCioTQmmsoaWanFkG2XGC8tV1b1/VGrOOLdK7GkBJR","preKeyId":6776644}}},"version":"v1"}