{"_sessions":{"BSsrlVasMZh5x10enm8BumV7OtpWUawPxqYu52R8bwV7":{"registrationId":215,"currentRatchet":{"ephemeralKeyPair":{"pubKey":"Bbm9iaG35GGDfD+yu4n8OGpTsLQ2TzXHCadiz40/v1IX","privKey":"mBurr8627l0+GPnHmvHppQD1x0PB+mmmk4yLoQvK1H8="},"lastRemoteEphemeralKey":"Be6GeV9mxShKGeMmvManpvmH0eHZxkSPLOS7hAfzhkg8","previousCounter":0,"rootKey":"iUAhQ1pvr/SwgvZ7+sHwOuauWwAn87HP0YnlXnc+vOQ="},"indexInfo":{"baseKey":"BSsrlVasMZh5x10enm8BumV7OtpWUawPxqYu52R8bwV7","baseKeyType":1,"closed":-1,"used":1735121451855,"created":1735121451855,"remoteIdentityKey":"BdQIGQJSmhA8trzNqCy9KKvs3ZE8ENjJFgepaBSfoP0s"},"_chains":{"Bbm9iaG35GGDfD+yu4n8OGpTsLQ2TzXHCadiz40/v1IX":{"chainKey":{"counter":11,"key":"PuMMWCW/1gBEcHI7/K+TXhcbukR3GdYGxSsKkKnKk4k="},"chainType":1,"messageKeys":{}}},"pendingPreKey":{"signedKeyId":1,"baseKey":"BSsrlVasMZh5x10enm8BumV7OtpWUawPxqYu52R8bwV7"}}},"version":"v1"}