{"_sessions":{"BUavepXrFUfHhT8+TfO6Z/n9I4tNh1gkuTEnE3W3HI0R":{"registrationId":1002762684,"currentRatchet":{"ephemeralKeyPair":{"pubKey":"Bf1JFDBzfUMZzOv1Wa5cznh0m6oCNX3UNoJO+pBCLwh6","privKey":"4K4yhp2P1lVrRmQ/9zw0HyCJ2L12N84ZY7y/BVZL9WI="},"lastRemoteEphemeralKey":"BY1BaFPVm9vqMXyPskcqs5bZboQ0uP02rQL2ZEA/STBy","previousCounter":0,"rootKey":"kVK5bNlHFNUym8PhkXrkryV1qt0XpDpy30/tT9e47u8="},"indexInfo":{"baseKey":"BUavepXrFUfHhT8+TfO6Z/n9I4tNh1gkuTEnE3W3HI0R","baseKeyType":1,"closed":-1,"used":1735190258695,"created":1735190258695,"remoteIdentityKey":"BYIv5wBMQrzqeg2Eq2Qa/F3HZjacBrl4O6QRPVfgd1Jd"},"_chains":{"Bf1JFDBzfUMZzOv1Wa5cznh0m6oCNX3UNoJO+pBCLwh6":{"chainKey":{"counter":4,"key":"V59mJUyiRMsL2PPrcPCMYF8SjbJ0rqlFqC/gg3k+b+c="},"chainType":1,"messageKeys":{}}},"pendingPreKey":{"signedKeyId":1,"baseKey":"BUavepXrFUfHhT8+TfO6Z/n9I4tNh1gkuTEnE3W3HI0R","preKeyId":5999520}}},"version":"v1"}