{"_sessions":{"Bc4TTXAKXssZFmHxaBwupVUfQ+lO1Ku8vJ+I7p2a3j1U":{"registrationId":193,"currentRatchet":{"ephemeralKeyPair":{"pubKey":"BXNidkQ6OoQ6WifdcqFxbeu8WsU7RnKsF4DHKO1ijd0V","privKey":"6GMGl3wlr+MMvFvrZLawKxDYHdbhrKSazu2hKvafKWA="},"lastRemoteEphemeralKey":"BdgAtD1EH/gXJWM9gQoJOIqixefEnarGBdGydK9yU50r","previousCounter":0,"rootKey":"iXHgFWOAs6sv+ELEdXCnQ2Vbb5122+M28q1fHanHuOU="},"indexInfo":{"baseKey":"Bc4TTXAKXssZFmHxaBwupVUfQ+lO1Ku8vJ+I7p2a3j1U","baseKeyType":1,"closed":-1,"used":1735192463015,"created":1735192463015,"remoteIdentityKey":"BcOD1CXGcMZsHCDrTQVaVSEMZGJ8JFbj/YUALOYw3CR2"},"_chains":{"BXNidkQ6OoQ6WifdcqFxbeu8WsU7RnKsF4DHKO1ijd0V":{"chainKey":{"counter":0,"key":"wy8PleTe/GX2F9aGmgWIF+1YJRHIaNsKq5IGkzzeXfs="},"chainType":1,"messageKeys":{}}},"pendingPreKey":{"signedKeyId":1,"baseKey":"Bc4TTXAKXssZFmHxaBwupVUfQ+lO1Ku8vJ+I7p2a3j1U"}}},"version":"v1"}