{"_sessions":{"BSZSr06D+shLMexThhEg8q6JzyYDukJPAdJXEnNOI3Y/":{"registrationId":1292186290,"currentRatchet":{"ephemeralKeyPair":{"pubKey":"BSRhR0VJcymGDLjWibXCrfrQxeeWAZlBw/azf+Ggl893","privKey":"SEYOy58nfz7D2+Bg47h610my9/PIVlHy6e0C4yXteUM="},"lastRemoteEphemeralKey":"BUZvzJ2lF3HQw2wEopdVvemUraUw3HGdldishrnkzbRe","previousCounter":0,"rootKey":"nSwuQHPLCoBsWsTgzUYQcxkVBwcjYgrtY3KBQ2CbNN8="},"indexInfo":{"baseKey":"BSZSr06D+shLMexThhEg8q6JzyYDukJPAdJXEnNOI3Y/","baseKeyType":1,"closed":-1,"used":1735230282777,"created":1735230282777,"remoteIdentityKey":"BdkIhkVTcdYmNh9ppNmItJ7wTwNb/IZ4xP82JerqoVkT"},"_chains":{"BSRhR0VJcymGDLjWibXCrfrQxeeWAZlBw/azf+Ggl893":{"chainKey":{"counter":0,"key":"wh84dT43csYOpNYYwpvHC+aB3H+ZjT4V0IKeA7FIUCM="},"chainType":1,"messageKeys":{}}},"pendingPreKey":{"signedKeyId":0,"baseKey":"BSZSr06D+shLMexThhEg8q6JzyYDukJPAdJXEnNOI3Y/","preKeyId":16684227}}},"version":"v1"}