{"_sessions":{"BaTC0/IBDqx6jr94V+ZQD4YXamvhjZJU1d0lvkySeK0C":{"registrationId":976709498,"currentRatchet":{"ephemeralKeyPair":{"pubKey":"BeUOo5pSFKK8C6rCVY+AwgL+bXujIcKPhCxUu+F87DFo","privKey":"KOF9rzrlxMsd7GWRIvtkyVyOUbaEA2LbgiQn/Rsw5kY="},"lastRemoteEphemeralKey":"BZr/0VugDUSrUW1nqRNA0F9JtdF/XG9kdOW4rtOCjahn","previousCounter":0,"rootKey":"f1CT3nHqCN4YtsqB/fSGqQgHOb3T+XHRk5e0LHKSOmA="},"indexInfo":{"baseKey":"BaTC0/IBDqx6jr94V+ZQD4YXamvhjZJU1d0lvkySeK0C","baseKeyType":1,"closed":-1,"used":1735190251378,"created":1735190251378,"remoteIdentityKey":"BTr6l/VHczA8/SVz4TAYs6werOnbG8P8zZBgx0ew6oli"},"_chains":{"BeUOo5pSFKK8C6rCVY+AwgL+bXujIcKPhCxUu+F87DFo":{"chainKey":{"counter":1,"key":"5NfeKeSP9wFwaEAe2hj9UWLTkJWPmmHoDuxd7kRDZQs="},"chainType":1,"messageKeys":{}}},"pendingPreKey":{"signedKeyId":15,"baseKey":"BaTC0/IBDqx6jr94V+ZQD4YXamvhjZJU1d0lvkySeK0C","preKeyId":8444530}}},"version":"v1"}