{"_sessions":{"BTXcCYLBF2AYDZkfz5JkkZ0678Jb4IX0CeGyJctYMrRI":{"registrationId":1585192933,"currentRatchet":{"ephemeralKeyPair":{"pubKey":"BTl9YjvoOk44koT+0vyGxCPozhHBJddTCPq5ebtpdu0F","privKey":"EMtppgqra/ZR8V2/3JoHEKoGZubuAXBUeonAWoB+MEM="},"lastRemoteEphemeralKey":"Bf+tznL2ydXkxN0HfdtztBsbSaFN2Orj1vDQJ0xNvQxm","previousCounter":0,"rootKey":"+DS0H9fIBpKl7c2+f5azb84IIpWDppbymktPdR5ThPU="},"indexInfo":{"baseKey":"BTXcCYLBF2AYDZkfz5JkkZ0678Jb4IX0CeGyJctYMrRI","baseKeyType":1,"closed":-1,"used":1735192874757,"created":1735192874757,"remoteIdentityKey":"BdOPMsqIF5czvW5tdfqbQuqNr1fSjqBZItwrXc5NzCg1"},"_chains":{"BTl9YjvoOk44koT+0vyGxCPozhHBJddTCPq5ebtpdu0F":{"chainKey":{"counter":0,"key":"s5L7CgoMXKEmBkdcWBPbCV5rJEwHdcxL/IUVMSuqUYQ="},"chainType":1,"messageKeys":{}}},"pendingPreKey":{"signedKeyId":8,"baseKey":"BTXcCYLBF2AYDZkfz5JkkZ0678Jb4IX0CeGyJctYMrRI","preKeyId":2747747}}},"version":"v1"}