{"_sessions":{"BZo/6XnZnUXvS3xI8BtqoYQwQiPAwFkH5vg/S64Bj9YT":{"registrationId":138,"currentRatchet":{"ephemeralKeyPair":{"pubKey":"BSFLYvs+PrZ4J21jtYOnS8NLlBQfDFzrC0+fUZdZ94YS","privKey":"0Kq4cE0UPV7Iz1YP0q1Z9kSvouUKYLavDoXVCFUAe3Y="},"lastRemoteEphemeralKey":"BUtELWo1AVmcrZIkmxRDFNwEHDSFOLHAmZd7Ltgy95Ay","previousCounter":0,"rootKey":"kzTbnPCrkZxO7o6zsf56iUvc15osGz1oyxXSFWPVhFA="},"indexInfo":{"baseKey":"BZo/6XnZnUXvS3xI8BtqoYQwQiPAwFkH5vg/S64Bj9YT","baseKeyType":1,"closed":-1,"used":1735219041191,"created":1735219041191,"remoteIdentityKey":"BdW1e9m0gUEebmreWXeOL4p0B7qYHxTU8oIKP1Rfr8BP"},"_chains":{"BSFLYvs+PrZ4J21jtYOnS8NLlBQfDFzrC0+fUZdZ94YS":{"chainKey":{"counter":0,"key":"Hpmytz3ZMqTH48ibkUmdRjf/LOYU4+40WRlElzOPd98="},"chainType":1,"messageKeys":{}}},"pendingPreKey":{"signedKeyId":1,"baseKey":"BZo/6XnZnUXvS3xI8BtqoYQwQiPAwFkH5vg/S64Bj9YT"}}},"version":"v1"}