{"_sessions":{"BSCW1sYiTKr+2TkQKGDNn8CTx+7S4uGd3c+4lnEiCvg9":{"registrationId":980268725,"currentRatchet":{"ephemeralKeyPair":{"pubKey":"BVFfYsZyyKXmhn/e2fS1aUGBEcNwRAtp/bYxD3LhltIt","privKey":"QFOLFEnHO3f7Hdd2N+aB1y0NV3G4FR/ysGI+bFRbB00="},"lastRemoteEphemeralKey":"Ba03TJt+3og7y2Zy9VF43B/H5AexxNEE2N0q032/QFh3","previousCounter":0,"rootKey":"cNQ+7pSFBJMy31ywUI4Qss5c0Wt8x8tsX1y0R2kXN8E="},"indexInfo":{"baseKey":"BSCW1sYiTKr+2TkQKGDNn8CTx+7S4uGd3c+4lnEiCvg9","baseKeyType":1,"closed":-1,"used":1735190237997,"created":1735190237997,"remoteIdentityKey":"BYVK0bGxIjZD8jmt1w9kUjwKPceaNHpwiRURmKOw9GZP"},"_chains":{"BVFfYsZyyKXmhn/e2fS1aUGBEcNwRAtp/bYxD3LhltIt":{"chainKey":{"counter":2,"key":"/PX7CPh5e3kkfl4tq9KInzj+Vpa8WdiSS8g8wGmar0Y="},"chainType":1,"messageKeys":{}}},"pendingPreKey":{"signedKeyId":0,"baseKey":"BSCW1sYiTKr+2TkQKGDNn8CTx+7S4uGd3c+4lnEiCvg9","preKeyId":16189463}}},"version":"v1"}