{"_sessions":{"BVsTxj26anziLODOu+Hx2KeH/T8I1miFjFl7IcqzZpQv":{"registrationId":742233481,"currentRatchet":{"ephemeralKeyPair":{"pubKey":"BU0FcikIDfTfgNITcOltT7VPIiMWE/y6ceechGQt1ENF","privKey":"kMrFOxXCbwCd72vVzELeoD6EGEAiw6UAeEaoYNyZL0w="},"lastRemoteEphemeralKey":"BYIjYeZ2NSQcXSg8xODr8AKbKlSOOVyqJ6OjMKgggp0H","previousCounter":0,"rootKey":"Tq1ZAk/Dc1EOu6YpiI/VC1uzTWxBK49ZhjTPO7KyNA8="},"indexInfo":{"baseKey":"BVsTxj26anziLODOu+Hx2KeH/T8I1miFjFl7IcqzZpQv","baseKeyType":1,"closed":-1,"used":1735192870137,"created":1735192870137,"remoteIdentityKey":"BZNrM+6f9keFvED20p4InOfEN3bJoKla3djv5f4Y8jZQ"},"_chains":{"BU0FcikIDfTfgNITcOltT7VPIiMWE/y6ceechGQt1ENF":{"chainKey":{"counter":0,"key":"McgzmmfkIGoQS5aBuLN19PdlYOEkxvveDS+91k1hyWc="},"chainType":1,"messageKeys":{}}},"pendingPreKey":{"signedKeyId":5,"baseKey":"BVsTxj26anziLODOu+Hx2KeH/T8I1miFjFl7IcqzZpQv","preKeyId":2627843}}},"version":"v1"}