{"_sessions":{"BUC90xgvzfWBo93/h1lwcYHpp6GMM9IfIVeJ8y7nfmFR":{"registrationId":1016485499,"currentRatchet":{"ephemeralKeyPair":{"pubKey":"BWDWE2rBAyEJ+lXauEHxf5lFXo+Z6anYnUGKT3uAeDVn","privKey":"uDhAPjHrOuJio2phxBN+ohSuKKauwOG1w5ZuaDPLD1Y="},"lastRemoteEphemeralKey":"BTj/MkyTOHLKUgPII9l2YPboj1b0KB4tIizyDmhYWjQU","previousCounter":0,"rootKey":"Eb334sAtasg9oP5Bmp24sGoh/LiSklc6lS8XlciNQio="},"indexInfo":{"baseKey":"BUC90xgvzfWBo93/h1lwcYHpp6GMM9IfIVeJ8y7nfmFR","baseKeyType":1,"closed":-1,"used":1735230320312,"created":1735230320312,"remoteIdentityKey":"BXNjj4z1dzbKFUiNOxXYzcXUDpjmgG/a98v/NkCxubkJ"},"_chains":{"BWDWE2rBAyEJ+lXauEHxf5lFXo+Z6anYnUGKT3uAeDVn":{"chainKey":{"counter":0,"key":"P7LFm2IBYjo/Z0400j+syS3t+rZeyUd7vEHcxeDOTHQ="},"chainType":1,"messageKeys":{}}},"pendingPreKey":{"signedKeyId":3,"baseKey":"BUC90xgvzfWBo93/h1lwcYHpp6GMM9IfIVeJ8y7nfmFR","preKeyId":4251784}}},"version":"v1"}