{"_sessions":{"BaZ5pByjhmGdTbya7t6GzMAx/b0Zip2kX3viGlql0PkW":{"registrationId":1207855522,"currentRatchet":{"ephemeralKeyPair":{"pubKey":"BW++CPU8ZkPFJ22SVefISkO5iqc3JvWfOnPKDgZL+Igq","privKey":"IAesEWM+Qxmgf26k8zTYqe3ahq3aN1UV5mlU5+pPC30="},"lastRemoteEphemeralKey":"BdRJdsLDOJwWC1ETdGOB5w11roK1wPCY/DaHCN+za/R5","previousCounter":0,"rootKey":"o3UlUDXH+NSCJ2hnih+OncwKXN7F7eWa27+M6rWOkew="},"indexInfo":{"baseKey":"BaZ5pByjhmGdTbya7t6GzMAx/b0Zip2kX3viGlql0PkW","baseKeyType":1,"closed":-1,"used":1735189998389,"created":1735189998389,"remoteIdentityKey":"BSzjMfVh+xuzNSq5E9xuNPB8mQZStjZ0hLddtw3T/1VT"},"_chains":{"BW++CPU8ZkPFJ22SVefISkO5iqc3JvWfOnPKDgZL+Igq":{"chainKey":{"counter":0,"key":"+fOELV1rpTBgmOGI+XIkWzaX3BZK3H6d6Zpr5n5aME0="},"chainType":1,"messageKeys":{}}},"pendingPreKey":{"signedKeyId":13633256,"baseKey":"BaZ5pByjhmGdTbya7t6GzMAx/b0Zip2kX3viGlql0PkW","preKeyId":4049}}},"version":"v1"}