{"_sessions":{"BVxNhGx95hmJWBqUNQkkthdbjLpE65qh1Htgr7LRCeUd":{"registrationId":537206149,"currentRatchet":{"ephemeralKeyPair":{"pubKey":"BV4BXsHMpwk7WV215jx+1sd6jcQCrtvSJP+ggyDtYcRZ","privKey":"MGJCDuiVVJ8u4W9dw/rMR7k9ZGUHs/YHRlpsTKSbTnw="},"lastRemoteEphemeralKey":"BW19WLj3epZb8WYz7Z5bEafGLkmgcDrmJQHgtMD6ZMgf","previousCounter":0,"rootKey":"gwjQbRmNnSrY+8vLw51kQhxUy5derywS/+RlJSlpKA4="},"indexInfo":{"baseKey":"BVxNhGx95hmJWBqUNQkkthdbjLpE65qh1Htgr7LRCeUd","baseKeyType":1,"closed":-1,"used":1735190229710,"created":1735190229710,"remoteIdentityKey":"BT6aXSvCy6CYL7Y6FzIo75yB/LS/iie6i+275pbaDGUi"},"_chains":{"BV4BXsHMpwk7WV215jx+1sd6jcQCrtvSJP+ggyDtYcRZ":{"chainKey":{"counter":2,"key":"Ho9UWjqqL/6SAs+hkOt0qy5XR9eGHLI4izRTjGaD9R4="},"chainType":1,"messageKeys":{}}},"pendingPreKey":{"signedKeyId":0,"baseKey":"BVxNhGx95hmJWBqUNQkkthdbjLpE65qh1Htgr7LRCeUd"}}},"version":"v1"}