{"_sessions":{"BcLc8hvz9AhUe2HC+EXr15PuSpWK7TCLFpB7qKM8Bw8Z":{"registrationId":2024157125,"currentRatchet":{"ephemeralKeyPair":{"pubKey":"BX6zrtN8xf2c9UrCBpfo0pBoDxnawnNZkE5cpK0cVvRF","privKey":"qIDJO/BB1GPS+Mbu+EU29weQixZJjksYXa4rotkWmWc="},"lastRemoteEphemeralKey":"BZ3KK8O8MNzqR1GrecwMyKdtiQF4bh1cNPj0HYY9RoMr","previousCounter":0,"rootKey":"2fwJU5Jnd4GMEKoCoMMPmPdwj3Pnd8wKJobBC/79ZGk="},"indexInfo":{"baseKey":"BcLc8hvz9AhUe2HC+EXr15PuSpWK7TCLFpB7qKM8Bw8Z","baseKeyType":1,"closed":-1,"used":1735123622540,"created":1735123622540,"remoteIdentityKey":"BTaqNI7BFVL6PIBJUVyfx8g4LvY4hTtZqEeP5+rj7bh5"},"_chains":{"BX6zrtN8xf2c9UrCBpfo0pBoDxnawnNZkE5cpK0cVvRF":{"chainKey":{"counter":5,"key":"zJ7qVXoCZGKXnKa/L+UaSuFqXagtryicOjv3F9ghrGQ="},"chainType":1,"messageKeys":{}}},"pendingPreKey":{"signedKeyId":0,"baseKey":"BcLc8hvz9AhUe2HC+EXr15PuSpWK7TCLFpB7qKM8Bw8Z","preKeyId":1303920}}},"version":"v1"}