{"_sessions":{"BfAY95J97n0KjSgcqxIXIZHWhIy1hbJc2FY7AfN4zfQs":{"registrationId":2901,"currentRatchet":{"ephemeralKeyPair":{"pubKey":"BRdCkikWPE08CJY0X5wGx1WNBzfXoH4N1hm3wrDqrmQA","privKey":"QNOvgxZTdrQIR9UEo5dVrgnwOEPOdTMeyUj7GPdprHs="},"lastRemoteEphemeralKey":"BfhCp+DS2Sn6HMX5JK08J/wrRXFdcHDhbC+XRSsvjTsF","previousCounter":0,"rootKey":"9SE6sSKuf9ueww2hreWjPiOD0K35QgonqOemgj50RZ4="},"indexInfo":{"baseKey":"BfAY95J97n0KjSgcqxIXIZHWhIy1hbJc2FY7AfN4zfQs","baseKeyType":1,"closed":-1,"used":1735190211704,"created":1735190211704,"remoteIdentityKey":"BRZOCl4u9xX+uJgH+IzRXg45ZdNlwpWOT7QkVBO9c9wm"},"_chains":{"BRdCkikWPE08CJY0X5wGx1WNBzfXoH4N1hm3wrDqrmQA":{"chainKey":{"counter":1,"key":"/b4zaSU/JFT3m8o2ocQtEGk6x2GiE2ut0NK6xyNo/NA="},"chainType":1,"messageKeys":{}}},"pendingPreKey":{"signedKeyId":1,"baseKey":"BfAY95J97n0KjSgcqxIXIZHWhIy1hbJc2FY7AfN4zfQs","preKeyId":1551}}},"version":"v1"}