{"_sessions":{"BTP8ghUYDZqRC9HhZnVw0hxz88U0NSDt47PYBFBn7lVG":{"registrationId":1610755267,"currentRatchet":{"ephemeralKeyPair":{"pubKey":"BS5H/xKRzbXjkuNGg5Wnd4hnxSMsWiHxtq43MZnBDVlS","privKey":"QDqN74pMJOORVNpC1yR8DcjfIBMxk0GLhMJminq+1lM="},"lastRemoteEphemeralKey":"Bd4VLthTzNt8786fwXuYl8DSjJwUcpA0pVnWlCp6leNp","previousCounter":0,"rootKey":"eR8waKBDsUDRrYn9Q5sjxoKgXNyJMXtCaGue4Xblzzo="},"indexInfo":{"baseKey":"BTP8ghUYDZqRC9HhZnVw0hxz88U0NSDt47PYBFBn7lVG","baseKeyType":1,"closed":-1,"used":1735192834745,"created":1735192834745,"remoteIdentityKey":"BRxsDrs+IIcNxbsgQTeshvrtc0IqtnDA+hbhQja7E19S"},"_chains":{"BS5H/xKRzbXjkuNGg5Wnd4hnxSMsWiHxtq43MZnBDVlS":{"chainKey":{"counter":0,"key":"RFcGV4nVoYjN56LkCfAh69w4ERq3nM50dEHwnm0XDaI="},"chainType":1,"messageKeys":{}}},"pendingPreKey":{"signedKeyId":0,"baseKey":"BTP8ghUYDZqRC9HhZnVw0hxz88U0NSDt47PYBFBn7lVG","preKeyId":13904525}}},"version":"v1"}