{"_sessions":{"BaOeMHLMkFFp99js77TqjoTRRKHjBAb33w37bRn8Adsq":{"registrationId":713747240,"currentRatchet":{"ephemeralKeyPair":{"pubKey":"BX9aZAQMqHi5StIGkEAKSNfqpYCcn8W35HyF9ogr62sD","privKey":"gPyeUEiP8djVlauAj1FkFX+r8MjQUKTmmCSlwGXQN08="},"lastRemoteEphemeralKey":"BV+uqFdPcQiOu39KfpwbecWc99j0SCyhqnIcVrxzVSx3","previousCounter":0,"rootKey":"wFvu3MR9R/GogkCAZss4UJm5kRcnpyYYDZ/LcKYgsk8="},"indexInfo":{"baseKey":"BaOeMHLMkFFp99js77TqjoTRRKHjBAb33w37bRn8Adsq","baseKeyType":1,"closed":-1,"used":1735190198693,"created":1735190198693,"remoteIdentityKey":"BRnqNOCsomFQVCZuw4drdLtM8Ol72CS5D6JGwAuOT7Iv"},"_chains":{"BX9aZAQMqHi5StIGkEAKSNfqpYCcn8W35HyF9ogr62sD":{"chainKey":{"counter":1,"key":"UucQ4YdAm8AbPEjDUNG63o7JvWz/eKE7zFxLH7YWxmY="},"chainType":1,"messageKeys":{}}},"pendingPreKey":{"signedKeyId":1,"baseKey":"BaOeMHLMkFFp99js77TqjoTRRKHjBAb33w37bRn8Adsq"}}},"version":"v1"}