{"_sessions":{"BUom1Slr/Mw/1Z7cwgWRWcfyzE/VEonQQTt2rS8ZIIUJ":{"registrationId":1132059912,"currentRatchet":{"ephemeralKeyPair":{"pubKey":"Bb/BSlpStpn0MZKiqKtVOHklqU8ihQ7mzEv90fzAeo4d","privKey":"2Hu1W3Ak1/MAEEzw98uAn2IhRbyjrwdS1jq9x0PCPnM="},"lastRemoteEphemeralKey":"BTFRsA8eNQo4daTNMz/z/Ks/gpoE2mTTg+psBNyKKMZD","previousCounter":0,"rootKey":"qhyuOyNmKIdKHe6k4ei5jN1UbPS1Hv7q3WcBEV56PQM="},"indexInfo":{"baseKey":"BUom1Slr/Mw/1Z7cwgWRWcfyzE/VEonQQTt2rS8ZIIUJ","baseKeyType":1,"closed":-1,"used":1735190130943,"created":1735190130943,"remoteIdentityKey":"BT4zJLCOlU+Hgl6zMnGExoMCcYDakL2kXiBbeBeevCV4"},"_chains":{"Bb/BSlpStpn0MZKiqKtVOHklqU8ihQ7mzEv90fzAeo4d":{"chainKey":{"counter":1,"key":"wq054ZLQoyuUBzqfbnThQ2F/BNdWiSbvApuonmaffys="},"chainType":1,"messageKeys":{}}},"pendingPreKey":{"signedKeyId":3,"baseKey":"BUom1Slr/Mw/1Z7cwgWRWcfyzE/VEonQQTt2rS8ZIIUJ","preKeyId":12306306}}},"version":"v1"}