{"_sessions":{"BeUnQ4TuLEcgRxbKhWc2Ov0SsFZFkUkW0znXT5QToYxU":{"registrationId":38,"currentRatchet":{"ephemeralKeyPair":{"pubKey":"BZD7LdJSbD8eZFOwh120+pvClsiulrpPm2MKYoBKMOQ5","privKey":"sAPdxWw9sE9WwK0+IeQ85x4B91kTzt6PIqRK9D48A20="},"lastRemoteEphemeralKey":"BX7VwLUAbrJ44Im1RdKelGCh2rdeWbDtxfwo9LtIqjAp","previousCounter":0,"rootKey":"Kn1zCclUSFr/HywFaQCjM2OG7yruvhZLc2o/d0YowL8="},"indexInfo":{"baseKey":"BeUnQ4TuLEcgRxbKhWc2Ov0SsFZFkUkW0znXT5QToYxU","baseKeyType":1,"closed":-1,"used":1735219036619,"created":1735219036619,"remoteIdentityKey":"BS1DchsreQALArFptPkHbLjYTUIqF/rIlrQP6bz2ylIK"},"_chains":{"BZD7LdJSbD8eZFOwh120+pvClsiulrpPm2MKYoBKMOQ5":{"chainKey":{"counter":0,"key":"3q8ceMXdNupIkNHnUtiW2fQXV0PRThZ2vEY50L4i5C8="},"chainType":1,"messageKeys":{}}},"pendingPreKey":{"signedKeyId":1,"baseKey":"BeUnQ4TuLEcgRxbKhWc2Ov0SsFZFkUkW0znXT5QToYxU"}}},"version":"v1"}