{"_sessions":{"BUQi7IN142wZWcUe36thOifNBqbAITTBDShMvRYqQAgi":{"registrationId":75,"currentRatchet":{"ephemeralKeyPair":{"pubKey":"BYkrPbpb13efE87NlFDKdUHEW8hc1Vc8OPpcB1lYjA9C","privKey":"wHBQ+AFAWpEqXEzcXRlXoKCvxQZCYhMJ7KVRp666sV4="},"lastRemoteEphemeralKey":"BULtdJ3iV/e1s+KS+4T6RNhusKCaiEZrFblWXVj8whNb","previousCounter":0,"rootKey":"tdLw0Is4QUGM9L6ZofIlDAR7oDSyKCrg3bmim46+r1k="},"indexInfo":{"baseKey":"BUQi7IN142wZWcUe36thOifNBqbAITTBDShMvRYqQAgi","baseKeyType":1,"closed":-1,"used":1735192860291,"created":1735192860291,"remoteIdentityKey":"BdsvP4hHREeQePemtUCuPsDZ3As0i+8hblGHpZZo+bd/"},"_chains":{"BYkrPbpb13efE87NlFDKdUHEW8hc1Vc8OPpcB1lYjA9C":{"chainKey":{"counter":0,"key":"uswFMcWg8eKptMsN9g/kuHBUZzFaJyvjROGKWTFltag="},"chainType":1,"messageKeys":{}}},"pendingPreKey":{"signedKeyId":1,"baseKey":"BUQi7IN142wZWcUe36thOifNBqbAITTBDShMvRYqQAgi"}}},"version":"v1"}