{"_sessions":{"BTWfKlbEm//5inK7VylLXAROUlJfOY1k/jWo/uSIrhBa":{"registrationId":110,"currentRatchet":{"ephemeralKeyPair":{"pubKey":"Bbvo3d0AtpM76QDQFM9YEsrObBfwmCmsQVQRpl1A3thE","privKey":"WDItTkXZP71yPLag+zcKcRTX0P6G7hE0d7vghEBRp0g="},"lastRemoteEphemeralKey":"Bbi+pChUCGOKUH+hl4CzITZNtSiuO94k0DHMKXV2vgFX","previousCounter":0,"rootKey":"9QlWagScgF2BXM7EdcOjaqN7NZjUGo2JDiWSl5B6PUA="},"indexInfo":{"baseKey":"BTWfKlbEm//5inK7VylLXAROUlJfOY1k/jWo/uSIrhBa","baseKeyType":1,"closed":-1,"used":1735190140248,"created":1735190140248,"remoteIdentityKey":"Bb6q9fpQPGnh4GiADWmtMeaecekdmcbByqvAuobDjUlo"},"_chains":{"Bbvo3d0AtpM76QDQFM9YEsrObBfwmCmsQVQRpl1A3thE":{"chainKey":{"counter":1,"key":"yZ/BargAf7fshAUJgaJQOIMXZGpVlEJhxoLrxGDsoTc="},"chainType":1,"messageKeys":{}}},"pendingPreKey":{"signedKeyId":1,"baseKey":"BTWfKlbEm//5inK7VylLXAROUlJfOY1k/jWo/uSIrhBa"}}},"version":"v1"}