{"_sessions":{"BaM/dByDQzKE6juiRZVqOKS+Ccf+TWUnr0gtDlzyjzVX":{"registrationId":109,"currentRatchet":{"ephemeralKeyPair":{"pubKey":"BWRPHnbh5jsBb3vR33TsO130sjCEp1LUSUbD9BKSZsE9","privKey":"MI5g2gTJ3H7o76QQUUxmxTJ4es4x7D+MJBtLRUJKm2Y="},"lastRemoteEphemeralKey":"BTe8bwt18I3bbbR3KHxX0w1qkq55pypVGLN0eDj/eF9F","previousCounter":0,"rootKey":"5mjM9YhItuUUYFGXEq4GwEWl4HB0P1lMegLngLCBDxg="},"indexInfo":{"baseKey":"BaM/dByDQzKE6juiRZVqOKS+Ccf+TWUnr0gtDlzyjzVX","baseKeyType":1,"closed":-1,"used":1735192851331,"created":1735192851331,"remoteIdentityKey":"BfK8Jq2yY64orDSX2ovw4a0N0Cx07OJ0nVi9WDD+FXUX"},"_chains":{"BWRPHnbh5jsBb3vR33TsO130sjCEp1LUSUbD9BKSZsE9":{"chainKey":{"counter":0,"key":"/2CqZBDKvmHGS0eGRfXKlq1BagtKXf5mkF7T8KS8bjk="},"chainType":1,"messageKeys":{}}},"pendingPreKey":{"signedKeyId":1,"baseKey":"BaM/dByDQzKE6juiRZVqOKS+Ccf+TWUnr0gtDlzyjzVX"}}},"version":"v1"}