{"_sessions":{"BdJrg06Np/REEXsYnkc2LzHnmlz5OGaEMyg1oRvkDmBc":{"registrationId":247,"currentRatchet":{"ephemeralKeyPair":{"pubKey":"BdU204eZ0Ap86Nho5HvFNau1jBjrO+sTaANKVx+1wxBd","privKey":"cNviDdCADumzEqDPEemdo9cuclMoV4dfCe/d6B1VekY="},"lastRemoteEphemeralKey":"BZPIlui1ZayRfYJRyl1MLbmFpC0mDfd1y/+ZYbJq9NcD","previousCounter":0,"rootKey":"X2oDm5Hz1rMdJnjNLFtIZ9WccuIsd/kpQEX3F403ZT4="},"indexInfo":{"baseKey":"BdJrg06Np/REEXsYnkc2LzHnmlz5OGaEMyg1oRvkDmBc","baseKeyType":1,"closed":-1,"used":1735230133341,"created":1735230133341,"remoteIdentityKey":"BRf5NZUXtm3QQp4CFM12RWi9r63CE+/VTUdUyV7ZNWN8"},"_chains":{"BdU204eZ0Ap86Nho5HvFNau1jBjrO+sTaANKVx+1wxBd":{"chainKey":{"counter":5,"key":"sAKjR0MgI68i+PcRqSKq2YXgER3/bbrK1CIYhMmWIxA="},"chainType":1,"messageKeys":{}}},"pendingPreKey":{"signedKeyId":1,"baseKey":"BdJrg06Np/REEXsYnkc2LzHnmlz5OGaEMyg1oRvkDmBc"}}},"version":"v1"}