{"_sessions":{"BRp0yH+AMUKYBa7G8271btEjMlxWj1GVt0TyDeEyFZxR":{"registrationId":293625661,"currentRatchet":{"ephemeralKeyPair":{"pubKey":"Batu85EA4WN1sqHyH1P1SiGUYXCPbM2bODyrQhOQP9VO","privKey":"qACYi7KeqyzYXyZHC+V6F0O0ReKqQQ5wNZEwuKBPSH4="},"lastRemoteEphemeralKey":"BfDDgts/VOgGvOa4QKeLeEni4VF3TzIW11kmjokLJB4g","previousCounter":0,"rootKey":"jFklLJdu2eqvS1H50H6+57hNyJeFuQLzelMaOPdOThE="},"indexInfo":{"baseKey":"BRp0yH+AMUKYBa7G8271btEjMlxWj1GVt0TyDeEyFZxR","baseKeyType":1,"closed":-1,"used":1735230320397,"created":1735230320397,"remoteIdentityKey":"Bbz1rhHp5vJqdKLp2MTNLlF77v5M3A0E+etRBKlvn7Ve"},"_chains":{"Batu85EA4WN1sqHyH1P1SiGUYXCPbM2bODyrQhOQP9VO":{"chainKey":{"counter":0,"key":"gjsxsOLFbEuI6U/Aajv9g2fNUYgMJ5jiz99cmePDS3M="},"chainType":1,"messageKeys":{}}},"pendingPreKey":{"signedKeyId":1,"baseKey":"BRp0yH+AMUKYBa7G8271btEjMlxWj1GVt0TyDeEyFZxR","preKeyId":761898}}},"version":"v1"}