{"_sessions":{"Bdbq7kGLfdMq7T/55uri4wXRZBNtMvn/rIui277NXMxz":{"registrationId":724788434,"currentRatchet":{"ephemeralKeyPair":{"pubKey":"BbjMfoo7CYgf8Bo77oa2YIVmaLoCaTd8jdEwAJEfpNd1","privKey":"6PDoB7cBncVIOiydZFmhuvfSAwKfYyKv2NAUzJW1KGE="},"lastRemoteEphemeralKey":"BW7ZsXnWn0Wy5EvAALf4IQ6nq2085yOEW/e7J4qmLFkk","previousCounter":0,"rootKey":"t65jrGr+wQVZ/dsPpIkZvHyuuoAh+Zj/hOcqRgYmMdc="},"indexInfo":{"baseKey":"Bdbq7kGLfdMq7T/55uri4wXRZBNtMvn/rIui277NXMxz","baseKeyType":1,"closed":-1,"used":1735123643721,"created":1735123643721,"remoteIdentityKey":"BcXU5wwfrGHs/BceQRxAqq8OIgljHAVDQHf5+XW2WjYb"},"_chains":{"BbjMfoo7CYgf8Bo77oa2YIVmaLoCaTd8jdEwAJEfpNd1":{"chainKey":{"counter":0,"key":"MoIjemlmu9FQv4xKJXRcZ2vmfGXmi0fpU93IRw2NJw4="},"chainType":1,"messageKeys":{}}},"pendingPreKey":{"signedKeyId":1,"baseKey":"Bdbq7kGLfdMq7T/55uri4wXRZBNtMvn/rIui277NXMxz","preKeyId":13605442}}},"version":"v1"}