{"_sessions":{"BSCOh7QcBJ1evs8+q5tGmOzUGrkTu0YzoNUocfWr4o8r":{"registrationId":485372535,"currentRatchet":{"ephemeralKeyPair":{"pubKey":"BQkNXvcSv3yJJKeNI5FwoUg7qq/8+nU1Jc0bbEPdHisf","privKey":"gFPxWfrsGd18HYgiF0jyC38fhpjcLyuAJvrMOVcuzHE="},"lastRemoteEphemeralKey":"BcVNP53RWzFy09bnlxJy/g6jK88JY4oY3b2sorfPyI18","previousCounter":0,"rootKey":"AOm2vUI0YFg+cAk2aw42r/tHsdeXIwGMppH3YWKR764="},"indexInfo":{"baseKey":"BSCOh7QcBJ1evs8+q5tGmOzUGrkTu0YzoNUocfWr4o8r","baseKeyType":1,"closed":-1,"used":1735230346145,"created":1735230346145,"remoteIdentityKey":"BZ44NlaZ1Vbkx7Dw14s44WrjYYCaSlvVENguFTEk32g/"},"_chains":{"BQkNXvcSv3yJJKeNI5FwoUg7qq/8+nU1Jc0bbEPdHisf":{"chainKey":{"counter":0,"key":"5Fq/woBaqIocPsXfv8O6+7jrZAcDV8Tz/30N24YNmYY="},"chainType":1,"messageKeys":{}}},"pendingPreKey":{"signedKeyId":3,"baseKey":"BSCOh7QcBJ1evs8+q5tGmOzUGrkTu0YzoNUocfWr4o8r","preKeyId":5935737}}},"version":"v1"}