{"_sessions":{"BSoVeJoP6LzG1ceA8HNfaPu/Uw9RZ2Z7pCcOITRnPBR/":{"registrationId":441472947,"currentRatchet":{"ephemeralKeyPair":{"pubKey":"Bc8wd5U5H3URSD4XlTTu+qZ5OJNBDzy58jYSu9Ht3oIR","privKey":"OFEzPcuziE4XudrXDP/bMBPj1Rhp4hclCQ2XYQNyxFY="},"lastRemoteEphemeralKey":"Ba6xbUjiJOmLDUjGDWPfBAKpR+eoSlgfHNMf/IwuqQhW","previousCounter":0,"rootKey":"8PEJCWru+R7KzbxQCItk88ya6i++tYzCKDbIvzomuJo="},"indexInfo":{"baseKey":"BSoVeJoP6LzG1ceA8HNfaPu/Uw9RZ2Z7pCcOITRnPBR/","baseKeyType":1,"closed":-1,"used":1735190161605,"created":1735190161605,"remoteIdentityKey":"Bbg1zT+0/Vfmk/F22pi3GDbo662bneXLu+37Uqb+hUA0"},"_chains":{"Bc8wd5U5H3URSD4XlTTu+qZ5OJNBDzy58jYSu9Ht3oIR":{"chainKey":{"counter":1,"key":"dyGFzmtAHVdR/eTr5WLyOG96KGzYog8SpJLwUp0kcNk="},"chainType":1,"messageKeys":{}}},"pendingPreKey":{"signedKeyId":5,"baseKey":"BSoVeJoP6LzG1ceA8HNfaPu/Uw9RZ2Z7pCcOITRnPBR/","preKeyId":11200332}}},"version":"v1"}