{"_sessions":{"BRJOpeZmshR8joyWrogJJj2qcpzLfJGshVJbrfGcsnkl":{"registrationId":151,"currentRatchet":{"ephemeralKeyPair":{"pubKey":"BS6HWOhdQ0KKbvoEphK+Wj81z29oRDhjLcsvn1AxivFR","privKey":"mB+iWuvOK/yYMJWlcjcrXsk+VDHgxEUn2w3sjz4ub0k="},"lastRemoteEphemeralKey":"BZtKyzILb1v+79NAfTD/CBlDu5KNygOGPsFAiP7VsZgC","previousCounter":0,"rootKey":"OSSiCL+pgNqBDGKtFYvsq3DjcGb5Sxf5Oaw9cefotO8="},"indexInfo":{"baseKey":"BRJOpeZmshR8joyWrogJJj2qcpzLfJGshVJbrfGcsnkl","baseKeyType":1,"closed":-1,"used":1735193629848,"created":1735193629848,"remoteIdentityKey":"BWBUYvCSyYj+gQ2FJTfU/g71KG32lKR7WjpP24NsfdAv"},"_chains":{"BS6HWOhdQ0KKbvoEphK+Wj81z29oRDhjLcsvn1AxivFR":{"chainKey":{"counter":0,"key":"QYDU+HW40DlJIRSliVHMe05FUPwbpO7SPWulR35G5YY="},"chainType":1,"messageKeys":{}}},"pendingPreKey":{"signedKeyId":1,"baseKey":"BRJOpeZmshR8joyWrogJJj2qcpzLfJGshVJbrfGcsnkl"}}},"version":"v1"}