{"_sessions":{"BT88td+7Dt9dV9ncNekGSE4cC57HiTo9LxZF78W3uuVv":{"registrationId":43,"currentRatchet":{"ephemeralKeyPair":{"pubKey":"Bfj/7mwVsPkcge8tGYFStawE3vnuL9t4efc3E5d5ochE","privKey":"IJz8UacBl1gbhMxod77mM2d2htUMrvw9YfKpjzu5Jns="},"lastRemoteEphemeralKey":"Beh/AEKslHo6KwE+Bx+2i+h3jFcbEJvKoUxCJ/u4FLVd","previousCounter":0,"rootKey":"UV8ZkKYm9CoYuhFVzp8YKqXV7EwAAcw+k9GJbOKYclg="},"indexInfo":{"baseKey":"BT88td+7Dt9dV9ncNekGSE4cC57HiTo9LxZF78W3uuVv","baseKeyType":1,"closed":-1,"used":1735190122433,"created":1735190122433,"remoteIdentityKey":"BTt/Ll2NKw0SvjXxu3JFCqG1KYy5e41pEIWCzybNnlEf"},"_chains":{"Bfj/7mwVsPkcge8tGYFStawE3vnuL9t4efc3E5d5ochE":{"chainKey":{"counter":1,"key":"qs1Mq8ZwZv7bOuYpw609chEVgcWSGV5WVl0V0Acek0c="},"chainType":1,"messageKeys":{}}},"pendingPreKey":{"signedKeyId":1,"baseKey":"BT88td+7Dt9dV9ncNekGSE4cC57HiTo9LxZF78W3uuVv"}}},"version":"v1"}