{"_sessions":{"BSsDtIzmQjIQmmU/KJonu67Hlgt3xVt3u6uKr/BGBqg8":{"registrationId":1991885524,"currentRatchet":{"ephemeralKeyPair":{"pubKey":"BaTMlwMb782O8M+u4evfRFxwC6ImidyyxZRuEjFmvSo8","privKey":"EA+t2oVfmFcsZ1AQNhGINEjQLI3TtTIL9Mh8rYq3404="},"lastRemoteEphemeralKey":"BY+BOtdcVKutt+DutaZsYQxMl3kbZGFsnFj+u1mufv0a","previousCounter":0,"rootKey":"x+Cjqbn2pHaX7YJ0oHp30jmCT0tzivAwTNnDVwMYCGU="},"indexInfo":{"baseKey":"BSsDtIzmQjIQmmU/KJonu67Hlgt3xVt3u6uKr/BGBqg8","baseKeyType":1,"closed":-1,"used":1735219053724,"created":1735219053724,"remoteIdentityKey":"BfJRGiR5KHB/Jmsg3wimzhwL02qOdSrLZyeIEoLESYRC"},"_chains":{"BaTMlwMb782O8M+u4evfRFxwC6ImidyyxZRuEjFmvSo8":{"chainKey":{"counter":0,"key":"lg8wBOobkFXS2Jji1tk8Opn1rC6gvd57dQiGOLx44vU="},"chainType":1,"messageKeys":{}}},"pendingPreKey":{"signedKeyId":6,"baseKey":"BSsDtIzmQjIQmmU/KJonu67Hlgt3xVt3u6uKr/BGBqg8","preKeyId":13705176}}},"version":"v1"}