{"_sessions":{"BfXelrvV4HwM2+sp2nQ+hcUBjitmR2+SXbHYMd67grQ7":{"registrationId":101,"currentRatchet":{"ephemeralKeyPair":{"pubKey":"BR1n/s3Wi5Dpwd/ilUN78dPpY06jCNu7TcbWWRsvYxY3","privKey":"iMQ0cJzo6wRH6/ExyQ/89MH67belgXDudFF9Vnzxklw="},"lastRemoteEphemeralKey":"BeS0TBVQ8YBON+OF8TiOPX+Xgh/7LhcIwXcdOcmkQCQ2","previousCounter":0,"rootKey":"EnKvny6ZYGp8XzfCdtVzVc1+CE+NwC7pBt7E8IeCHog="},"indexInfo":{"baseKey":"BfXelrvV4HwM2+sp2nQ+hcUBjitmR2+SXbHYMd67grQ7","baseKeyType":1,"closed":-1,"used":1735192788148,"created":1735192788148,"remoteIdentityKey":"BXxSwwHeYembStwuYCbRzxN+bfh266QVjha22YCIAhlx"},"_chains":{"BR1n/s3Wi5Dpwd/ilUN78dPpY06jCNu7TcbWWRsvYxY3":{"chainKey":{"counter":1,"key":"lFz3v8e1Fm+FbfIu7VE0TIwOtxqSJxU7q8kCcv0u0Ds="},"chainType":1,"messageKeys":{}}},"pendingPreKey":{"signedKeyId":1,"baseKey":"BfXelrvV4HwM2+sp2nQ+hcUBjitmR2+SXbHYMd67grQ7"}}},"version":"v1"}