{"_sessions":{"BRJM9yhk5vc9k9nJznPYr8yKo81XNrCjAbFwFYb6Lj8H":{"registrationId":1933299083,"currentRatchet":{"ephemeralKeyPair":{"pubKey":"BUgu6eqIknybey1VLgdxw2ZRB2VjoAwQp+VrRvo06AJc","privKey":"GOeMock35ACO5uokoDInthfgn5tnyEBzT95kwjaMtXw="},"lastRemoteEphemeralKey":"BaDMqWWkW+M7nnH/+duMY7hS63uTkXbMrD1X+LG5kjY1","previousCounter":0,"rootKey":"zRgxw0Cj3h5kcEQd5lQtUPxKO5pWSGnX3J9lXXSIuVk="},"indexInfo":{"baseKey":"BRJM9yhk5vc9k9nJznPYr8yKo81XNrCjAbFwFYb6Lj8H","baseKeyType":1,"closed":-1,"used":1735123661125,"created":1735123661125,"remoteIdentityKey":"BUgfDkhYlxBdy1xPtwzrLxQdPTsvdC0Jw1BLtZvRojJO"},"_chains":{"BUgu6eqIknybey1VLgdxw2ZRB2VjoAwQp+VrRvo06AJc":{"chainKey":{"counter":0,"key":"JbVJe6WmZAOBW2Gt5m4423efkDnbzBWXxxOW7GBtfA4="},"chainType":1,"messageKeys":{}}},"pendingPreKey":{"signedKeyId":8,"baseKey":"BRJM9yhk5vc9k9nJznPYr8yKo81XNrCjAbFwFYb6Lj8H","preKeyId":2188248}}},"version":"v1"}