{"_sessions":{"BfW+oZjHBz5lpFh4Vasw2EYjEMJi0z+gOd4KRt6a8PAt":{"registrationId":2016667901,"currentRatchet":{"ephemeralKeyPair":{"pubKey":"BZOA1ej0ZiWqNNfks4REaX+Dm7FTppwN5xiO5lFNtDwA","privKey":"8Ags2k8SJtRikXs17u8oHRPsSJg7KgeQZd8kmsnlR3Q="},"lastRemoteEphemeralKey":"BWl0w/VsufLyBrkuhixSX7nT8+87+szo6ZB7w/TDCUdj","previousCounter":0,"rootKey":"tC/WmzwyYVfEc80KlHHUtLJGasIUw2rgXp0D1xgRSxc="},"indexInfo":{"baseKey":"BfW+oZjHBz5lpFh4Vasw2EYjEMJi0z+gOd4KRt6a8PAt","baseKeyType":1,"closed":-1,"used":1735192811779,"created":1735192811779,"remoteIdentityKey":"BZ7pEbZL+Fl+qvJ/P0YfBpIOHiV+LabDNjsrgIPuiq98"},"_chains":{"BZOA1ej0ZiWqNNfks4REaX+Dm7FTppwN5xiO5lFNtDwA":{"chainKey":{"counter":0,"key":"nJvyZpkUoCDZ+fEPlcFXazTEOvqZ/CTuX/gyxO5W5WA="},"chainType":1,"messageKeys":{}}},"pendingPreKey":{"signedKeyId":1,"baseKey":"BfW+oZjHBz5lpFh4Vasw2EYjEMJi0z+gOd4KRt6a8PAt","preKeyId":12010628}}},"version":"v1"}