{"_sessions":{"BYxFTw9gTV+m9LjDJ7RaoVEJWF7KPo1s9j06eq48Y4kY":{"registrationId":840584741,"currentRatchet":{"ephemeralKeyPair":{"pubKey":"BYHq+1V7HV49uvtvJFf5kLMsTOwKuU1ibzLU6YYA5u44","privKey":"8KDlj9GITIaMltMiquPR3cmgEMchwIuMSBOKltfzTUU="},"lastRemoteEphemeralKey":"BXI52/dYG2WDA9yb1/pyy8aLT0jAnjk1SzUZjIo5lzxv","previousCounter":0,"rootKey":"ACorlBvLA4FGsME6F8WBwWE9ImYIt5+yYO+eZhqCCzQ="},"indexInfo":{"baseKey":"BYxFTw9gTV+m9LjDJ7RaoVEJWF7KPo1s9j06eq48Y4kY","baseKeyType":1,"closed":-1,"used":1735190242825,"created":1735190242825,"remoteIdentityKey":"BbaPBV8BwGsX8CMGlk+KfQzKFmq8LthG+zSo/3iN451h"},"_chains":{"BYHq+1V7HV49uvtvJFf5kLMsTOwKuU1ibzLU6YYA5u44":{"chainKey":{"counter":1,"key":"GpBpP5scSLwa5hUpmZSaoubMnVBfAKG1UyHL1lV0hIA="},"chainType":1,"messageKeys":{}}},"pendingPreKey":{"signedKeyId":16,"baseKey":"BYxFTw9gTV+m9LjDJ7RaoVEJWF7KPo1s9j06eq48Y4kY","preKeyId":7689738}}},"version":"v1"}