{"_sessions":{"BbPv0//jfDQ4seT5Gf1Cp4SOtw/eV0gKtW2iCaKZM5c5":{"registrationId":309513915,"currentRatchet":{"ephemeralKeyPair":{"pubKey":"BbVndCHNDu41vaMYTHlCVgWmtbgQP3KSYTqDI4Vwtjpn","privKey":"mG3xz4Q1S1vObc1Ti2cVEVpAyWKc3ZtRZSWMU1b4nVk="},"lastRemoteEphemeralKey":"BRcjZC3Y874k3W9xH9x0rU4O9MiiczQm8ndOnK453ttb","previousCounter":0,"rootKey":"QgiOQPDWCjr85ZIexsrfRGCSgB0rOWyEhGqkdOFv0C4="},"indexInfo":{"baseKey":"BbPv0//jfDQ4seT5Gf1Cp4SOtw/eV0gKtW2iCaKZM5c5","baseKeyType":1,"closed":-1,"used":1735123643756,"created":1735123643756,"remoteIdentityKey":"BZlIBS/LmiQDazHbBjbWya/QNqJmMvAyponB51sM2RlM"},"_chains":{"BbVndCHNDu41vaMYTHlCVgWmtbgQP3KSYTqDI4Vwtjpn":{"chainKey":{"counter":1,"key":"ixWYSEWoq+P8w/eyWfqkSR/QCucBHgetouDEakvxeCo="},"chainType":1,"messageKeys":{}}},"pendingPreKey":{"signedKeyId":0,"baseKey":"BbPv0//jfDQ4seT5Gf1Cp4SOtw/eV0gKtW2iCaKZM5c5","preKeyId":10604572}}},"version":"v1"}