{"_sessions":{"BUEfE0brUH6BbXFgyngGG7ccapYHhLP85xQdgTBw2ecb":{"registrationId":969713730,"currentRatchet":{"ephemeralKeyPair":{"pubKey":"Bdd9KbghtLUUCq/zkWwGLA2BAWJVNqQb/jxELgoesRxD","privKey":"ICQKPRB2fTghMCsCSYXZBID5D44T064mygU0dcEGxHc="},"lastRemoteEphemeralKey":"BZ1jXUU/IllMUOZgxB5E9pcZHrzEC0VRMyGmtwkbuEBA","previousCounter":0,"rootKey":"k/iOzre1z/N1XMTMzVlj1mz5tZZokPBfdGafdP4VRD0="},"indexInfo":{"baseKey":"BUEfE0brUH6BbXFgyngGG7ccapYHhLP85xQdgTBw2ecb","baseKeyType":1,"closed":-1,"used":1735230333991,"created":1735230333991,"remoteIdentityKey":"BUt0JpAmnLONwhdf8ReluIG9XG67L2ySYuOjH9xvKAAZ"},"_chains":{"Bdd9KbghtLUUCq/zkWwGLA2BAWJVNqQb/jxELgoesRxD":{"chainKey":{"counter":0,"key":"UG3lVJfooWa3+BLkx6jA+dXRtkhHyNkp1OiIOn7mV9Q="},"chainType":1,"messageKeys":{}}},"pendingPreKey":{"signedKeyId":6,"baseKey":"BUEfE0brUH6BbXFgyngGG7ccapYHhLP85xQdgTBw2ecb","preKeyId":4908767}}},"version":"v1"}