{"_sessions":{"Be6ao+RJlnDl9ob/UROHk06Lle1PiORNhV63u56z+otg":{"registrationId":1461490925,"currentRatchet":{"ephemeralKeyPair":{"pubKey":"BYYID5DVDLlfs61zT4a1EWs4akHVG4QggVGFxUu7PxEs","privKey":"cK5w5FJFn/zSDrkLIjcOhVLe2niaHejBpC5zDL+fUWA="},"lastRemoteEphemeralKey":"BZ3t/ZcdWw+51a9Iv8V9NBtAOPVfMV6R2VUlo1jHKBJk","previousCounter":0,"rootKey":"N7I1tctwYPNgMtS2U6QfI6+pOrHITnxLLBUkFirILGs="},"indexInfo":{"baseKey":"Be6ao+RJlnDl9ob/UROHk06Lle1PiORNhV63u56z+otg","baseKeyType":1,"closed":-1,"used":1735194551547,"created":1735194551547,"remoteIdentityKey":"BYjlybczxRkAaA8RqV4DVKlTeXYZ0DBNpe4VPR6PL8IO"},"_chains":{"BYYID5DVDLlfs61zT4a1EWs4akHVG4QggVGFxUu7PxEs":{"chainKey":{"counter":1,"key":"GrMe9lApDbdbsE8nR4EMptenwK6mYlS+WixUFv8aK50="},"chainType":1,"messageKeys":{}}},"pendingPreKey":{"signedKeyId":41,"baseKey":"Be6ao+RJlnDl9ob/UROHk06Lle1PiORNhV63u56z+otg","preKeyId":11607347}}},"version":"v1"}