{"_sessions":{"BQ539hgbWLTrlQwj+u4ZOi8+Fjc8AHFi3Ph27v+rRXB2":{"registrationId":1707919734,"currentRatchet":{"ephemeralKeyPair":{"pubKey":"BXcCBYFZlER3zw4+RETMjkg9FtS6wHBUBuJF8UxdMjFM","privKey":"QJWP8uyvp+tl0A1SZCy64pScz+7i91/vhHic4iCXul4="},"lastRemoteEphemeralKey":"BTbxJnjbPI6ah2yvGCAb7vrfeF0gVxzBadUe4gtpkwNs","previousCounter":0,"rootKey":"jZuDi+VWXYWPm+aBgYf18+7EmUREJNfX7hg8x4WOFp8="},"indexInfo":{"baseKey":"BQ539hgbWLTrlQwj+u4ZOi8+Fjc8AHFi3Ph27v+rRXB2","baseKeyType":1,"closed":-1,"used":1735192882895,"created":1735192882895,"remoteIdentityKey":"BXc6qfMlxxodidmfxe34YWLHOrcg27YML3XcCjns3qU6"},"_chains":{"BXcCBYFZlER3zw4+RETMjkg9FtS6wHBUBuJF8UxdMjFM":{"chainKey":{"counter":0,"key":"etBuHBW+zDBOUCky/K1pMxMK7bKDwbkszeu5e8OsTME="},"chainType":1,"messageKeys":{}}},"pendingPreKey":{"signedKeyId":4,"baseKey":"BQ539hgbWLTrlQwj+u4ZOi8+Fjc8AHFi3Ph27v+rRXB2","preKeyId":8774849}}},"version":"v1"}