{"_sessions":{"BVKxahKUa/uQeLPmTN5XfQbEn1OV3NIndcLewwskKgsq":{"registrationId":223,"currentRatchet":{"ephemeralKeyPair":{"pubKey":"BQ0Vft+qurIPX9cn6er7Q4Qwr5dv4O/XR+65Z4dgj4J0","privKey":"yCzgZlWFqNMNQR9JbDoogRzGbQ0nze9jz38pUhtZb0s="},"lastRemoteEphemeralKey":"BXOXbePOgIJZjWxDuz5xSzcrZBRBN7PzL2EzPXFcdfhL","previousCounter":0,"rootKey":"xJTuCcGpszyKSGJKIKrj4P7kJ5rAWAbUYlfLb9EPQVU="},"indexInfo":{"baseKey":"BVKxahKUa/uQeLPmTN5XfQbEn1OV3NIndcLewwskKgsq","baseKeyType":1,"closed":-1,"used":1735141692453,"created":1735141692453,"remoteIdentityKey":"BaXCSE9iz9aR8XO6QKv/6KSruDiJY2RzZVEBiL585L5z"},"_chains":{"BQ0Vft+qurIPX9cn6er7Q4Qwr5dv4O/XR+65Z4dgj4J0":{"chainKey":{"counter":0,"key":"xDWVW+e3tBIR3kaLwcyPIqUwgUlxu46xqS/yDl0TD50="},"chainType":1,"messageKeys":{}}},"pendingPreKey":{"signedKeyId":1,"baseKey":"BVKxahKUa/uQeLPmTN5XfQbEn1OV3NIndcLewwskKgsq"}}},"version":"v1"}