{"_sessions":{"BY64CIAlQ6K8gPihoOKmrrthSbFoHaiqPh81eShHHxEN":{"registrationId":1957109810,"currentRatchet":{"ephemeralKeyPair":{"pubKey":"BQCqs9dUxKBar7IKaZOhmibYVJ9Grr3cFThEGagBErZa","privKey":"MOtuq7BcKsXDW5/RxR3fLLRlloactkGz6Rds+Y8UFlM="},"lastRemoteEphemeralKey":"BZuMM9cvCXdUY+6U/435ZiAsEljI+R7wvIHB0pcQ5d4q","previousCounter":0,"rootKey":"vpXqFaMwk1eOdTdlV+0AnJY+MH/7qqbqHEm0HNvFs+Q="},"indexInfo":{"baseKey":"BY64CIAlQ6K8gPihoOKmrrthSbFoHaiqPh81eShHHxEN","baseKeyType":1,"closed":-1,"used":1735190110786,"created":1735190110786,"remoteIdentityKey":"BcItSxjaLi6mPaEuKfDt1UceVSPIfT4widsLZvgk3kQn"},"_chains":{"BQCqs9dUxKBar7IKaZOhmibYVJ9Grr3cFThEGagBErZa":{"chainKey":{"counter":1,"key":"d0suHEPu2tgfJjSQ6w1RLQPgssMd0z8OBSLzV7DnEuY="},"chainType":1,"messageKeys":{}}},"pendingPreKey":{"signedKeyId":13,"baseKey":"BY64CIAlQ6K8gPihoOKmrrthSbFoHaiqPh81eShHHxEN","preKeyId":11748480}}},"version":"v1"}