{"_sessions":{"Bb9kTb6T9zRi1QEKd1ZhEpkKeQu+40VKkwpNHDtaSCwG":{"registrationId":1791651770,"currentRatchet":{"ephemeralKeyPair":{"pubKey":"Bc/Khn0sPJBjLnWr6sC5FdiZkF5KYjymFGZsu0DuzxgP","privKey":"0J5O8lntYS5TW3sn6xzUFNu13V+uI49L6DYoE1zQcko="},"lastRemoteEphemeralKey":"Bb5On7IlxE3l/aMi6p8XHggUwEQ4bUpjX6+jpctH1+Mz","previousCounter":0,"rootKey":"yp+owBWrF4W8q3nGbV/8LGeW9VT11xCsxtD+nfMEcGo="},"indexInfo":{"baseKey":"Bb9kTb6T9zRi1QEKd1ZhEpkKeQu+40VKkwpNHDtaSCwG","baseKeyType":1,"closed":-1,"used":1735190161803,"created":1735190161803,"remoteIdentityKey":"BZ/4vWejX4aXlZQJVNJmK0RQsB/x3S3NjwOTvnJwaoo/"},"_chains":{"Bc/Khn0sPJBjLnWr6sC5FdiZkF5KYjymFGZsu0DuzxgP":{"chainKey":{"counter":1,"key":"ZEFVH9KJ8LoDHmPFvo0k5WJaoQGr8jGbyD/ChCVHj9A="},"chainType":1,"messageKeys":{}}},"pendingPreKey":{"signedKeyId":0,"baseKey":"Bb9kTb6T9zRi1QEKd1ZhEpkKeQu+40VKkwpNHDtaSCwG","preKeyId":811015}}},"version":"v1"}