{"_sessions":{"BQpDKiU/HuJSaJF0r7DQrpYDOY9U+0GAzjR13SQAnEU0":{"registrationId":1298729028,"currentRatchet":{"ephemeralKeyPair":{"pubKey":"BZ5QIhqeXKwaCqzpFCA3aen/6/dQ/z8yY3Mn6ncnqSYh","privKey":"sC04gYwqrS943gAH12IAV8D48fnX2rGMXhku2jsJI2s="},"lastRemoteEphemeralKey":"BQaeDrgUim0P5ElY5eiJORdgAHWYErTl9nhXuZJj84BG","previousCounter":0,"rootKey":"ArIFVK7OK1oN+khiGVjC1x3VEy40hp0GNJ9oGrUeox8="},"indexInfo":{"baseKey":"BQpDKiU/HuJSaJF0r7DQrpYDOY9U+0GAzjR13SQAnEU0","baseKeyType":1,"closed":-1,"used":1735192874798,"created":1735192874798,"remoteIdentityKey":"BQ5u4s35d0fhd5MIaZTZCWH7qMLRW7JLdToHLWHnvdEU"},"_chains":{"BZ5QIhqeXKwaCqzpFCA3aen/6/dQ/z8yY3Mn6ncnqSYh":{"chainKey":{"counter":0,"key":"CPsQWSOTqqUo1vxWXnbpnvfl2hwCWz8wmzeEDVrlRbo="},"chainType":1,"messageKeys":{}}},"pendingPreKey":{"signedKeyId":7,"baseKey":"BQpDKiU/HuJSaJF0r7DQrpYDOY9U+0GAzjR13SQAnEU0","preKeyId":1032529}}},"version":"v1"}