{"_sessions":{"BZxVtas6o9VT0LHwVKEdOZCk3p6+1kIyCheODwslMOZT":{"registrationId":159,"currentRatchet":{"ephemeralKeyPair":{"pubKey":"BVaQ+57qGxiv2YwCk+07UDkMu8oBHDiTE6ErpRtDWNt8","privKey":"uG4mwzvGz9gQ5H1jh+MY2lGt2XdZTvtLAfgF2cnfAl8="},"lastRemoteEphemeralKey":"BYtRcY2FzLgv5PEeevCNne6CVYqm2Ul3kHg7JD3KA21v","previousCounter":0,"rootKey":"pH28y1RxqP3KtahPlQb4PXxR6mU7p+ZW2jHF2OlqiZU="},"indexInfo":{"baseKey":"BZxVtas6o9VT0LHwVKEdOZCk3p6+1kIyCheODwslMOZT","baseKeyType":1,"closed":-1,"used":1735192788133,"created":1735192788133,"remoteIdentityKey":"BeOmNAXvzJWWY/zLK4oUeKSbIT2Mp+IF483SWAOrorxC"},"_chains":{"BVaQ+57qGxiv2YwCk+07UDkMu8oBHDiTE6ErpRtDWNt8":{"chainKey":{"counter":0,"key":"k/zb221Rt23uKSXSyvmKPCoo6qMYHKkazhPKCgUf8WY="},"chainType":1,"messageKeys":{}}},"pendingPreKey":{"signedKeyId":1,"baseKey":"BZxVtas6o9VT0LHwVKEdOZCk3p6+1kIyCheODwslMOZT"}}},"version":"v1"}