{"_sessions":{"BcOJQfS2bPtSYs2sJQYQBKUV1187ANSqhgSMwOsEVAZ0":{"registrationId":112,"currentRatchet":{"ephemeralKeyPair":{"pubKey":"BYTmPLpq7LQ1KdkwdOkQzLB35LzXu0Vr9MEF3QRI9upY","privKey":"mI/SDXdLxsIDcGOdw5z32AgLIcnnEbCzq+6i+HbkLFI="},"lastRemoteEphemeralKey":"Bf6RH04HGYUTLeYm4IXFUXoSymPd+F/D9br74velqTZ3","previousCounter":0,"rootKey":"qTX4bAhIz7bwXjDi6zril5I8uhnfCRf+1Y7VSQnCg/k="},"indexInfo":{"baseKey":"BcOJQfS2bPtSYs2sJQYQBKUV1187ANSqhgSMwOsEVAZ0","baseKeyType":1,"closed":1735229807681,"used":1735194708973,"created":1735194708973,"remoteIdentityKey":"BfnGZNt6cM+UrHCE5LDA598aV59LUcexnzVTX3eZaFck"},"_chains":{"BYTmPLpq7LQ1KdkwdOkQzLB35LzXu0Vr9MEF3QRI9upY":{"chainKey":{"counter":0,"key":"Z5cHVx674hYPgTtw+xmK9cHE8kKaPqZk+Gfp6HsttRE="},"chainType":1,"messageKeys":{}}},"pendingPreKey":{"signedKeyId":1,"baseKey":"BcOJQfS2bPtSYs2sJQYQBKUV1187ANSqhgSMwOsEVAZ0"}},"BQrhFXShXhJmLhWBwb+unsKcHw5LVER6l7crhWZGnZ8z":{"registrationId":112,"currentRatchet":{"ephemeralKeyPair":{"pubKey":"BWpZjOTymKrkubzjNnc5Y0L6vN3YJm9AU8oMYovQUc9U","privKey":"0IJ0+PIemeAySxMhwVzhWKUsB/36CoRSss9UjZPdRU4="},"lastRemoteEphemeralKey":"BTatpzo4rjVRrBZIMJVbeFqe4QtUU/pUfSRmTCUBVxA6","previousCounter":0,"rootKey":"aKG+HCwWDidF7ozSYd0CYsf3ADfcIaUdfCACEmyLiXE="},"indexInfo":{"baseKey":"BQrhFXShXhJmLhWBwb+unsKcHw5LVER6l7crhWZGnZ8z","baseKeyType":2,"closed":1735231240477,"used":1735229807689,"created":1735229807689,"remoteIdentityKey":"BfnGZNt6cM+UrHCE5LDA598aV59LUcexnzVTX3eZaFck"},"_chains":{"BTatpzo4rjVRrBZIMJVbeFqe4QtUU/pUfSRmTCUBVxA6":{"chainKey":{"counter":0,"key":"ixXhn18KLD6BXdEI49TXNebC/yckSDDiZpC+fM3Cfso="},"chainType":2,"messageKeys":{}},"BWpZjOTymKrkubzjNnc5Y0L6vN3YJm9AU8oMYovQUc9U":{"chainKey":{"counter":-1,"key":"ZHo+4vYWtDbkqHJaNZzd6cuZVH7ZP2a7Bd98n5NFW8s="},"chainType":1,"messageKeys":{}}}},"BVjk6lgsrxA2wPl+1zt0KndLze0IOPlkpdtvEGy8nBZP":{"registrationId":112,"currentRatchet":{"ephemeralKeyPair":{"pubKey":"BUzxYd16JfzNwf3LWETBzvXHBK6jLkC0P2ihcPb19gY5","privKey":"2EPs91gdT+uMYXpZT5/Aq6ukx9/793lvnqvtMBRR21I="},"lastRemoteEphemeralKey":"BQUzH2oEf2fFJy3P/UGojU0kyKIy/lC8xxu3pziDu1dq","previousCounter":0,"rootKey":"aRLn05+ZKYh1urttQ5hzxhUbs402mnbSQwkRWUd15uI="},"indexInfo":{"baseKey":"BVjk6lgsrxA2wPl+1zt0KndLze0IOPlkpdtvEGy8nBZP","baseKeyType":2,"closed":-1,"used":1735231240484,"created":1735231240484,"remoteIdentityKey":"BfnGZNt6cM+UrHCE5LDA598aV59LUcexnzVTX3eZaFck"},"_chains":{"BQUzH2oEf2fFJy3P/UGojU0kyKIy/lC8xxu3pziDu1dq":{"chainKey":{"counter":0,"key":"dyD4eUTPa/bgSU6YnvTBLb8L8HrzRftEwdMRFOz24UU="},"chainType":2,"messageKeys":{}},"BUzxYd16JfzNwf3LWETBzvXHBK6jLkC0P2ihcPb19gY5":{"chainKey":{"counter":-1,"key":"tZbf4q9MHjn9Eq1Ln/p5zqBJqb7ltXYKf+NpikEMe8c="},"chainType":1,"messageKeys":{}}}}},"version":"v1"}