{"_sessions":{"BTlSe3ajpdAz/A7yoHGG5ZilR15N5UCvmU1hwmOXiJA1":{"registrationId":6554,"currentRatchet":{"ephemeralKeyPair":{"pubKey":"BaMyaixmn1AQTDf5aR+F/xCmHPpZRMr6s5HGYZX40gJS","privKey":"8K7iZeZYJvdhRrV77+b8Xvvu/D4nl5ZhduuuZnQa9Hg="},"lastRemoteEphemeralKey":"BWpzRSbdMptgPCXg/QLGCD8DliRcDQcL/pQl2Jv5Ezhg","previousCounter":0,"rootKey":"riBuPziJ7CaOaS30jkS+GzOOelOHBgq+/a7O4mNSyLM="},"indexInfo":{"baseKey":"BTlSe3ajpdAz/A7yoHGG5ZilR15N5UCvmU1hwmOXiJA1","baseKeyType":1,"closed":-1,"used":1735190076283,"created":1735190076283,"remoteIdentityKey":"Bcf7Wst7OAZmsEMP6tKfAH66lT8oen9ZWHkIU3SWjrIZ"},"_chains":{"BaMyaixmn1AQTDf5aR+F/xCmHPpZRMr6s5HGYZX40gJS":{"chainKey":{"counter":2,"key":"GDDZa3BqVbFY2TqHggjSyGybCnIheQD8OrzyFbjM8PE="},"chainType":1,"messageKeys":{}}},"pendingPreKey":{"signedKeyId":1,"baseKey":"BTlSe3ajpdAz/A7yoHGG5ZilR15N5UCvmU1hwmOXiJA1"}}},"version":"v1"}