{"_sessions":{"BUiPDquA7xVYuWUIWUhMnMmbNOF1PJ5+zxlqL26GsMpn":{"registrationId":21,"currentRatchet":{"ephemeralKeyPair":{"pubKey":"BYl7yLMIetTXDPUZ0GuRRsevPJFez7+F93g83I3NEQQ5","privKey":"QGkieMb48IDHSq4ieFbwY53vAxP4R+OYx3RgD5/RFWI="},"lastRemoteEphemeralKey":"BS8rYpRYrTAtOU2Thvb/TYVLq/UXi9w/6p24dS4kE4hH","previousCounter":0,"rootKey":"+KWabcrpyh2LwHWyVdoYGXvpskVvIwasgNo3wmMjoT8="},"indexInfo":{"baseKey":"BUiPDquA7xVYuWUIWUhMnMmbNOF1PJ5+zxlqL26GsMpn","baseKeyType":1,"closed":-1,"used":1735121448368,"created":1735121448368,"remoteIdentityKey":"BcVKQSPthk7PPUVluaE8+VSSz3Ewn+UOpZmfeqYznWo3"},"_chains":{"BYl7yLMIetTXDPUZ0GuRRsevPJFez7+F93g83I3NEQQ5":{"chainKey":{"counter":27,"key":"I9Lq3l5rpGqy+Po3Ym73GBvZwiIQXppHb162cp817TI="},"chainType":1,"messageKeys":{}}},"pendingPreKey":{"signedKeyId":1,"baseKey":"BUiPDquA7xVYuWUIWUhMnMmbNOF1PJ5+zxlqL26GsMpn"}}},"version":"v1"}