{"_sessions":{"BU3vuVOGLmJYt4qEHiOxouVgUrMzfe2CGkX91/0VX/hX":{"registrationId":1498727320,"currentRatchet":{"ephemeralKeyPair":{"pubKey":"BQiX4JmW3aPcwHehPlAXYpMHe+UpJfGn3xv0lxx79/50","privKey":"kATp1KGG06+eJh3p2/yeXvhgRuo56FEWLZLpoT2M3W4="},"lastRemoteEphemeralKey":"BS8E6bglGpccLwo+ZIpKqxoy5zHnUtJXJdqrKGumKD4K","previousCounter":0,"rootKey":"JDO6ZEZijgF/4A0aGJ0Sj42XAiVszjeNoPwIwLtJ7s8="},"indexInfo":{"baseKey":"BU3vuVOGLmJYt4qEHiOxouVgUrMzfe2CGkX91/0VX/hX","baseKeyType":1,"closed":-1,"used":1735123656010,"created":1735123656010,"remoteIdentityKey":"Bf028MCUv/RVhWrKyWepDkzPWOLSszXFoKiK7NV6sto8"},"_chains":{"BQiX4JmW3aPcwHehPlAXYpMHe+UpJfGn3xv0lxx79/50":{"chainKey":{"counter":0,"key":"RyiSPHaWF5OuBj5McwzIU33gIINeXc29TL9nkaXH/sM="},"chainType":1,"messageKeys":{}}},"pendingPreKey":{"signedKeyId":1,"baseKey":"BU3vuVOGLmJYt4qEHiOxouVgUrMzfe2CGkX91/0VX/hX","preKeyId":8309315}}},"version":"v1"}