{"_sessions":{"BVnY5DeBUj/cDSpwASK5jg7BCBWTak46R4yCIeAmF4Bb":{"registrationId":889528929,"currentRatchet":{"ephemeralKeyPair":{"pubKey":"BVknpD8oWItpcfC+PS+Q6/4qvUWrndnDshRN/5frlnM2","privKey":"eERYvjGq4gFu1WokAMffW8+cI7gEjATN1ZyyI8xle1I="},"lastRemoteEphemeralKey":"BXY7BUwiTWRPrVwcm7ZuQUnpjf6DXP/ZxezOz4/3IVMa","previousCounter":0,"rootKey":"zmGxhLoijC4yZfmQTiB3zRlN9nlgCiLR87lcItkgOT8="},"indexInfo":{"baseKey":"BVnY5DeBUj/cDSpwASK5jg7BCBWTak46R4yCIeAmF4Bb","baseKeyType":1,"closed":-1,"used":1735192883147,"created":1735192883147,"remoteIdentityKey":"Bep+URUnjcZZnd+i8O2DoHkAOsZGx531DXc+X3H5slYU"},"_chains":{"BVknpD8oWItpcfC+PS+Q6/4qvUWrndnDshRN/5frlnM2":{"chainKey":{"counter":0,"key":"ucpe58pitHus6xU4vQCxmtQi5jReX8zMCDuBYBiGy0s="},"chainType":1,"messageKeys":{}}},"pendingPreKey":{"signedKeyId":4,"baseKey":"BVnY5DeBUj/cDSpwASK5jg7BCBWTak46R4yCIeAmF4Bb","preKeyId":8079261}}},"version":"v1"}