{"_sessions":{"BX7W/5M/Y36DzGkHwt7eOm80qNJSA0UlWCRH5O2vuPsX":{"registrationId":188447567,"currentRatchet":{"ephemeralKeyPair":{"pubKey":"BdOS8fdHBglBD/w0Ux63hgK7sbBVj/hkaJiiSY6MvoJ7","privKey":"8O//YJiF4HPVP+4p2ostdKdNbDUoKHDqNwW8yj5XpXU="},"lastRemoteEphemeralKey":"BbHDaaU+K1nlndjbveBf3dLKKIdONGlGNfT9QpGView6","previousCounter":0,"rootKey":"/N0XWB5a0LInzdNKTN0/YR0AjBsbcCZc5rXnjO+Lxcg="},"indexInfo":{"baseKey":"BX7W/5M/Y36DzGkHwt7eOm80qNJSA0UlWCRH5O2vuPsX","baseKeyType":1,"closed":-1,"used":1735190229657,"created":1735190229657,"remoteIdentityKey":"BTa7fOl4Je0dQyw6GSeuXaljxx5eSyvZRgwmXw2A3nQM"},"_chains":{"BdOS8fdHBglBD/w0Ux63hgK7sbBVj/hkaJiiSY6MvoJ7":{"chainKey":{"counter":2,"key":"fm9+Q7dnUzDkYrKB2Sh9m8NjNhskTEIN5EU9F4NjBuY="},"chainType":1,"messageKeys":{}}},"pendingPreKey":{"signedKeyId":6,"baseKey":"BX7W/5M/Y36DzGkHwt7eOm80qNJSA0UlWCRH5O2vuPsX","preKeyId":5634600}}},"version":"v1"}