{"_sessions":{"BeYAh+QQdxQ0Gj27bfsu1ErUYV6Nd3ZsGi2rplnnUHxj":{"registrationId":1696222706,"currentRatchet":{"ephemeralKeyPair":{"pubKey":"BXZ8ZdkYzZ+y8KdK/uGUd90UsWESWJR+uwdsaewf7lo3","privKey":"AKKIdg5Yza9Xffn1iunGgR4aTL5//NadEDE0OqjRF1A="},"lastRemoteEphemeralKey":"BZ8BNuFdD7C1/ABr5ak1tiLmXmmzLCYZbExlOOSdsylh","previousCounter":0,"rootKey":"bhyfp6fFoCg+fRJeXpusfbMIhVsvUZist0NP3bh78aM="},"indexInfo":{"baseKey":"BeYAh+QQdxQ0Gj27bfsu1ErUYV6Nd3ZsGi2rplnnUHxj","baseKeyType":1,"closed":-1,"used":1735190263141,"created":1735190263141,"remoteIdentityKey":"BeZZoKbBw6UoTqsPiqogO7vIJBWMPLW1tO4Im8O1PBY8"},"_chains":{"BXZ8ZdkYzZ+y8KdK/uGUd90UsWESWJR+uwdsaewf7lo3":{"chainKey":{"counter":1,"key":"7xp2SKyJM4L8QeUYINLG5zYsCM0QnisfDdzKIY897Fs="},"chainType":1,"messageKeys":{}}},"pendingPreKey":{"signedKeyId":1,"baseKey":"BeYAh+QQdxQ0Gj27bfsu1ErUYV6Nd3ZsGi2rplnnUHxj","preKeyId":10193346}}},"version":"v1"}