{"_sessions":{"BVIelWCrckf9chIsaFsV5ly/2DNtMUiPlWH0L5qDsIcA":{"registrationId":253149903,"currentRatchet":{"ephemeralKeyPair":{"pubKey":"BbCdh5FwP2riAY/jHjF7CMqRWkCu+zoFTv8oWUVY8VME","privKey":"UGSIDUJZizTLhFslp/EDHjvRY28xPCIkGJ38JLW9RmY="},"lastRemoteEphemeralKey":"Bci2fzMMbj9z5J6H7XmWHPALPtO1wqpAeRqjRAw+JGJ6","previousCounter":0,"rootKey":"+LSUEwkAaM4iVtbLNhs32gnZq0vrUM/Ly9U7wG+nCfg="},"indexInfo":{"baseKey":"BVIelWCrckf9chIsaFsV5ly/2DNtMUiPlWH0L5qDsIcA","baseKeyType":1,"closed":1735185651095,"used":1735185648484,"created":1735185648484,"remoteIdentityKey":"BS66cbJ9MnPVfEymegG7GVUcUdQY8Fs/r1eEGcrxo01N"},"_chains":{"BbCdh5FwP2riAY/jHjF7CMqRWkCu+zoFTv8oWUVY8VME":{"chainKey":{"counter":-1,"key":"3spCm2QzoMPW192lNsvZp0SznPb82282rnvAaHpjKgc="},"chainType":1,"messageKeys":{}}},"pendingPreKey":{"signedKeyId":0,"baseKey":"BVIelWCrckf9chIsaFsV5ly/2DNtMUiPlWH0L5qDsIcA"}},"BUwqWATvhlruzBzIePgRPs4hcQzkAYmz1KD6bpk8nCFB":{"registrationId":253149903,"currentRatchet":{"ephemeralKeyPair":{"pubKey":"BU/bX1tmJya8+nt1SgAIHLh1To1mtGBlf/dyDBD9s1N5","privKey":"CGvHyrgxTa4VPgkdOqvla4SZ3VC/RiLHyZae1ZnOF24="},"lastRemoteEphemeralKey":"Bci2fzMMbj9z5J6H7XmWHPALPtO1wqpAeRqjRAw+JGJ6","previousCounter":0,"rootKey":"Oeht1h/exPh8AV/4AX03M+xQB5opsxPps9mCIDEXPNw="},"indexInfo":{"baseKey":"BUwqWATvhlruzBzIePgRPs4hcQzkAYmz1KD6bpk8nCFB","baseKeyType":1,"closed":-1,"used":1735185651092,"created":1735185651092,"remoteIdentityKey":"BS66cbJ9MnPVfEymegG7GVUcUdQY8Fs/r1eEGcrxo01N"},"_chains":{"BU/bX1tmJya8+nt1SgAIHLh1To1mtGBlf/dyDBD9s1N5":{"chainKey":{"counter":1,"key":"6n2pNWclNcrJgJ9S4WoYKAhbd+qdCztzNZ4X9mEETLg="},"chainType":1,"messageKeys":{}}},"pendingPreKey":{"signedKeyId":0,"baseKey":"BUwqWATvhlruzBzIePgRPs4hcQzkAYmz1KD6bpk8nCFB"}}},"version":"v1"}