{"_sessions":{"BfehNNxXWSwClwj/ofl9Ipcx8+N2cRJU0KQZ4/5asOMU":{"registrationId":99529216,"currentRatchet":{"ephemeralKeyPair":{"pubKey":"BUi7sfW4AuLgPKRFJOrHHiDhvrdeM9JBRgFML4JME/da","privKey":"WCc0SogGYWq1zicOekW+T6x0uaw6Fcn/G37SfCknF38="},"lastRemoteEphemeralKey":"Bana9FAyxdGzPaps+UIPw0AzvdjOsP+HOr7Y/pxN0ON8","previousCounter":0,"rootKey":"Sf2TY6bzYov0QSlnfUb9b9haz02UdYj+kQZ+vHZnHK4="},"indexInfo":{"baseKey":"BfehNNxXWSwClwj/ofl9Ipcx8+N2cRJU0KQZ4/5asOMU","baseKeyType":1,"closed":-1,"used":1735192826270,"created":1735192826270,"remoteIdentityKey":"BaA67YdLeKlIJPRXOuH4xr7+k4Mmzj7qKqLDFAqS1fI2"},"_chains":{"BUi7sfW4AuLgPKRFJOrHHiDhvrdeM9JBRgFML4JME/da":{"chainKey":{"counter":0,"key":"m4hCFIRMXmHdNkQuA+nh/+q41Wc/oLB92/885gEsD6k="},"chainType":1,"messageKeys":{}}},"pendingPreKey":{"signedKeyId":1,"baseKey":"BfehNNxXWSwClwj/ofl9Ipcx8+N2cRJU0KQZ4/5asOMU","preKeyId":8193457}}},"version":"v1"}