{"_sessions":{"BTxpKXa2KP/WtNL6VlOcY38BwLy/r19JhDawWPs1oTkz":{"registrationId":74,"currentRatchet":{"ephemeralKeyPair":{"pubKey":"BawZFlyGKAXzmn93+QANL+knA3v7YyjMyHymLa9wGEIX","privKey":"2Plu2Efi0rpgBnXM8lm/tzUInEC9vchuKmzsKhjVJVw="},"lastRemoteEphemeralKey":"BdCEq62tGF8Yh0tO8HGIPCj+NlEWXaniZMlZhcufAAsV","previousCounter":0,"rootKey":"tztgHbe4wrrLHr7cDssJsugxGJ7YvUmvwyOpHQl2TIw="},"indexInfo":{"baseKey":"BTxpKXa2KP/WtNL6VlOcY38BwLy/r19JhDawWPs1oTkz","baseKeyType":1,"closed":-1,"used":1735189953821,"created":1735189953821,"remoteIdentityKey":"BQLhCPgeEKXiwpz4pT5+o4Z0U3HIRAC8j98IbwOD9QcO"},"_chains":{"BawZFlyGKAXzmn93+QANL+knA3v7YyjMyHymLa9wGEIX":{"chainKey":{"counter":14,"key":"dMPhnBeomd8uplpopchse3mQNguc0CdaLz10MNQxiis="},"chainType":1,"messageKeys":{}}},"pendingPreKey":{"signedKeyId":1,"baseKey":"BTxpKXa2KP/WtNL6VlOcY38BwLy/r19JhDawWPs1oTkz"}}},"version":"v1"}