{"_sessions":{"BSxaHxZtOeLPduzXyQixrHRecTQiJqOR2VKVkYaz9f0y":{"registrationId":448853089,"currentRatchet":{"ephemeralKeyPair":{"pubKey":"BUOwAJJxv8pSJ0RI7LLc1KY+kf0SCDo7k9nL5i6C4R0A","privKey":"EChs+qnLo7nNX2FrEBJ4WctN12wxuT2Ghje6QudpJU0="},"lastRemoteEphemeralKey":"BakeOIBCM0z5ZjnxuTarxL+LxMiPnGw9yecrtwCmkOwi","previousCounter":0,"rootKey":"YdN0KtXZgDSIeCfgQG/APvO2Ko9Yglf/S8nfWbEYlSo="},"indexInfo":{"baseKey":"BSxaHxZtOeLPduzXyQixrHRecTQiJqOR2VKVkYaz9f0y","baseKeyType":1,"closed":-1,"used":1735190255514,"created":1735190255514,"remoteIdentityKey":"BTEbv/19ZIOJurpIgOh0p/2nAKN2kGTEa0GF1LCI0dFS"},"_chains":{"BUOwAJJxv8pSJ0RI7LLc1KY+kf0SCDo7k9nL5i6C4R0A":{"chainKey":{"counter":1,"key":"8+NYSQrUcmX4ZXI91AYPIW8X/+2yJwd0nqWCa35gkEc="},"chainType":1,"messageKeys":{}}},"pendingPreKey":{"signedKeyId":0,"baseKey":"BSxaHxZtOeLPduzXyQixrHRecTQiJqOR2VKVkYaz9f0y"}}},"version":"v1"}