{"_sessions":{"BdnPzdTrKSufD+hCznpiaJWusSCfy6O31m4zZHZv+wgg":{"registrationId":1442190017,"currentRatchet":{"ephemeralKeyPair":{"pubKey":"BUmR9uVWW+wyCuvgEiLZwlnrtVy/nQVAvUM11tvx6GpT","privKey":"EGoNwcJTmB2zllb23xjxS4jEnxYf12LD0fyRwzgfQlM="},"lastRemoteEphemeralKey":"BemXAUPCwwD2TwWHPrPm96qIrGhrdK5dDhWMsgesDzQx","previousCounter":0,"rootKey":"Yf2gbEu7xxcyLz5Ciq2WQOLGt/V83vq4RmE9FN6Sj3A="},"indexInfo":{"baseKey":"BdnPzdTrKSufD+hCznpiaJWusSCfy6O31m4zZHZv+wgg","baseKeyType":1,"closed":-1,"used":1735123631874,"created":1735123631874,"remoteIdentityKey":"BSUGYFPhThZkaG03bR1AeS5uzA96E/Qh012hRId44VoM"},"_chains":{"BUmR9uVWW+wyCuvgEiLZwlnrtVy/nQVAvUM11tvx6GpT":{"chainKey":{"counter":0,"key":"R1TX6Kbkjh8JHvbV/4c68EfBFnL12Kk41Qca5YkCW0E="},"chainType":1,"messageKeys":{}}},"pendingPreKey":{"signedKeyId":1,"baseKey":"BdnPzdTrKSufD+hCznpiaJWusSCfy6O31m4zZHZv+wgg","preKeyId":6171304}}},"version":"v1"}