{"_sessions":{"Bf3oUVlaQd6qsqfjCcr8KwAqCCFMvxHpwBosRWMvI2lA":{"registrationId":1000410179,"currentRatchet":{"ephemeralKeyPair":{"pubKey":"BZxNJ7Tdy1t1dIk+Bze7x0kuXPYx/LBHwn/j2rI4F9Yz","privKey":"kJAOEJMNFEK61VSok20Rs8bbFjmoqG45wloTgAOdJms="},"lastRemoteEphemeralKey":"BZZ8DiR9Op1baZpJyznJ4PiBKsegqEJXvUxvOzbjsGJf","previousCounter":0,"rootKey":"+wG885Sejjsf0UPZ47MB92prbuBfHAFc/AAhoiMj6B8="},"indexInfo":{"baseKey":"Bf3oUVlaQd6qsqfjCcr8KwAqCCFMvxHpwBosRWMvI2lA","baseKeyType":1,"closed":-1,"used":1735230311031,"created":1735230311031,"remoteIdentityKey":"BYPo/Rq5U7JJ7MatMNSNDLmlzzUDc2Nwl0H+NuZ/HvAm"},"_chains":{"BZxNJ7Tdy1t1dIk+Bze7x0kuXPYx/LBHwn/j2rI4F9Yz":{"chainKey":{"counter":0,"key":"wRdEmbxQB1Xkwehgex8Q9kxWYXNsJw/NJlBByFNmzIY="},"chainType":1,"messageKeys":{}}},"pendingPreKey":{"signedKeyId":6,"baseKey":"Bf3oUVlaQd6qsqfjCcr8KwAqCCFMvxHpwBosRWMvI2lA","preKeyId":10542179}}},"version":"v1"}