{"_sessions":{"BZk7SG0L10kotqG0hjZeLDjNYJaBMDcu8ICKI0e959Jo":{"registrationId":5525,"currentRatchet":{"ephemeralKeyPair":{"pubKey":"BY3TNiXI0SGdhbRNMMhcmxPPq9R0iDN3OabNvm4QgvRu","privKey":"GJXn7sacerXbq/NYhh1X1tw4kJbSAiexQ3u69GdacU8="},"lastRemoteEphemeralKey":"BeOPRtN4228WTHpUQEbXLFwiF85XCCt8Iqr74eKXKvxL","previousCounter":0,"rootKey":"ZvO/PeRlXSeWl0y0KvTdmGSoOJtimIUb+d+Qu0w+fEo="},"indexInfo":{"baseKey":"BZk7SG0L10kotqG0hjZeLDjNYJaBMDcu8ICKI0e959Jo","baseKeyType":1,"closed":-1,"used":1735192797940,"created":1735192797940,"remoteIdentityKey":"BbexpRNHXGwZPtsd3bQdU0wyvrs38a2P9LmfBfXBiH8f"},"_chains":{"BY3TNiXI0SGdhbRNMMhcmxPPq9R0iDN3OabNvm4QgvRu":{"chainKey":{"counter":0,"key":"vkJVV2xA401E5zN9zIuU9I7bKYlwDDBtdo32rBzNTWg="},"chainType":1,"messageKeys":{}}},"pendingPreKey":{"signedKeyId":1,"baseKey":"BZk7SG0L10kotqG0hjZeLDjNYJaBMDcu8ICKI0e959Jo"}}},"version":"v1"}