{"_sessions":{"BRx2xQ/aOIqLA7IMzRj/bZnYg+J54Yorsa1bAalO8eVA":{"registrationId":488529692,"currentRatchet":{"ephemeralKeyPair":{"pubKey":"BRmuBDa9BNiul9UgNoOaqubG3xafUdWU5PUlrVpBblc3","privKey":"gBAMfES3JdwXEQ/KTpgk51+/ZEmXDJaHKHXgs4x820s="},"lastRemoteEphemeralKey":"BXMLBrU4XfEZon8w9FDPBJJJRdrB8zEHH+682QfNe1g9","previousCounter":0,"rootKey":"EsGfw7UillzKx0NMkyj0tlIknedRWBpa3/UONfqQj0c="},"indexInfo":{"baseKey":"BRx2xQ/aOIqLA7IMzRj/bZnYg+J54Yorsa1bAalO8eVA","baseKeyType":1,"closed":-1,"used":1735123645009,"created":1735123645009,"remoteIdentityKey":"BagM61abFwIJbaABfMypXcuugpl1D0UbDB+pdcKn/is0"},"_chains":{"BRmuBDa9BNiul9UgNoOaqubG3xafUdWU5PUlrVpBblc3":{"chainKey":{"counter":0,"key":"TfDVw5UoqqQB9ns7f3F3VxKa7xLHxFOwdQgUrFBelbg="},"chainType":1,"messageKeys":{}}},"pendingPreKey":{"signedKeyId":1,"baseKey":"BRx2xQ/aOIqLA7IMzRj/bZnYg+J54Yorsa1bAalO8eVA","preKeyId":14067570}}},"version":"v1"}