{"_sessions":{"BVzhHsg4wXsgoL2OPJjFeE2hRanvNer/1ZHz5vGDlsdT":{"registrationId":207,"currentRatchet":{"ephemeralKeyPair":{"pubKey":"BfJotnuutTzpvMwNiReXAPJ/8FmFtxap9EPuDwEvOuAa","privKey":"WMkOGL2YQPf8/NRrsjtFOWtZNlzwsEEiQxH9G/1hX2E="},"lastRemoteEphemeralKey":"BfqS9BuV9k/X2kmCjZkJu++3y1jRpMUzGxN1zcVaaeAT","previousCounter":0,"rootKey":"LptdK1pMZuKN4VOXfncFhH0PEtJJ/TiDFCNmzD9a1DY="},"indexInfo":{"baseKey":"BVzhHsg4wXsgoL2OPJjFeE2hRanvNer/1ZHz5vGDlsdT","baseKeyType":1,"closed":-1,"used":1735219041154,"created":1735219041154,"remoteIdentityKey":"BSLfegpczy7NFDSt/8U+/SZmNjpl/dUZNzx7tLT3dTh2"},"_chains":{"BfJotnuutTzpvMwNiReXAPJ/8FmFtxap9EPuDwEvOuAa":{"chainKey":{"counter":0,"key":"snsX8PE4yZGHVAgDAy83mQ8Zk5+/1pH2LSymHG/f9dQ="},"chainType":1,"messageKeys":{}}},"pendingPreKey":{"signedKeyId":1,"baseKey":"BVzhHsg4wXsgoL2OPJjFeE2hRanvNer/1ZHz5vGDlsdT"}}},"version":"v1"}