{"_sessions":{"BSsbC5uWbxSNSs7E6xd//TQIbxno6GkexSBhBIKendhR":{"registrationId":1067319189,"currentRatchet":{"ephemeralKeyPair":{"pubKey":"BTMaBu3SYblQrZ5btE1WSPZgso0C/gzAsTIEmYhuugtT","privKey":"uGS/u8dZkuSYsna+925kjiSFCy/4CMVwsyHOLQIDWGA="},"lastRemoteEphemeralKey":"BYEp9iSROMJ9sfZvSAK8TIdLMIW1ALKivz+tI0l7d4As","previousCounter":0,"rootKey":"KCB8jkOpewqWAXAbS6eWxwzzLH0qRfiG/2G9hvxdf4c="},"indexInfo":{"baseKey":"BSsbC5uWbxSNSs7E6xd//TQIbxno6GkexSBhBIKendhR","baseKeyType":1,"closed":-1,"used":1735190233474,"created":1735190233474,"remoteIdentityKey":"BReGLhum39EOH+QV64mvwmEE9zEJAY1BXEwerWsMBxsG"},"_chains":{"BTMaBu3SYblQrZ5btE1WSPZgso0C/gzAsTIEmYhuugtT":{"chainKey":{"counter":3,"key":"Y1H+9JZoVybtUZvZyN0iEV7XUXlgqsaYYaF/Y3bEsjw="},"chainType":1,"messageKeys":{}}},"pendingPreKey":{"signedKeyId":1,"baseKey":"BSsbC5uWbxSNSs7E6xd//TQIbxno6GkexSBhBIKendhR","preKeyId":2236200}}},"version":"v1"}