{"_sessions":{"BYAiZJMp1Vizk3YCFf8JodvOgl40yI6bnqp7/8cVC/xW":{"registrationId":24,"currentRatchet":{"ephemeralKeyPair":{"pubKey":"BdcQZpwPWLWmrQq3S68HGVNRTI5fQcEFIz98DykGoRIR","privKey":"+Ngx7uBapLLIZV3Q2rYKMgvCGAoyW1xs6crocMAz3nA="},"lastRemoteEphemeralKey":"Bblz5+JW1eCnImL0VLLfVZ608yov3ydgnXYEDk4d7Wdh","previousCounter":0,"rootKey":"371nKPlH4xuKSpYtLMGmfi5OG68t3DHa3++CIJrjvsE="},"indexInfo":{"baseKey":"BYAiZJMp1Vizk3YCFf8JodvOgl40yI6bnqp7/8cVC/xW","baseKeyType":1,"closed":-1,"used":1735192788264,"created":1735192788264,"remoteIdentityKey":"BY7IiaLxT9bA6lKLLGgiZxrFFMToHCuIbWDRJbCFj5oD"},"_chains":{"BdcQZpwPWLWmrQq3S68HGVNRTI5fQcEFIz98DykGoRIR":{"chainKey":{"counter":0,"key":"gmwIGmBIG3pCp59SpxXDBQm7yKTeOXD6BDCMtPK9rEM="},"chainType":1,"messageKeys":{}}},"pendingPreKey":{"signedKeyId":1,"baseKey":"BYAiZJMp1Vizk3YCFf8JodvOgl40yI6bnqp7/8cVC/xW"}}},"version":"v1"}