{"_sessions":{"BfFCJv3ECSW2cVMCMebkBZjZwxr2cqItdxWeU6rKiokT":{"registrationId":15240,"currentRatchet":{"ephemeralKeyPair":{"pubKey":"BToH9kRdO+rrg2lz25qOfwa5MzkyYgrLftDavDwODxpR","privKey":"8FN3yeRWrCiCIDkxc3749wEamvSJM2v+XljJ+eO9P2Q="},"lastRemoteEphemeralKey":"BdGjAA6f/3lzgYWyhjSbpIHfhqm9MUZyzM/InWYV8oFv","previousCounter":0,"rootKey":"10qR/RtQE1oXKaI5baE68NzV2/wJp3bu4K2XcR69zbA="},"indexInfo":{"baseKey":"BfFCJv3ECSW2cVMCMebkBZjZwxr2cqItdxWeU6rKiokT","baseKeyType":1,"closed":-1,"used":1735190186003,"created":1735190186003,"remoteIdentityKey":"BQv/0nudrhjhwt9PsBGHZ0IqUUE/sXO6bS2jRPa6XLV/"},"_chains":{"BToH9kRdO+rrg2lz25qOfwa5MzkyYgrLftDavDwODxpR":{"chainKey":{"counter":1,"key":"6kfsYkwJJ3HCS3EwcR7DTs7+842xLBn50JD13oi4U24="},"chainType":1,"messageKeys":{}}},"pendingPreKey":{"signedKeyId":1,"baseKey":"BfFCJv3ECSW2cVMCMebkBZjZwxr2cqItdxWeU6rKiokT"}}},"version":"v1"}