{"_sessions":{"BS5/XNEAI0bfz+mBqF2vl7rvX0lUeIcl7L537wGTJpoL":{"registrationId":1205595613,"currentRatchet":{"ephemeralKeyPair":{"pubKey":"BSMRNLkijlOEkzD7rVOVc773oFjOs6dfbeHD9q8eI9Rb","privKey":"IERrmh9rpVARfLeU3rEV/X5cjv15lk5neAaHUPckMHU="},"lastRemoteEphemeralKey":"BdWYTlrJ/FcVHPirbjzjOQuZRo/fS/wOvD0DxOhVcFhr","previousCounter":0,"rootKey":"mlSoKnGUe1moULizFmGvz342cldtxxoVtN/MiDG8svo="},"indexInfo":{"baseKey":"BS5/XNEAI0bfz+mBqF2vl7rvX0lUeIcl7L537wGTJpoL","baseKeyType":1,"closed":-1,"used":1735193622083,"created":1735193622083,"remoteIdentityKey":"Bb+MtGQTrMAKKId9G4u9aepHKnuQFWvnsdEE9fEzkGRO"},"_chains":{"BSMRNLkijlOEkzD7rVOVc773oFjOs6dfbeHD9q8eI9Rb":{"chainKey":{"counter":0,"key":"Xhitt2wMcJPEvMJhVWYnHtydBYE+jrA69Bt7ZeYv2Ls="},"chainType":1,"messageKeys":{}}},"pendingPreKey":{"signedKeyId":2,"baseKey":"BS5/XNEAI0bfz+mBqF2vl7rvX0lUeIcl7L537wGTJpoL","preKeyId":6068730}}},"version":"v1"}