{"_sessions":{"BR7doX+UEb0sSgFQw8+CpW76e4hMAa41Zl50o4OBp39M":{"registrationId":173991054,"currentRatchet":{"ephemeralKeyPair":{"pubKey":"BcrYJ9FUlMSvT9J8F5dLCM8YqiUIsACmYohpQiCXCFR7","privKey":"gAKYSHUAdweawo+UFD0weRdotk4FqmJmj03i1VSYoGI="},"lastRemoteEphemeralKey":"BVcaD4shAJt0DiG/917CeF9ipwT5PETvh4186GjhdtoA","previousCounter":0,"rootKey":"FEiGdMVIbElQrCShiSuhDI0h+4pce8i5lNoByjzLJCU="},"indexInfo":{"baseKey":"BR7doX+UEb0sSgFQw8+CpW76e4hMAa41Zl50o4OBp39M","baseKeyType":1,"closed":-1,"used":1735190255679,"created":1735190255679,"remoteIdentityKey":"BTXCnZMW2fWmo9FCTvmWLiSmabrTzkQNikUhPjCpT8sO"},"_chains":{"BcrYJ9FUlMSvT9J8F5dLCM8YqiUIsACmYohpQiCXCFR7":{"chainKey":{"counter":1,"key":"qprtrA+nNJzE3WU8jtun4BcOjl1jN5DNO9darxHfBjw="},"chainType":1,"messageKeys":{}}},"pendingPreKey":{"signedKeyId":1,"baseKey":"BR7doX+UEb0sSgFQw8+CpW76e4hMAa41Zl50o4OBp39M"}}},"version":"v1"}