{"_sessions":{"Bdk50hFZpa/ntSBPtoYZA2M9yXUId1PAgg4BbE55LcsZ":{"registrationId":20,"currentRatchet":{"ephemeralKeyPair":{"pubKey":"BfxJBNbnCNQN+6hlfIpJuxEudMPMYnHmQbRO39ePhjNF","privKey":"OA3IiFlQ8pUKTf6ygZZT3Tgew50oxWlVHpi4O5ODCmQ="},"lastRemoteEphemeralKey":"BfOwUyZL0lunq9h1dbLL+pFqPxEzFNqF4V+gP/9sIDRp","previousCounter":0,"rootKey":"goTkVbWz+aZt8oRx4P1yaOTxXSBzquQuTud+5RokSSM="},"indexInfo":{"baseKey":"Bdk50hFZpa/ntSBPtoYZA2M9yXUId1PAgg4BbE55LcsZ","baseKeyType":1,"closed":-1,"used":1735123602463,"created":1735123602463,"remoteIdentityKey":"BVB5kg7yTWexu5x8xaKGECak0uROyESyiwoJoIfbXeM0"},"_chains":{"BfxJBNbnCNQN+6hlfIpJuxEudMPMYnHmQbRO39ePhjNF":{"chainKey":{"counter":0,"key":"Ax19f168ght8GcRgKL85rHQwnHReShueIOqA8PjeUf4="},"chainType":1,"messageKeys":{}}},"pendingPreKey":{"signedKeyId":1,"baseKey":"Bdk50hFZpa/ntSBPtoYZA2M9yXUId1PAgg4BbE55LcsZ"}}},"version":"v1"}