{"_sessions":{"Bd661K7hgwflK2cg+dI+4hE7kkBK/TxmLvDbyRaHkOBK":{"registrationId":179,"currentRatchet":{"ephemeralKeyPair":{"pubKey":"Bcla/LmUd1kU9aMCXGsvxrrWAJTc/IGV3V713S392ts1","privKey":"8IJ+lLtOLEe5m8Kzu5xAW4RegxbvlJ48miW51b1+qHo="},"lastRemoteEphemeralKey":"BTtaYt5kCvenQCtt0RQiRDTHcGVMwdY1V3EG7pJdHttR","previousCounter":0,"rootKey":"3sR/pgwCBSYOXIAWwdFZJudItNCKZ4yem4BFnDAHI3c="},"indexInfo":{"baseKey":"Bd661K7hgwflK2cg+dI+4hE7kkBK/TxmLvDbyRaHkOBK","baseKeyType":1,"closed":-1,"used":1735121448291,"created":1735121448291,"remoteIdentityKey":"BZJtjHGTpMbtSgg4z30K9JreuTMDkUG7WHQBBkvE215Q"},"_chains":{"Bcla/LmUd1kU9aMCXGsvxrrWAJTc/IGV3V713S392ts1":{"chainKey":{"counter":32,"key":"Ke6dUqoecuSBcOXMb1Pv59MClvJ4RG7Y+vSBWvrN1yc="},"chainType":1,"messageKeys":{}}},"pendingPreKey":{"signedKeyId":1,"baseKey":"Bd661K7hgwflK2cg+dI+4hE7kkBK/TxmLvDbyRaHkOBK"}}},"version":"v1"}