{"_sessions":{"BbHozGS3Cb0vCdZGXlePB/cmTe5+mF8XosPGl+3m3zVe":{"registrationId":153,"currentRatchet":{"ephemeralKeyPair":{"pubKey":"BULLryBznjKCB7as8hWzx+2aaceGMQ0x9FVgorntwokI","privKey":"gCKv2WZ6x80a6O9RmEmsG0mGd1LuU2Z4SjEnsxIHqXo="},"lastRemoteEphemeralKey":"BVXdaZhIMFyUx9mPmda09R/ckvYuNJw52FQvTcxJEdtb","previousCounter":0,"rootKey":"ZTU810jKjuejqNfBXACykALYN1GSDxCf8VPBZIk7t4A="},"indexInfo":{"baseKey":"BbHozGS3Cb0vCdZGXlePB/cmTe5+mF8XosPGl+3m3zVe","baseKeyType":1,"closed":-1,"used":1735190110657,"created":1735190110657,"remoteIdentityKey":"BaUjB66oNo0Y2zaj45b+r9frTC/R+lNoIAyqTndc0Gxd"},"_chains":{"BULLryBznjKCB7as8hWzx+2aaceGMQ0x9FVgorntwokI":{"chainKey":{"counter":1,"key":"lfMnWfSnQuoZSedJGiS1j3V1m0Tb8uib5Y8kVhEmSE0="},"chainType":1,"messageKeys":{}}},"pendingPreKey":{"signedKeyId":1,"baseKey":"BbHozGS3Cb0vCdZGXlePB/cmTe5+mF8XosPGl+3m3zVe"}}},"version":"v1"}