{"_sessions":{"BVAnvqAAZaaredafl1Wbvi+yZzrjhsxuwOZ6uz/xSTQh":{"registrationId":1168327126,"currentRatchet":{"ephemeralKeyPair":{"pubKey":"BaPXKEWa/4vVsmU+LgnVtKO4Pl2+oFkWiYQvmzwZRF8p","privKey":"4EgEvWquEkZbHJyRjiEdtcS4tuXY3qm32/eCE0jXclI="},"lastRemoteEphemeralKey":"Bdca+TPvSOjaW8riARoHFSHNKyPYmgHPbe3PtNVSlU9T","previousCounter":0,"rootKey":"VCUAJ+any3+2yc2PKDgPe4HcBVg7pgCo+aeepTOWxkk="},"indexInfo":{"baseKey":"BVAnvqAAZaaredafl1Wbvi+yZzrjhsxuwOZ6uz/xSTQh","baseKeyType":1,"closed":-1,"used":1735123665528,"created":1735123665528,"remoteIdentityKey":"BeHLViqXNhANH0zHB0m/cD7b0xebH+exGC3j4tYn0wMT"},"_chains":{"BaPXKEWa/4vVsmU+LgnVtKO4Pl2+oFkWiYQvmzwZRF8p":{"chainKey":{"counter":0,"key":"HTG9/VVdz1XN2F+prvRw60DdttZnwwoMd7xFdQMTKok="},"chainType":1,"messageKeys":{}}},"pendingPreKey":{"signedKeyId":0,"baseKey":"BVAnvqAAZaaredafl1Wbvi+yZzrjhsxuwOZ6uz/xSTQh"}}},"version":"v1"}