{"_sessions":{"BeLV/LpBwVl/+TOISqiH6+50P7eLw3gwrY4RQOvkk8N8":{"registrationId":74320372,"currentRatchet":{"ephemeralKeyPair":{"pubKey":"BTpY3iC2TOgpz0xGpif/QdVLQFxCaN6u945MO4DstOpM","privKey":"IOlfbxIGWaT2UIKS1qrXahB4sbUGRV4HDdRc8H1cWFY="},"lastRemoteEphemeralKey":"BRhW5MnDAMjGL+xBmbOG+AweTGDL8LsCP460pHxcQ+9Z","previousCounter":0,"rootKey":"ejM8zWFa1aF8on5kt6L7Xibt2Y8SnRMlTCxBKxl9Cu8="},"indexInfo":{"baseKey":"BeLV/LpBwVl/+TOISqiH6+50P7eLw3gwrY4RQOvkk8N8","baseKeyType":1,"closed":-1,"used":1735123622493,"created":1735123622493,"remoteIdentityKey":"BaflK5rcwnXu4zACbhWueDPqX/OmV3c/WME1cmXUdUQV"},"_chains":{"BTpY3iC2TOgpz0xGpif/QdVLQFxCaN6u945MO4DstOpM":{"chainKey":{"counter":0,"key":"TkLoBaMaVnWzeL2aNDFAtuFW5PrriPIWfdgR3Dotr54="},"chainType":1,"messageKeys":{}}},"pendingPreKey":{"signedKeyId":0,"baseKey":"BeLV/LpBwVl/+TOISqiH6+50P7eLw3gwrY4RQOvkk8N8","preKeyId":13520994}}},"version":"v1"}