{"_sessions":{"BQDnNmhlyQ5WC2HZPf2psZ3Uf7uZrSoYuRK4dVgFygsB":{"registrationId":1619714860,"currentRatchet":{"ephemeralKeyPair":{"pubKey":"BdE7zZKD2H0d2wRo5UFJKuPWXc5klbwpZaaOaHWt/Pod","privKey":"4MrsvghS7e5rTd9am4PZR1f+Th9mBtM9JdqX0bCBBlg="},"lastRemoteEphemeralKey":"BREUzn90LagVbCV3NlHv9xIKBi91CzTIrS0OeOr8fFMM","previousCounter":0,"rootKey":"uS2sslTgDFCr2G6JJw+2/uHCnhfs9L1g/gHTluE3je4="},"indexInfo":{"baseKey":"BQDnNmhlyQ5WC2HZPf2psZ3Uf7uZrSoYuRK4dVgFygsB","baseKeyType":1,"closed":-1,"used":1735230282700,"created":1735230282700,"remoteIdentityKey":"BUA55M0DE1niErc7Iruz+Z61qh75AxK9zZ2BOK/P7OQh"},"_chains":{"BdE7zZKD2H0d2wRo5UFJKuPWXc5klbwpZaaOaHWt/Pod":{"chainKey":{"counter":0,"key":"AL1CsZPWxj2g+9eMehG8Pxo8HJCN+zcONIIskyrrSwA="},"chainType":1,"messageKeys":{}}},"pendingPreKey":{"signedKeyId":15,"baseKey":"BQDnNmhlyQ5WC2HZPf2psZ3Uf7uZrSoYuRK4dVgFygsB","preKeyId":14836126}}},"version":"v1"}