{"_sessions":{"BeUOdvNKKnfzsGd0KVTSAg7GdOARVPUTbwWT+bv7c2wy":{"registrationId":224445879,"currentRatchet":{"ephemeralKeyPair":{"pubKey":"BdmACMgzpCKRvteUkLr4iwF5GkrjQCp4S/C3Ms1XTYFr","privKey":"qEfALiIOtLZ49lNxRqYiRu2y3QCZUU18k21nx98O4Fw="},"lastRemoteEphemeralKey":"BfsrE+RfQQ+2ade9JHfXKdDw4G3xor7STTwwnza/0nkc","previousCounter":0,"rootKey":"pNgTbAfTT1MEKBLSSpukuZEboQDfcRB/3KeqjJ9cX5Q="},"indexInfo":{"baseKey":"BeUOdvNKKnfzsGd0KVTSAg7GdOARVPUTbwWT+bv7c2wy","baseKeyType":1,"closed":-1,"used":1735123618100,"created":1735123618100,"remoteIdentityKey":"BepOGMm/JZcKdg+/CE4zSRZh3W6IVFh3DXs1VxrAGmFm"},"_chains":{"BdmACMgzpCKRvteUkLr4iwF5GkrjQCp4S/C3Ms1XTYFr":{"chainKey":{"counter":0,"key":"OQZQGbsXjf7+DlDYO9NyVuaWiO9Kb7SSACDum9IYtL8="},"chainType":1,"messageKeys":{}}},"pendingPreKey":{"signedKeyId":7,"baseKey":"BeUOdvNKKnfzsGd0KVTSAg7GdOARVPUTbwWT+bv7c2wy"}}},"version":"v1"}