{"_sessions":{"Bd5nSBC1H0b2S8+lSEqfhuMWu5iu3DxpyKQdhbdaiKY2":{"registrationId":1868664258,"currentRatchet":{"ephemeralKeyPair":{"pubKey":"BZ4KWUOGcKPrljf2oJr5RIDL2+e83FfajCi/OCZV+48I","privKey":"SFPz2jRj6K/pkp/1kakXJVL2gBcrVKxFHPLkqofxEVU="},"lastRemoteEphemeralKey":"Bbz20G0+BoZCc40V+6QhTSdJU7g+JyETwgTq6Q+piJ0Z","previousCounter":0,"rootKey":"2CxyNaOIJN/gDAZDg2mnigg+oqrZ15rZ6MVXKLJiUg4="},"indexInfo":{"baseKey":"Bd5nSBC1H0b2S8+lSEqfhuMWu5iu3DxpyKQdhbdaiKY2","baseKeyType":1,"closed":-1,"used":1735192888235,"created":1735192888235,"remoteIdentityKey":"BWs3aaRge63JKlwyvNe6jVRHiOf/0IUuJ3XWwR5Ze6k0"},"_chains":{"BZ4KWUOGcKPrljf2oJr5RIDL2+e83FfajCi/OCZV+48I":{"chainKey":{"counter":0,"key":"oLRtc9BBVIBl2aYUbCQgapFOkKAKOpESQwK9s2GRfZg="},"chainType":1,"messageKeys":{}}},"pendingPreKey":{"signedKeyId":1,"baseKey":"Bd5nSBC1H0b2S8+lSEqfhuMWu5iu3DxpyKQdhbdaiKY2","preKeyId":15938818}}},"version":"v1"}