{"_sessions":{"BVv6Uk0SbIn7i/bEoRJRcdhh47yFWqY72p6CSeU9NqEt":{"registrationId":16054,"currentRatchet":{"ephemeralKeyPair":{"pubKey":"BRoYzzVqko4xthRug9TZ1l7u3aj+DM+HooeONZljL406","privKey":"WFdAkqcsODWwSDlNYb3MAun4i+FMeRKEsOuak6uQ1VM="},"lastRemoteEphemeralKey":"Bc+K2Wj2E5ssYHWbZtPu1FFSH3YYQOO4ypZseVMB2upm","previousCounter":0,"rootKey":"cQZRNkBy1qcsT9ofza+K1s8Tn8HiSq+U6JXSLs4hqN4="},"indexInfo":{"baseKey":"BVv6Uk0SbIn7i/bEoRJRcdhh47yFWqY72p6CSeU9NqEt","baseKeyType":1,"closed":-1,"used":1735194704268,"created":1735194704268,"remoteIdentityKey":"BUnMvCB1dwyGic7RYGBn/zcGjuVRqLRO64J/yH871AMK"},"_chains":{"BRoYzzVqko4xthRug9TZ1l7u3aj+DM+HooeONZljL406":{"chainKey":{"counter":0,"key":"uKnHCb0TThLFD99W7bRZ5V65DK6OmEqkigOJWBOqeXs="},"chainType":1,"messageKeys":{}}},"pendingPreKey":{"signedKeyId":0,"baseKey":"BVv6Uk0SbIn7i/bEoRJRcdhh47yFWqY72p6CSeU9NqEt"}}},"version":"v1"}