{"_sessions":{"BYgBS3o8h5MpONJbPTIz03XVplSLgx2ZGSVJEMdEq01T":{"registrationId":1141631854,"currentRatchet":{"ephemeralKeyPair":{"pubKey":"BSmgpGvmxLmseidIvTaMWiExGTuMsTYPec6ngCduUKBC","privKey":"GDfBsSXsc6LYfJyb6Y1+oHhKKYuP6Xfj8GQ2ASOIKWY="},"lastRemoteEphemeralKey":"BYUKUS1HOz8lhGI7LBo615eg9DxtExBkXQxt0qHi/6Zw","previousCounter":0,"rootKey":"hGorW1n57HnICRAf1olAL4OKEhmwyaIcGJW4EJ8yHeA="},"indexInfo":{"baseKey":"BYgBS3o8h5MpONJbPTIz03XVplSLgx2ZGSVJEMdEq01T","baseKeyType":1,"closed":-1,"used":1735192826174,"created":1735192826174,"remoteIdentityKey":"BQuPHfWOFXL/4Wb1mIV7fjsw0nkQl/PMq08FgBgewWcP"},"_chains":{"BSmgpGvmxLmseidIvTaMWiExGTuMsTYPec6ngCduUKBC":{"chainKey":{"counter":0,"key":"c6X57fugx+3LXyPcGo6enKew0V7CELRc+/cKzWCxOWs="},"chainType":1,"messageKeys":{}}},"pendingPreKey":{"signedKeyId":1,"baseKey":"BYgBS3o8h5MpONJbPTIz03XVplSLgx2ZGSVJEMdEq01T","preKeyId":13271524}}},"version":"v1"}