{"_sessions":{"BR3Ert4hq02EX6acbcfNQohW5/F1GMLFATHLsJu0NoU0":{"registrationId":1401866519,"currentRatchet":{"ephemeralKeyPair":{"pubKey":"BY3xlWvgdN3LVTXkckRzEMmIvdFNehud71mtIysIH+ku","privKey":"aGo40AuwzU3RmTvBuolvvoX3TTLAQV9Cp4G1C52OElw="},"lastRemoteEphemeralKey":"BYKEL3yRRSdioehwhErIBKGwqafQEqbTJim4AXqLNVpX","previousCounter":0,"rootKey":"EIiJlBQ4gcFFa1TRW7AIrzz1jsxVjfzBBmBo27QgjaY="},"indexInfo":{"baseKey":"BR3Ert4hq02EX6acbcfNQohW5/F1GMLFATHLsJu0NoU0","baseKeyType":1,"closed":-1,"used":1735190133219,"created":1735190133219,"remoteIdentityKey":"BWKrX0+CJDfpvrNKna773utShXOw50XF0HOC0iW6jMlW"},"_chains":{"BY3xlWvgdN3LVTXkckRzEMmIvdFNehud71mtIysIH+ku":{"chainKey":{"counter":1,"key":"aVCAVuhwNY/8eKc2H9FlmdwP0+QgtqTYv13H9km97Ak="},"chainType":1,"messageKeys":{}}},"pendingPreKey":{"signedKeyId":5,"baseKey":"BR3Ert4hq02EX6acbcfNQohW5/F1GMLFATHLsJu0NoU0","preKeyId":14198537}}},"version":"v1"}