{"_sessions":{"Bf36wTi+7rrnkrXcQ/wjEW6iqUG9zb+YA9n9EOtXz7wq":{"registrationId":165160805,"currentRatchet":{"ephemeralKeyPair":{"pubKey":"BWbanH4cYTLBcSmr0DLTdcUhmhIKRUGH9d7dTYoYJ1cZ","privKey":"AIY/fR8EJdD6ebQhSQjdmCnqE41vF3tAOKzL+A2KM0g="},"lastRemoteEphemeralKey":"BZclbZ29ZEyq/6eTOrVQdRTL7P0pcBRDz2ulnQfrQOAx","previousCounter":0,"rootKey":"LEHw5KfySJbB2aJlaWP22I4/H148W/+huG2SVbPpRJA="},"indexInfo":{"baseKey":"Bf36wTi+7rrnkrXcQ/wjEW6iqUG9zb+YA9n9EOtXz7wq","baseKeyType":1,"closed":-1,"used":1735190185760,"created":1735190185760,"remoteIdentityKey":"BTZ9wTm1xclFEKv4rRxjfSpGWF7koJOYMpPZrxKSOABJ"},"_chains":{"BWbanH4cYTLBcSmr0DLTdcUhmhIKRUGH9d7dTYoYJ1cZ":{"chainKey":{"counter":1,"key":"8hbISyG7tb0dxPdSwAoCMYKdhF1U5K4D2vhhKw362o4="},"chainType":1,"messageKeys":{}}},"pendingPreKey":{"signedKeyId":1,"baseKey":"Bf36wTi+7rrnkrXcQ/wjEW6iqUG9zb+YA9n9EOtXz7wq"}}},"version":"v1"}