{"_sessions":{"BRfH8burW0eFKJRgoJmH1+yZaeA+uwV2rSaLzmstjz1f":{"registrationId":1101665804,"currentRatchet":{"ephemeralKeyPair":{"pubKey":"BSEoTKkE7cfSAzxDX4wFPUmqJNQoOMDFYRtdonKRDg8n","privKey":"WMHlMrMGo6gNW9N5AwtbbRtmBkxwd7miQUCNQlS0A1I="},"lastRemoteEphemeralKey":"BYcqC59j+qMgUsK5MlCcJdSRrAf+LxD75MDntAnVFst1","previousCounter":0,"rootKey":"GVMjX7h3cmPeSTyv13rwu2K0y+PS2Vs9tNCW43IE1sA="},"indexInfo":{"baseKey":"BRfH8burW0eFKJRgoJmH1+yZaeA+uwV2rSaLzmstjz1f","baseKeyType":1,"closed":-1,"used":1735190237870,"created":1735190237870,"remoteIdentityKey":"BcFZtuV3jlzlDy20ZX42tdd/PDcejgTM+Mgs+Ce2gmsT"},"_chains":{"BSEoTKkE7cfSAzxDX4wFPUmqJNQoOMDFYRtdonKRDg8n":{"chainKey":{"counter":1,"key":"X8Mqtho8/oGlo5uaHRQAa7LMd2YpL3cxlKB2okd2n5c="},"chainType":1,"messageKeys":{}}},"pendingPreKey":{"signedKeyId":0,"baseKey":"BRfH8burW0eFKJRgoJmH1+yZaeA+uwV2rSaLzmstjz1f"}}},"version":"v1"}