{"_sessions":{"BRqaCcS0rFpk783JaJbxzpOUNWgsA4Q5TnhMZpoEofhb":{"registrationId":57791610,"currentRatchet":{"ephemeralKeyPair":{"pubKey":"BasEhkF7Q2fOjT8IDmFqqqNe7NlaeegbaAcPig+6E9Ny","privKey":"sIk8HQvC6l7I22OV7UTm76/RmFb+VTGqWLp2+SpqyVE="},"lastRemoteEphemeralKey":"BZG8Nusa953ipUxxPkRPSJh/TCdyEeM3OEIWSlP30yQX","previousCounter":0,"rootKey":"t4c9d2vIZXqi2GI7sBllwjecMMeemiChc+/vADjKAWs="},"indexInfo":{"baseKey":"BRqaCcS0rFpk783JaJbxzpOUNWgsA4Q5TnhMZpoEofhb","baseKeyType":1,"closed":-1,"used":1735219045525,"created":1735219045525,"remoteIdentityKey":"BbMI+9LMUUkzXf39b5JNg4F490lZQQ81IvBYPo0BN2AS"},"_chains":{"BasEhkF7Q2fOjT8IDmFqqqNe7NlaeegbaAcPig+6E9Ny":{"chainKey":{"counter":0,"key":"gGVHGyIG59eSdoMcsZytn4KkJ2+UT5kzxqieJiGg3Eg="},"chainType":1,"messageKeys":{}}},"pendingPreKey":{"signedKeyId":1,"baseKey":"BRqaCcS0rFpk783JaJbxzpOUNWgsA4Q5TnhMZpoEofhb","preKeyId":2986079}}},"version":"v1"}