{"_sessions":{"BYMucHrQ/rhLY0SFqcmIcOoUtdObqvD2Hcg0UmyI0/gf":{"registrationId":235,"currentRatchet":{"ephemeralKeyPair":{"pubKey":"Bfj+olRc5gsbwhiycto57w0KUSN+oiiVa39kGnkiGvx+","privKey":"gFbD+aaH1Q5FaX84KMrAe1im8G2aa79tBhqXO2O8r10="},"lastRemoteEphemeralKey":"BU2PFlAxI6on4fW/Nhi/zzhCSKuHM6gc0gB1FU2n144I","previousCounter":0,"rootKey":"RG8EPHUgP0LQ0NwZtWTxMvwAga2HfDs1UV7lshwqld4="},"indexInfo":{"baseKey":"BYMucHrQ/rhLY0SFqcmIcOoUtdObqvD2Hcg0UmyI0/gf","baseKeyType":1,"closed":-1,"used":1735192802681,"created":1735192802681,"remoteIdentityKey":"BX9V2RsSkectYFyrPZQG35Tf2KVVye9kFbLuznkLTzk8"},"_chains":{"Bfj+olRc5gsbwhiycto57w0KUSN+oiiVa39kGnkiGvx+":{"chainKey":{"counter":0,"key":"eXeXZrxAjvULtlxzzJpCx+n6BnwrhrlQSPOv6ohFfG8="},"chainType":1,"messageKeys":{}}},"pendingPreKey":{"signedKeyId":1,"baseKey":"BYMucHrQ/rhLY0SFqcmIcOoUtdObqvD2Hcg0UmyI0/gf"}}},"version":"v1"}